task,candidate,feature,folds_present,mean,std,minimum,maximum,positive_folds,negative_folds
classification,logistic_c001,categorical__customer_state_AL,5,0.14679802096426614,0.024876414650334747,0.12407144084335334,0.17441140394627505,5,0
classification,logistic_c001,categorical__customer_state_AM,5,-0.03683154041423485,0.018805971974549633,-0.055028519226594984,-0.01682917174830741,0,5
classification,logistic_c001,categorical__customer_state_AP,5,-0.052585892613099275,0.00834289753676716,-0.0606777543555373,-0.042009369003904055,0,5
classification,logistic_c001,categorical__customer_state_BA,5,0.13766245698026439,0.023404809002101318,0.11643755628615368,0.1739681565567392,5,0
classification,logistic_c001,categorical__customer_state_CE,5,0.024162112513317683,0.021467743581968984,-0.003528884182006862,0.048936532709176896,4,1
classification,logistic_c001,categorical__customer_state_DF,5,0.003406640045872486,0.021870790479002637,-0.022200405579577066,0.024724712941153092,3,2
classification,logistic_c001,categorical__customer_state_ES,5,0.021299941610923887,0.028690433422723042,-0.011358253208679501,0.05439188024129002,4,1
classification,logistic_c001,categorical__customer_state_GO,5,-0.03521391446297045,0.03742016903521343,-0.07919043159330269,0.02042727631910758,1,4
classification,logistic_c001,categorical__customer_state_MA,5,0.07377492860787671,0.03618441520577634,0.01968703135099667,0.10985844682938266,5,0
classification,logistic_c001,categorical__customer_state_MG,5,-0.14638829973374856,0.013598599325586068,-0.15821799056218264,-0.12476954549507327,0,5
classification,logistic_c001,categorical__customer_state_MS,5,-0.02335667044369129,0.009992259412745492,-0.03559761860835051,-0.010184511286294868,0,5
classification,logistic_c001,categorical__customer_state_MT,5,-0.08721393923292838,0.02896244815412677,-0.11305061861273576,-0.03933508955493927,0,5
classification,logistic_c001,categorical__customer_state_PA,5,0.05661959608080634,0.022755149621359595,0.029787369394497096,0.09099267754604164,5,0
classification,logistic_c001,categorical__customer_state_PB,5,0.006715139908068346,0.01564912186348418,-0.01284595360960069,0.0246590457425716,3,2
classification,logistic_c001,categorical__customer_state_PE,5,-0.014511879863707227,0.02509302771482455,-0.03970096673578007,0.016124913717966483,2,3
classification,logistic_c001,categorical__customer_state_PI,5,0.03705909060626482,0.017779703224021896,0.0134282705262772,0.05782512140850965,5,0
classification,logistic_c001,categorical__customer_state_PR,5,-0.17949569453626021,0.016055024814996034,-0.19615558678633496,-0.15752364305565925,0,5
classification,logistic_c001,categorical__customer_state_RJ,5,0.3874293929894551,0.008325554132489872,0.37737923324739586,0.39856158907526984,5,0
classification,logistic_c001,categorical__customer_state_RN,5,-0.0996991158081704,0.013725427225553559,-0.11385473177502556,-0.08120405327624897,0,5
classification,logistic_c001,categorical__customer_state_RO,5,-0.036912784799476094,0.015988352867018198,-0.05664116422920657,-0.01320264126389947,0,5
classification,logistic_c001,categorical__customer_state_RR,5,0.0031316619044491818,0.01134481774083022,-0.00526955637859447,0.02190235542936493,2,3
classification,logistic_c001,categorical__customer_state_RS,5,-0.16266600576450307,0.0072919353184521,-0.1693528608346264,-0.15114495070682762,0,5
classification,logistic_c001,categorical__customer_state_SC,5,-0.004010742245087806,0.03374683115554487,-0.04828433815723369,0.03671244608761166,2,3
classification,logistic_c001,categorical__customer_state_SE,5,0.08566041039062905,0.029419457374182306,0.039372341918077106,0.11055280647320434,5,0
classification,logistic_c001,categorical__customer_state_SP,5,-0.0485072735776581,0.017038205993232913,-0.07287999216054182,-0.03196421120888585,0,5
classification,logistic_c001,categorical__customer_state_TO,5,-0.06612889491856863,0.026496826411718924,-0.10775503125818062,-0.04162014146405474,0,5
classification,logistic_c001,categorical__primary_category_agro_industry_and_commerce,5,0.010423029990406013,0.016975930430861996,-0.011663641491001814,0.02766326017998411,3,2
classification,logistic_c001,categorical__primary_category_air_conditioning,5,0.040773392540156106,0.01221513954131625,0.026503361531638,0.05595938403029552,5,0
classification,logistic_c001,categorical__primary_category_art,5,0.03185416134936965,0.01623905059223859,0.007649481641717538,0.05338295599172951,5,0
classification,logistic_c001,categorical__primary_category_arts_and_craftmanship,5,0.00028616123589428403,0.0059701837212551645,-0.008880221146256669,0.005101196665074229,3,2
classification,logistic_c001,categorical__primary_category_audio,5,0.11624104083494421,0.040144342191958234,0.07541380899742486,0.1794135454263243,5,0
classification,logistic_c001,categorical__primary_category_auto,5,0.05276475870127233,0.021314928783148543,0.024667415122187324,0.07867884839403856,5,0
classification,logistic_c001,categorical__primary_category_baby,5,0.08055744268030567,0.02188067062874592,0.050978211576292336,0.1088850722828751,5,0
classification,logistic_c001,categorical__primary_category_bed_bath_table,5,0.09662426554455388,0.014307111192370808,0.07408874948768256,0.11152979289974294,5,0
classification,logistic_c001,categorical__primary_category_books_general_interest,5,-0.11226843958049049,0.02748613481394405,-0.14908887691720502,-0.07357282991776846,0,5
classification,logistic_c001,categorical__primary_category_books_imported,5,0.0011210288747849858,0.016370490895379786,-0.01790881973098217,0.026289183328004385,2,3
classification,logistic_c001,categorical__primary_category_books_technical,5,-0.024465754192713844,0.012361191813925742,-0.04091929457554929,-0.012413833493194098,0,5
classification,logistic_c001,categorical__primary_category_cds_dvds_musicals,5,-0.011354068195450501,0.002173476822970979,-0.014537714068715592,-0.009168262740591323,0,5
classification,logistic_c001,categorical__primary_category_christmas_supplies,5,-0.007069218328781735,0.017116435894034665,-0.028571109142340394,0.018164873566306416,1,4
classification,logistic_c001,categorical__primary_category_cine_photo,5,0.006708653981952514,0.006225439562967905,-0.0017255823862552392,0.013234541694069487,4,1
classification,logistic_c001,categorical__primary_category_computers,5,-0.02858096717168615,0.03109235222776523,-0.0660622498711265,-0.0016407196107890705,0,5
classification,logistic_c001,categorical__primary_category_computers_accessories,5,0.17385355021180324,0.014088651377838329,0.1531179301375186,0.18561059727195445,5,0
classification,logistic_c001,categorical__primary_category_consoles_games,5,0.05605125278652397,0.032442797284373624,0.019245467774331605,0.10062271803135682,5,0
classification,logistic_c001,categorical__primary_category_construction_tools_construction,5,0.04202632124356449,0.036050490773956695,-0.005691081193919263,0.09418474956022384,4,1
classification,logistic_c001,categorical__primary_category_construction_tools_lights,5,-0.048454705096071915,0.010806109028069779,-0.062313266980209656,-0.03598148222921309,0,5
classification,logistic_c001,categorical__primary_category_construction_tools_safety,5,0.06564864627583972,0.019752359998703374,0.04205792675379709,0.08793675497640739,5,0
classification,logistic_c001,categorical__primary_category_cool_stuff,5,-0.11361988584751884,0.01006882635277012,-0.13118619908400028,-0.10707782700978676,0,5
classification,logistic_c001,categorical__primary_category_costruction_tools_garden,5,-0.030464642488385114,0.01509142086323395,-0.04819133119134578,-0.00888912572251445,0,5
classification,logistic_c001,categorical__primary_category_costruction_tools_tools,5,-0.02540673077281714,0.00503656907059677,-0.02987719612986853,-0.017451187532037685,0,5
classification,logistic_c001,categorical__primary_category_diapers_and_hygiene,5,0.015846126726738127,0.003679057831150621,0.01290411721008375,0.02220454642805447,5,0
classification,logistic_c001,categorical__primary_category_drinks,5,-0.004887830310465585,0.011017998707798822,-0.012859865248074849,0.014312737432888306,1,4
classification,logistic_c001,categorical__primary_category_dvds_blu_ray,5,0.0360703633120281,0.008949692671152037,0.024243685054739627,0.04894899379797014,5,0
classification,logistic_c001,categorical__primary_category_electronics,5,-0.0010926345529013056,0.01075435119833529,-0.01145963127626248,0.012143082061411016,2,3
classification,logistic_c001,categorical__primary_category_fashio_female_clothing,5,0.0001424274722128917,0.0152107642132355,-0.0246174017581137,0.011382105402049458,3,2
classification,logistic_c001,categorical__primary_category_fashion_bags_accessories,5,-0.09034926016688309,0.015536611915863852,-0.1053337644899587,-0.06736975444649046,0,5
classification,logistic_c001,categorical__primary_category_fashion_childrens_clothes,5,0.0015751589256441886,0.003484618074065867,-0.004154322788236678,0.005245591895494805,4,1
classification,logistic_c001,categorical__primary_category_fashion_male_clothing,5,0.10844423921161195,0.027140547119080673,0.060474824589137624,0.12760451542598153,5,0
classification,logistic_c001,categorical__primary_category_fashion_shoes,5,-0.02113090904472076,0.012398137450014087,-0.0366628718457998,-0.004702986519726295,0,5
classification,logistic_c001,categorical__primary_category_fashion_sport,5,-0.00027689494874812983,0.004829099404347693,-0.005655390333353366,0.006802137168147097,2,3
classification,logistic_c001,categorical__primary_category_fashion_underwear_beach,5,0.054854896230427,0.01129978363781131,0.03936974949970812,0.07048497447234252,5,0
classification,logistic_c001,categorical__primary_category_fixed_telephony,5,0.05212898080231132,0.02728045342840826,0.02661563860855506,0.09110190643837354,5,0
classification,logistic_c001,categorical__primary_category_flowers,5,-0.015461532942983502,0.006313412002122964,-0.0265984143688402,-0.01090995368311108,0,5
classification,logistic_c001,categorical__primary_category_food,5,-0.007110140491684888,0.01886446813360377,-0.032395766004815696,0.011393644444059233,3,2
classification,logistic_c001,categorical__primary_category_food_drink,5,-0.10712644999692393,0.021617211354935283,-0.13670292937703757,-0.08160476216178618,0,5
classification,logistic_c001,categorical__primary_category_furniture_bedroom,5,0.026485959380487357,0.017917384858080154,0.0007124550558657586,0.046143798266437996,5,0
classification,logistic_c001,categorical__primary_category_furniture_decor,5,0.05741591051648892,0.020429087630296147,0.023558861165919112,0.07500199418943532,5,0
classification,logistic_c001,categorical__primary_category_furniture_living_room,5,0.011463262948272709,0.014868780814738771,-0.013508947168611545,0.02355377691435191,4,1
classification,logistic_c001,categorical__primary_category_furniture_mattress_and_upholstery,5,0.012220642527246315,0.014248067057167047,-0.011018619717233504,0.024304775970452663,4,1
classification,logistic_c001,categorical__primary_category_garden_tools,5,-0.1127657879240566,0.01576210262807275,-0.12891758615472837,-0.08641316313000343,0,5
classification,logistic_c001,categorical__primary_category_health_beauty,5,-0.0580266957372112,0.00756418451761334,-0.06810555886439243,-0.05031182012693379,0,5
classification,logistic_c001,categorical__primary_category_home_appliances,5,-0.0145168777887909,0.0202329127474526,-0.04650415820645309,0.006345843155747706,1,4
classification,logistic_c001,categorical__primary_category_home_appliances_2,5,-0.033007736481437275,0.013066110782003518,-0.042415951311745075,-0.013305437125507745,0,5
classification,logistic_c001,categorical__primary_category_home_comfort_2,5,0.0042598741531770234,0.005247877440762838,-0.0015689732458400451,0.008332796424710938,3,2
classification,logistic_c001,categorical__primary_category_home_confort,5,0.055830225230730654,0.028769437483519962,0.007706988417369157,0.07907293606302258,5,0
classification,logistic_c001,categorical__primary_category_home_construction,5,0.029146125440021355,0.02108360863319284,0.005038388184691038,0.06244255688044278,5,0
classification,logistic_c001,categorical__primary_category_housewares,5,-0.036333683777860414,0.017551713413225128,-0.05834810840228937,-0.01711391785686347,0,5
classification,logistic_c001,categorical__primary_category_industry_commerce_and_business,5,-0.06214876716385813,0.017328541581792575,-0.07611515464787133,-0.03492943291977185,0,5
classification,logistic_c001,categorical__primary_category_kitchen_dining_laundry_garden_furniture,5,-0.015765120182249643,0.009914252379657304,-0.029274040892435824,-0.004390908097865447,0,5
classification,logistic_c001,categorical__primary_category_la_cuisine,5,-0.005663319713100682,0.0012587518979033346,-0.0069115287369281115,-0.003667238301200159,0,5
classification,logistic_c001,categorical__primary_category_luggage_accessories,5,-0.14797168814722572,0.016071801050915036,-0.1681536849890646,-0.133455630268809,0,5
classification,logistic_c001,categorical__primary_category_market_place,5,-0.009625243722014511,0.012823891325279764,-0.02009619663492468,0.012306926401221533,1,4
classification,logistic_c001,categorical__primary_category_music,5,-0.02352387389063107,0.005106150908327492,-0.03208298361604596,-0.01905796470479791,0,5
classification,logistic_c001,categorical__primary_category_musical_instruments,5,-0.0404221469715031,0.01342327888588264,-0.054462991122220944,-0.022450879829747986,0,5
classification,logistic_c001,categorical__primary_category_office_furniture,5,0.19462494784736523,0.01668789991359016,0.16992672041245951,0.21488535588088148,5,0
classification,logistic_c001,categorical__primary_category_party_supplies,5,0.018876319253138322,0.02081301490042283,-0.01690006941629989,0.03389688992267449,4,1
classification,logistic_c001,categorical__primary_category_perfumery,5,-0.02121632531315369,0.023773315744967424,-0.04469020003655505,0.004743928666061973,2,3
classification,logistic_c001,categorical__primary_category_pet_shop,5,-0.09718366410939702,0.02613710904673225,-0.12145192189617672,-0.0661524384997349,0,5
classification,logistic_c001,categorical__primary_category_security_and_services,5,0.006321317741884049,0.004518777914676959,-0.0016426976583375082,0.00964859586785265,4,1
classification,logistic_c001,categorical__primary_category_signaling_and_security,5,-0.028401042043060414,0.009841176809264263,-0.041967412019982296,-0.016580111685675844,0,5
classification,logistic_c001,categorical__primary_category_small_appliances,5,0.003895773560937858,0.007582522986921855,-0.004833525530535896,0.012744404288599716,3,2
classification,logistic_c001,categorical__primary_category_small_appliances_home_oven_and_coffee,5,-0.01813719723503648,0.009962889193129544,-0.026126410539592325,-0.003243834940120561,0,5
classification,logistic_c001,categorical__primary_category_sports_leisure,5,-0.05993281117271061,0.01977707555937113,-0.08028948092123407,-0.029839700471311806,0,5
classification,logistic_c001,categorical__primary_category_stationery,5,-0.15658036952516882,0.01470865466389181,-0.17378944804077456,-0.1389166579946233,0,5
classification,logistic_c001,categorical__primary_category_tablets_printing_image,5,-0.007890497317836396,0.00794852191278245,-0.018476883644337937,0.0007255433796839877,1,4
classification,logistic_c001,categorical__primary_category_telephony,5,0.11352453623132827,0.009457160615394285,0.10301410509314492,0.12391050261394551,5,0
classification,logistic_c001,categorical__primary_category_toys,5,-0.07227292015276514,0.02947169341693564,-0.1043305672271153,-0.023821878456527768,0,5
classification,logistic_c001,categorical__primary_category_watches_gifts,5,0.08231234345141338,0.016777150228749448,0.056626237462378284,0.10359439277234074,5,0
classification,logistic_c001,categorical__primary_payment_type_boleto,5,-0.019074945830091596,0.013742963712872371,-0.033672599272221514,-0.0030590574843082042,0,5
classification,logistic_c001,categorical__primary_payment_type_credit_card,5,-0.03536576791442593,0.01489216150956192,-0.05608495758807259,-0.02067847055313952,0,5
classification,logistic_c001,categorical__primary_payment_type_debit_card,5,-0.05278864002602688,0.028288732792343944,-0.09721949797846441,-0.026990464614717356,0,5
classification,logistic_c001,categorical__primary_payment_type_voucher,5,0.07485110435819282,0.025548750132129244,0.045734846042644585,0.10119856935146543,5,0
classification,logistic_c001,categorical__primary_seller_state_AM,3,0.00491902547186395,0.00020837114567320107,0.004688387597871402,0.005093700644078697,3,0
classification,logistic_c001,categorical__primary_seller_state_BA,5,-0.04001681142740666,0.012934144696442103,-0.056973957081979484,-0.028236432121734146,0,5
classification,logistic_c001,categorical__primary_seller_state_CE,5,0.003470228772659669,0.01075459477247514,-0.009159217713453077,0.019309000726601386,3,2
classification,logistic_c001,categorical__primary_seller_state_DF,5,0.09146830780348573,0.02799790921932758,0.04701600642807064,0.1202131845917785,5,0
classification,logistic_c001,categorical__primary_seller_state_ES,5,0.010749154574349183,0.025868448126720203,-0.017686568250774186,0.03895227354835566,3,2
classification,logistic_c001,categorical__primary_seller_state_GO,5,-0.0795141377080335,0.017944147561860926,-0.09384473357159691,-0.05255718190719816,0,5
classification,logistic_c001,categorical__primary_seller_state_MA,5,0.13110657591265193,0.0179381615807662,0.1154012924482292,0.1612988121804707,5,0
classification,logistic_c001,categorical__primary_seller_state_MG,5,-0.05559291629507139,0.01395433102076297,-0.07407239938127516,-0.039272286247613315,0,5
classification,logistic_c001,categorical__primary_seller_state_MS,5,-0.012936139697399074,0.009649285153820505,-0.025278947868505344,-0.0021698235570536874,0,5
classification,logistic_c001,categorical__primary_seller_state_MT,5,-0.06446623040771564,0.009990173429577393,-0.08184095257686155,-0.05753610880458185,0,5
classification,logistic_c001,categorical__primary_seller_state_PA,5,-0.005556487461218872,0.0017496501239597337,-0.007216257216886973,-0.0026499747587819286,0,5
classification,logistic_c001,categorical__primary_seller_state_PB,5,0.008729744750035377,0.00901841881804219,-0.00024902760658703654,0.023547777510351496,4,1
classification,logistic_c001,categorical__primary_seller_state_PE,5,-0.13690922299769118,0.015269882333300436,-0.15553033072713116,-0.11495822401163393,0,5
classification,logistic_c001,categorical__primary_seller_state_PI,5,0.004605646922902789,0.005275958326891259,-0.0014526268314055913,0.011528309291677256,4,1
classification,logistic_c001,categorical__primary_seller_state_PR,5,-0.0011461524867735107,0.013203666987178092,-0.013693955335369235,0.02043882713989334,2,3
classification,logistic_c001,categorical__primary_seller_state_RJ,5,0.06272214654923468,0.01946877198190932,0.04553602533019793,0.09204667479273423,5,0
classification,logistic_c001,categorical__primary_seller_state_RN,5,-0.005406453490891672,0.008209289863476247,-0.01636970048395107,0.006699043019033744,1,4
classification,logistic_c001,categorical__primary_seller_state_RO,5,0.008221171093398478,0.005592142791107589,0.002674970042751574,0.014602861856264604,5,0
classification,logistic_c001,categorical__primary_seller_state_RS,5,-0.20547671923484714,0.030709248395036862,-0.24953677839669627,-0.17256503496767625,0,5
classification,logistic_c001,categorical__primary_seller_state_SC,5,0.014446141204376164,0.02379354817192558,-0.01759609605222244,0.03798605488111307,3,2
classification,logistic_c001,categorical__primary_seller_state_SE,5,0.001239967176285119,0.005118137643629833,-0.007652649625989969,0.005289375872537348,4,1
classification,logistic_c001,categorical__primary_seller_state_SP,5,0.22341216916529816,0.010708974248356776,0.210723438427944,0.23433470077217455,5,0
classification,logistic_c001,categorical__primary_seller_state_Unknown,5,0.002905123109126587,0.00011103632206881855,0.0028019516389933535,0.0030629161476713007,5,0
classification,logistic_c001,categorical__purchase_dayofweek_1,5,-0.020014076391625134,0.021523406837032046,-0.04364660546269841,0.011823091850468943,1,4
classification,logistic_c001,categorical__purchase_dayofweek_2,5,-0.05489821961030481,0.014834130190021399,-0.07362145928163419,-0.03685846144458697,0,5
classification,logistic_c001,categorical__purchase_dayofweek_3,5,-0.02705273720471485,0.016986318591213023,-0.05035851130032122,-0.007542473112778957,0,5
classification,logistic_c001,categorical__purchase_dayofweek_4,5,0.04373621701732868,0.01630643230491258,0.023970088678102963,0.06167927455887313,5,0
classification,logistic_c001,categorical__purchase_dayofweek_5,5,-0.02641233635382259,0.01668977713073382,-0.04937565676918365,-0.004690707050745881,0,5
classification,logistic_c001,categorical__purchase_dayofweek_6,5,-0.0071369834288650446,0.023331947277926753,-0.037792389624271845,0.023545643193755465,2,3
classification,logistic_c001,categorical__purchase_hour_1,5,0.06860067671043671,0.022483864952852844,0.03811356240461315,0.09054058762718677,5,0
classification,logistic_c001,categorical__purchase_hour_10,5,-0.01881235919626071,0.03213696324150407,-0.056171311692571106,0.03126382758615762,1,4
classification,logistic_c001,categorical__purchase_hour_11,5,-0.033296080283808684,0.01972888408075343,-0.0521762429089875,-0.006319128316640213,0,5
classification,logistic_c001,categorical__purchase_hour_12,5,0.021147883697259968,0.02003335857586825,-0.0022533620689279923,0.04526539864152505,4,1
classification,logistic_c001,categorical__purchase_hour_13,5,-0.06573173833224162,0.016554329385396208,-0.0828811313738578,-0.04597291755849979,0,5
classification,logistic_c001,categorical__purchase_hour_14,5,-0.03287238957575729,0.015866034799208367,-0.051022354807719134,-0.014927131708378095,0,5
classification,logistic_c001,categorical__purchase_hour_15,5,-0.010682294563616138,0.026092352047801328,-0.039404897852832674,0.01905238996853116,2,3
classification,logistic_c001,categorical__purchase_hour_16,5,-0.03177265526379157,0.011718376665237732,-0.04629639406407405,-0.01436082154832635,0,5
classification,logistic_c001,categorical__purchase_hour_17,5,-0.052817449978451836,0.021758403772451612,-0.08932115875913549,-0.03562868561635796,0,5
classification,logistic_c001,categorical__purchase_hour_18,5,0.043242801129686315,0.012569340020370945,0.0331299766865891,0.05971131045128255,5,0
classification,logistic_c001,categorical__purchase_hour_19,5,0.04310621886917933,0.014187955268390165,0.029588991277123083,0.06703684453655288,5,0
classification,logistic_c001,categorical__purchase_hour_2,5,0.017072664790246113,0.02207147464109653,0.0009536891263366067,0.04593365788994558,5,0
classification,logistic_c001,categorical__purchase_hour_20,5,-0.020871024527754623,0.014396650598135921,-0.032694364745553914,0.0028940756477876385,1,4
classification,logistic_c001,categorical__purchase_hour_21,5,0.005067100228659106,0.023052916510545363,-0.02111288768896371,0.028569649513425277,3,2
classification,logistic_c001,categorical__purchase_hour_22,5,-0.07894894698214133,0.030654986482471294,-0.11949277070041785,-0.05211705414499465,0,5
classification,logistic_c001,categorical__purchase_hour_23,5,0.022681980900446187,0.019957827363479046,-0.005948448135088686,0.04824954608986805,4,1
classification,logistic_c001,categorical__purchase_hour_3,5,-0.0614720097074408,0.014598266202838727,-0.08350141959185749,-0.043562389407893795,0,5
classification,logistic_c001,categorical__purchase_hour_4,5,0.057432078272509804,0.022929740431580366,0.023767588604603013,0.08681546115961707,5,0
classification,logistic_c001,categorical__purchase_hour_5,5,-0.004308003446736993,0.01052040687838103,-0.011610051485271344,0.013903339623107788,1,4
classification,logistic_c001,categorical__purchase_hour_6,5,0.050047164594388446,0.02400125986665148,0.01901770451088161,0.08065750925020317,5,0
classification,logistic_c001,categorical__purchase_hour_7,5,-0.08561383296852258,0.013505280000294164,-0.10204154233457106,-0.0714401722368987,0,5
classification,logistic_c001,categorical__purchase_hour_8,5,-0.0748199380526838,0.006341775476741516,-0.0801570270181432,-0.06512924501484521,0,5
classification,logistic_c001,categorical__purchase_hour_9,5,-0.06861977842808176,0.01810720839660299,-0.09554127332006232,-0.05288500645908373,0,5
classification,logistic_c001,categorical__purchase_month_10,5,-0.12144677299098672,0.005080095104414992,-0.12647914017905354,-0.1137055918620834,0,5
classification,logistic_c001,categorical__purchase_month_11,5,0.23355159409960988,0.010065464541826809,0.22236357723916594,0.24515090564301356,5,0
classification,logistic_c001,categorical__purchase_month_12,5,0.13483733187546504,0.022721993062763284,0.09951022384623724,0.16301180616167685,5,0
classification,logistic_c001,categorical__purchase_month_2,5,0.3084949160222342,0.014949863880198972,0.2983641130629941,0.3346640672906016,5,0
classification,logistic_c001,categorical__purchase_month_3,5,0.37685563094420643,0.02736797355575772,0.341229849961225,0.4136019169261318,5,0
classification,logistic_c001,categorical__purchase_month_4,5,-0.05837369975841646,0.01157623950200225,-0.07325310185207702,-0.04085147219986809,0,5
classification,logistic_c001,categorical__purchase_month_5,5,-0.1748270830421234,0.009943061157423395,-0.18290339692021745,-0.1591099812507985,0,5
classification,logistic_c001,categorical__purchase_month_6,5,-0.23396846331639515,0.011249397933822763,-0.24503853971193124,-0.22082196060324225,0,5
classification,logistic_c001,categorical__purchase_month_7,5,-0.2546069986040337,0.02612886322632852,-0.2974638373683494,-0.23224817084314955,0,5
classification,logistic_c001,categorical__purchase_month_8,5,-0.2509097492543494,0.01840446906108207,-0.279230021089629,-0.23413933411805454,0,5
classification,logistic_c001,categorical__purchase_month_9,5,-0.17353596334930957,0.008162388607668361,-0.18417235856807013,-0.1632892774663402,0,5
classification,logistic_c001,numeric__category_missing_fraction,5,0.051833631138974656,0.009401189373940914,0.03723990606200277,0.06292162625898659,5,0
classification,logistic_c001,numeric__distance_km_max,5,0.07426349935882177,0.004532443621835092,0.06637910261811476,0.07741950122133537,5,0
classification,logistic_c001,numeric__distance_missing_fraction,5,-0.0028290304614748186,0.01906139850982557,-0.03260621772883473,0.013882128991326174,3,2
classification,logistic_c001,numeric__freight_ratio,5,0.010404602108409686,0.004461896706699788,0.0030201377102739247,0.013869103059224078,5,0
classification,logistic_c001,numeric__freight_ratio_missing,5,0.03619327158451587,0.0016822910904700187,0.033661835051714765,0.03824928582408487,5,0
classification,logistic_c001,numeric__has_items,5,-0.03619327158451609,0.0016822910904701514,-0.038249285824084836,-0.03366183505171433,0,5
classification,logistic_c001,numeric__interstate_share,5,0.07927185041295029,0.01153409977787585,0.060635850612657645,0.09103366422694209,5,0
classification,logistic_c001,numeric__missingindicator_category_missing_fraction,5,0.03619327158451587,0.0016822910904700187,0.033661835051714765,0.03824928582408487,5,0
classification,logistic_c001,numeric__missingindicator_distance_km_max,5,-0.009101129123411716,0.022627243470318435,-0.03350511917398943,0.023682516607386652,2,3
classification,logistic_c001,numeric__missingindicator_distance_missing_fraction,5,0.03619327158451587,0.0016822910904700187,0.033661835051714765,0.03824928582408487,5,0
classification,logistic_c001,numeric__missingindicator_freight_ratio,5,0.03619327158451587,0.0016822910904700187,0.033661835051714765,0.03824928582408487,5,0
classification,logistic_c001,numeric__missingindicator_interstate_share,5,0.03619327158451587,0.0016822910904700187,0.033661835051714765,0.03824928582408487,5,0
classification,logistic_c001,numeric__missingindicator_payment_installments_max,5,-0.010812555355937423,0.004612060382091135,-0.013902925932867771,-0.0030072969804570736,0,5
classification,logistic_c001,numeric__missingindicator_total_freight,5,0.03619327158451587,0.0016822910904700187,0.033661835051714765,0.03824928582408487,5,0
classification,logistic_c001,numeric__missingindicator_total_price,5,0.03619327158451587,0.0016822910904700187,0.033661835051714765,0.03824928582408487,5,0
classification,logistic_c001,numeric__missingindicator_total_volume_cm3,5,0.03911164404876853,0.0008407890483886843,0.037701582993582346,0.03978814444296774,5,0
classification,logistic_c001,numeric__missingindicator_total_weight_g,5,0.02873196460991357,0.0018029077376335919,0.026276172516749328,0.031187882650759245,5,0
classification,logistic_c001,numeric__missingindicator_volume_missing_fraction,5,0.03619327158451587,0.0016822910904700187,0.033661835051714765,0.03824928582408487,5,0
classification,logistic_c001,numeric__missingindicator_weight_missing_fraction,5,0.03619327158451587,0.0016822910904700187,0.033661835051714765,0.03824928582408487,5,0
classification,logistic_c001,numeric__n_categories,5,-0.00011007152859274158,0.009518846512467337,-0.009091386172478292,0.014736682080525624,2,3
classification,logistic_c001,numeric__n_items,5,0.1619261069080295,0.006939011364624333,0.15338069288630632,0.17202445344071213,5,0
classification,logistic_c001,numeric__n_payment_methods,5,-0.01748096420798918,0.008316085161034922,-0.025103123236383355,-0.006944853873427767,0,5
classification,logistic_c001,numeric__n_products,5,0.03398245938312186,0.00583538461857003,0.025277427093496924,0.03883787272870142,5,0
classification,logistic_c001,numeric__n_sellers,5,0.16490725167572565,0.006873950464857475,0.1570630489671541,0.17359740252888514,5,0
classification,logistic_c001,numeric__payment_installments_max,5,0.052393736199091476,0.007393344000594485,0.03994725145655308,0.05778917955523473,5,0
classification,logistic_c001,numeric__payment_missing,5,0.015998991336798225,0.015128048184368284,-0.0030072969804570736,0.039267310203017824,4,1
classification,logistic_c001,numeric__total_freight,5,0.022194315301134686,0.006964622891965326,0.016447138002487472,0.03433327063978066,5,0
classification,logistic_c001,numeric__total_price,5,0.042554041831784045,0.005355994481558705,0.036089596085758284,0.050868014799458613,5,0
classification,logistic_c001,numeric__total_volume_cm3,5,0.026374715024798677,0.013134362922182969,0.012143913746105982,0.04133954603748968,5,0
classification,logistic_c001,numeric__total_weight_g,5,0.012428978806758334,0.01317840498612834,-0.002639846777631706,0.028308984397532867,4,1
classification,logistic_c001,numeric__volume_missing_fraction,5,0.02085149789730621,0.005179488023682131,0.013461634156390375,0.027766145412166383,5,0
classification,logistic_c001,numeric__weight_missing_fraction,5,-0.03726188784635852,0.003346419396381091,-0.04188325953219185,-0.03292402967851122,0,5
classification,logistic_c01,categorical__customer_state_AL,5,0.37880859932114747,0.06041820653012617,0.32597702832065506,0.4606053038969024,5,0
classification,logistic_c01,categorical__customer_state_AM,5,-0.17181246046165335,0.09004112024893222,-0.26510802375217757,-0.07927691189791965,0,5
classification,logistic_c01,categorical__customer_state_AP,5,-0.29076160588284383,0.04945669519254902,-0.3571854182578531,-0.23278100146618186,0,5
classification,logistic_c01,categorical__customer_state_BA,5,0.17203647518553117,0.031865312868953014,0.14166310474219337,0.2187088296380608,5,0
classification,logistic_c01,categorical__customer_state_CE,5,0.059266373464827125,0.039710707471676786,0.013827724192882243,0.10589171210733728,5,0
classification,logistic_c01,categorical__customer_state_DF,5,-0.01590094225744826,0.03604055851973874,-0.060034030429824,0.0327494280023291,2,3
classification,logistic_c01,categorical__customer_state_ES,5,0.014668012325632552,0.05787091803455716,-0.05207261845311648,0.08324491591163484,3,2
classification,logistic_c01,categorical__customer_state_GO,5,-0.07841382118582434,0.06069032056194856,-0.13033110346047536,0.021047815771025588,1,4
classification,logistic_c01,categorical__customer_state_MA,5,0.14732836879826902,0.06086460123415124,0.04934656966995869,0.19490447491739624,5,0
classification,logistic_c01,categorical__customer_state_MG,5,-0.18237583462744494,0.02147449256710882,-0.19995406146273031,-0.15080048460046314,0,5
classification,logistic_c01,categorical__customer_state_MS,5,-0.049210970265506346,0.03504358371399533,-0.08164209075170989,-0.0018001451350282837,0,5
classification,logistic_c01,categorical__customer_state_MT,5,-0.16013280519360357,0.06551432986646631,-0.217795524159774,-0.04913136255930113,0,5
classification,logistic_c01,categorical__customer_state_PA,5,0.11434016644797293,0.047533927222530796,0.0731063893683895,0.19082286977394528,5,0
classification,logistic_c01,categorical__customer_state_PB,5,0.0278043236131856,0.04012102023261489,-0.026098025611028024,0.07074216601211053,4,1
classification,logistic_c01,categorical__customer_state_PE,5,-0.013600323301402348,0.04113231076201661,-0.05071704897807828,0.03994530138311586,2,3
classification,logistic_c01,categorical__customer_state_PI,5,0.0996920867259419,0.048252555430716465,0.03600205342527586,0.15376394328095547,5,0
classification,logistic_c01,categorical__customer_state_PR,5,-0.241749720024578,0.024484334614338212,-0.28329655879221344,-0.21807438716319671,0,5
classification,logistic_c01,categorical__customer_state_RJ,5,0.3933724680339867,0.015675322182092766,0.38203551061895114,0.42027339961566107,5,0
classification,logistic_c01,categorical__customer_state_RN,5,-0.2635820663356724,0.04138124388095928,-0.30806121668051456,-0.21114534177533995,0,5
classification,logistic_c01,categorical__customer_state_RO,5,-0.13981609674655876,0.06775861112769138,-0.222778281010894,-0.04070676287823046,0,5
classification,logistic_c01,categorical__customer_state_RR,5,0.021258279278085098,0.0630128038471631,-0.022868166560463078,0.12533781577990882,2,3
classification,logistic_c01,categorical__customer_state_RS,5,-0.20667205478092612,0.016739702599816123,-0.2268107232020544,-0.19181261825413481,0,5
classification,logistic_c01,categorical__customer_state_SC,5,-0.020293991737490143,0.049088310809507145,-0.07041966306036897,0.03467996564650136,2,3
classification,logistic_c01,categorical__customer_state_SE,5,0.25802317516498885,0.07738732168575803,0.13295116389850561,0.3261785890512301,5,0
classification,logistic_c01,categorical__customer_state_SP,5,-0.07003162515497882,0.03423906470826974,-0.11772781064926777,-0.033086329545207856,0,5
classification,logistic_c01,categorical__customer_state_TO,5,-0.25863958278697563,0.10251846290329904,-0.42059776573314456,-0.16660205207862866,0,5
classification,logistic_c01,categorical__primary_category_agro_industry_and_commerce,5,0.03949602217292324,0.07513024300957022,-0.05682397453136702,0.1202396259560257,3,2
classification,logistic_c01,categorical__primary_category_air_conditioning,5,0.14633612239050317,0.053035744406960246,0.08335193657397846,0.20618466689188378,5,0
classification,logistic_c01,categorical__primary_category_art,5,0.1392549441414657,0.07019209456369574,0.03478328228488172,0.23239538657816144,5,0
classification,logistic_c01,categorical__primary_category_arts_and_craftmanship,5,0.003878939786117387,0.03802295390777858,-0.055188885325849805,0.03347271705272782,3,2
classification,logistic_c01,categorical__primary_category_audio,5,0.35869841952399045,0.12013609426455484,0.222113799456777,0.5374531346951592,5,0
classification,logistic_c01,categorical__primary_category_auto,5,0.059411096908229835,0.031199332422331014,0.015958282683236888,0.0964326548913042,5,0
classification,logistic_c01,categorical__primary_category_baby,5,0.11474236888402027,0.03919120655537509,0.05698394083446824,0.16636328960822017,5,0
classification,logistic_c01,categorical__primary_category_bed_bath_table,5,0.09694689126959113,0.02549609440922887,0.06233065090910005,0.12694348086402507,5,0
classification,logistic_c01,categorical__primary_category_books_general_interest,5,-0.3752423135342434,0.09710992101853576,-0.5054607472274502,-0.2336684240230938,0,5
classification,logistic_c01,categorical__primary_category_books_imported,5,0.0032934624957928816,0.09790924073280928,-0.11130501577725488,0.15480832333948408,2,3
classification,logistic_c01,categorical__primary_category_books_technical,5,-0.10524784452075031,0.048208759523920716,-0.16663438678276593,-0.05126266969137962,0,5
classification,logistic_c01,categorical__primary_category_cds_dvds_musicals,5,-0.07233099432753745,0.012790465521025,-0.09371682785459481,-0.06244732536877356,0,5
classification,logistic_c01,categorical__primary_category_christmas_supplies,5,-0.04493364621009312,0.08477865380862834,-0.14826345570230076,0.08276800621052127,1,4
classification,logistic_c01,categorical__primary_category_cine_photo,5,0.0370493939323511,0.03623846067147846,-0.012099575355115615,0.0773095655383535,4,1
classification,logistic_c01,categorical__primary_category_computers,5,-0.10301793776090074,0.145209174689071,-0.28089004882470026,0.01521320880771566,2,3
classification,logistic_c01,categorical__primary_category_computers_accessories,5,0.2050240519755139,0.021751342860220717,0.18167083795223615,0.2335488819838202,5,0
classification,logistic_c01,categorical__primary_category_consoles_games,5,0.09598311056781104,0.06778358957703737,0.0175076452407683,0.1967689476939168,5,0
classification,logistic_c01,categorical__primary_category_construction_tools_construction,5,0.0864603247475628,0.06516635396711626,-0.005282106334982241,0.17760509253289775,4,1
classification,logistic_c01,categorical__primary_category_construction_tools_lights,5,-0.2091162882154712,0.04224902047763111,-0.26846716730899955,-0.1680908320162734,0,5
classification,logistic_c01,categorical__primary_category_construction_tools_safety,5,0.32218238011485456,0.0858110260284659,0.2175212655628985,0.42051718043273434,5,0
classification,logistic_c01,categorical__primary_category_cool_stuff,5,-0.15891954541899195,0.018529228053408637,-0.18641969790436375,-0.1370497784249781,0,5
classification,logistic_c01,categorical__primary_category_costruction_tools_garden,5,-0.14092390888609643,0.071552114518015,-0.23560355087676801,-0.04321338792244192,0,5
classification,logistic_c01,categorical__primary_category_costruction_tools_tools,5,-0.13943190966606225,0.025608111777140875,-0.15825375965330415,-0.09842054959933551,0,5
classification,logistic_c01,categorical__primary_category_diapers_and_hygiene,5,0.09740245243397337,0.022162313967663345,0.07939978497954744,0.13555001421867718,5,0
classification,logistic_c01,categorical__primary_category_drinks,5,-0.02372520404385245,0.041148900878369095,-0.061177621687774277,0.04462783091406562,1,4
classification,logistic_c01,categorical__primary_category_dvds_blu_ray,5,0.23170413455761513,0.05499350054399429,0.17140065856157366,0.3216912425159297,5,0
classification,logistic_c01,categorical__primary_category_electronics,5,-0.024324125767883082,0.0164854689677069,-0.045076166819695514,-0.0019737987142347865,0,5
classification,logistic_c01,categorical__primary_category_fashio_female_clothing,5,-0.0004932976782915849,0.09570377013812577,-0.15811169077361104,0.06833799966077919,3,2
classification,logistic_c01,categorical__primary_category_fashion_bags_accessories,5,-0.16931978657135585,0.027895233026934738,-0.193555948531192,-0.12488747826413207,0,5
classification,logistic_c01,categorical__primary_category_fashion_childrens_clothes,5,0.010944265552612572,0.0235827168173781,-0.02821102801893049,0.0352129503382597,4,1
classification,logistic_c01,categorical__primary_category_fashion_male_clothing,5,0.5384506726293967,0.13206139530069574,0.3066588039388651,0.63285535568289,5,0
classification,logistic_c01,categorical__primary_category_fashion_shoes,5,-0.09467995904945532,0.06023941333003038,-0.161120909279654,-0.01343854016997832,0,5
classification,logistic_c01,categorical__primary_category_fashion_sport,5,-0.003026059461454106,0.029182379512751398,-0.03500486763709819,0.03963463483713193,2,3
classification,logistic_c01,categorical__primary_category_fashion_underwear_beach,5,0.2709327022868703,0.05601134137180681,0.1940051292075198,0.3460945271588524,5,0
classification,logistic_c01,categorical__primary_category_fixed_telephony,5,0.20500907879000901,0.10168882363632738,0.10632896306831094,0.34735801494504215,5,0
classification,logistic_c01,categorical__primary_category_flowers,5,-0.09956076851454657,0.04294969742178771,-0.17570496705608554,-0.0717036444112698,0,5
classification,logistic_c01,categorical__primary_category_food,5,-0.02633813355449982,0.06451630581814537,-0.12182189832695339,0.025608515910047057,3,2
classification,logistic_c01,categorical__primary_category_food_drink,5,-0.4936254360288104,0.090983092185538,-0.6143790643618265,-0.3889205727882719,0,5
classification,logistic_c01,categorical__primary_category_furniture_bedroom,5,0.14460029472441688,0.09410446083130793,0.011017159393913036,0.24530861923280967,5,0
classification,logistic_c01,categorical__primary_category_furniture_decor,5,0.056048230622947635,0.031068297678929404,0.007996003218871284,0.08096439911713903,5,0
classification,logistic_c01,categorical__primary_category_furniture_living_room,5,0.02264037548447626,0.046878295141714696,-0.05186582285256593,0.0769747019900887,4,1
classification,logistic_c01,categorical__primary_category_furniture_mattress_and_upholstery,5,0.0633480565162613,0.08351812933740875,-0.07412866650379218,0.13097295586302535,4,1
classification,logistic_c01,categorical__primary_category_garden_tools,5,-0.16610792512341135,0.021286770893115394,-0.1863240780809378,-0.13510211650264253,0,5
classification,logistic_c01,categorical__primary_category_health_beauty,5,-0.09566807394727089,0.014792391267754924,-0.11268630596359565,-0.07972783245649927,0,5
classification,logistic_c01,categorical__primary_category_home_appliances,5,-0.03411869491077358,0.04700048734921827,-0.09946204999335186,0.01898434459773573,2,3
classification,logistic_c01,categorical__primary_category_home_appliances_2,5,-0.1492414058606277,0.05857639487462257,-0.19897009448265873,-0.06434505376373224,0,5
classification,logistic_c01,categorical__primary_category_home_comfort_2,5,0.02612297428772673,0.0322922615582021,-0.009543340805026179,0.052645269090747,3,2
classification,logistic_c01,categorical__primary_category_home_confort,5,0.16598478952668208,0.09377535043703031,0.007836595216354894,0.24654167119489384,5,0
classification,logistic_c01,categorical__primary_category_home_construction,5,0.07469378456671986,0.05235682571424261,0.014081530617781739,0.15170323148660733,5,0
classification,logistic_c01,categorical__primary_category_housewares,5,-0.04528711309869336,0.034157577739849905,-0.08914717371107733,-0.00655595692353667,0,5
classification,logistic_c01,categorical__primary_category_industry_commerce_and_business,5,-0.27394516543374337,0.07653231192464949,-0.34123615962274273,-0.1573723070594883,0,5
classification,logistic_c01,categorical__primary_category_kitchen_dining_laundry_garden_furniture,5,-0.05535050414806296,0.03800152499690537,-0.10077649235714167,-0.0011419873247342067,0,5
classification,logistic_c01,categorical__primary_category_la_cuisine,5,-0.036013881998093654,0.008680447279881575,-0.045893544092270845,-0.022493168841434926,0,5
classification,logistic_c01,categorical__primary_category_luggage_accessories,5,-0.30581476161903975,0.0440886238284669,-0.3758920256009203,-0.26754932592215686,0,5
classification,logistic_c01,categorical__primary_category_market_place,5,-0.04637572087450578,0.053598204432546544,-0.07980811525455478,0.0475473010458561,1,4
classification,logistic_c01,categorical__primary_category_music,5,-0.1426865551150311,0.03595318094700617,-0.20454966366915553,-0.11128802863238718,0,5
classification,logistic_c01,categorical__primary_category_musical_instruments,5,-0.11230468473542018,0.03069207968479572,-0.14444613982231044,-0.07042002534288232,0,5
classification,logistic_c01,categorical__primary_category_office_furniture,5,0.3082620706819246,0.03388806330705524,0.25561723010284865,0.3321504704434818,5,0
classification,logistic_c01,categorical__primary_category_party_supplies,5,0.11489850906834982,0.1252377864309441,-0.09881015496557127,0.2061166313202432,4,1
classification,logistic_c01,categorical__primary_category_perfumery,5,-0.04043748460291419,0.04163303202989894,-0.08844457656825508,0.005936647020007688,1,4
classification,logistic_c01,categorical__primary_category_pet_shop,5,-0.1696346913979493,0.05168704077461033,-0.2273131263911856,-0.11059892691103593,0,5
classification,logistic_c01,categorical__primary_category_security_and_services,5,0.04101330413021935,0.029377769213926506,-0.010563472600380115,0.06317901846175196,4,1
classification,logistic_c01,categorical__primary_category_signaling_and_security,5,-0.13880080484700574,0.05665167383647475,-0.22194850161111443,-0.08195152994564664,0,5
classification,logistic_c01,categorical__primary_category_small_appliances,5,0.009537562876720461,0.024994469378384978,-0.025325918114884126,0.039032220474974136,3,2
classification,logistic_c01,categorical__primary_category_small_appliances_home_oven_and_coffee,5,-0.10091805284397108,0.055785175774120344,-0.1500791965939216,-0.020238457004606875,0,5
classification,logistic_c01,categorical__primary_category_sports_leisure,5,-0.07677370012893789,0.027447917431718885,-0.1118411771726231,-0.03622938800506224,0,5
classification,logistic_c01,categorical__primary_category_stationery,5,-0.28291084760218416,0.031246813401731154,-0.32472353601439297,-0.2458586815845214,0,5
classification,logistic_c01,categorical__primary_category_tablets_printing_image,5,-0.05236499647657687,0.03746090474442301,-0.10303258757546291,-0.008791432298388099,0,5
classification,logistic_c01,categorical__primary_category_telephony,5,0.12676668791330312,0.009195444606625493,0.1180232923230802,0.14075077220967971,5,0
classification,logistic_c01,categorical__primary_category_toys,5,-0.10634099991980883,0.04504349348765006,-0.14641838589700468,-0.02996307760140502,0,5
classification,logistic_c01,categorical__primary_category_watches_gifts,5,0.08384625603360103,0.03012748827133582,0.03722878911565428,0.12077583547410817,5,0
classification,logistic_c01,categorical__primary_payment_type_boleto,5,-0.16813227886101964,0.015221350031362426,-0.19236487894428903,-0.15445379873420642,0,5
classification,logistic_c01,categorical__primary_payment_type_credit_card,5,-0.18779594711747302,0.023015525507954396,-0.21884739527590183,-0.15456221137801074,0,5
classification,logistic_c01,categorical__primary_payment_type_debit_card,5,-0.2304920188483987,0.042707792415891,-0.2995378488736177,-0.19611183623023656,0,5
classification,logistic_c01,categorical__primary_payment_type_voucher,5,-0.035786497145752584,0.04527800636652173,-0.09032016520033656,0.005060397742681033,2,3
classification,logistic_c01,categorical__primary_seller_state_AM,3,0.024407463759945194,0.0017048700398137097,0.022846549346449627,0.026226786452673113,3,0
classification,logistic_c01,categorical__primary_seller_state_BA,5,-0.08495465836246864,0.027183682832643156,-0.126685743792227,-0.055206315577431816,0,5
classification,logistic_c01,categorical__primary_seller_state_CE,5,0.01381162951058012,0.05510299136253584,-0.0461078264067105,0.09715897894581753,3,2
classification,logistic_c01,categorical__primary_seller_state_DF,5,0.17856185221981585,0.04904231447347907,0.09738097139572136,0.22591486575240521,5,0
classification,logistic_c01,categorical__primary_seller_state_ES,5,0.04677409671153184,0.09169865658408588,-0.061478670622956796,0.14053760332123524,3,2
classification,logistic_c01,categorical__primary_seller_state_GO,5,-0.2753892326210706,0.07637113589893722,-0.3336684315979325,-0.16744674272477428,0,5
classification,logistic_c01,categorical__primary_seller_state_MA,5,0.45681996657739166,0.05133684514005702,0.40130257600585134,0.5398540022778174,5,0
classification,logistic_c01,categorical__primary_seller_state_MG,5,-0.07276448651121847,0.022311831852024153,-0.09594228987201439,-0.05011915472722042,0,5
classification,logistic_c01,categorical__primary_seller_state_MS,5,-0.07996713461654889,0.0560241922697484,-0.14490168997190417,-0.015942620491319545,0,5
classification,logistic_c01,categorical__primary_seller_state_MT,5,-0.33480494693373286,0.05655784052031714,-0.43240736058410284,-0.28485042943174466,0,5
classification,logistic_c01,categorical__primary_seller_state_PA,5,-0.036919877939872184,0.011893075460845276,-0.04758508033606499,-0.016778007570370953,0,5
classification,logistic_c01,categorical__primary_seller_state_PB,5,0.04099068685361363,0.05403424561966933,-0.0152736401985665,0.1283849770054246,4,1
classification,logistic_c01,categorical__primary_seller_state_PE,5,-0.49549645884032084,0.0685631745736074,-0.5883760219363918,-0.4098551532417363,0,5
classification,logistic_c01,categorical__primary_seller_state_PI,5,0.024825931224163603,0.0338770581669277,-0.011728311640563878,0.07139781526328445,3,2
classification,logistic_c01,categorical__primary_seller_state_PR,5,-0.02217484651252052,0.014618566341258526,-0.03182652933739949,0.0032813967313778,1,4
classification,logistic_c01,categorical__primary_seller_state_RJ,5,0.07093918517050003,0.03038726886111683,0.04306733699331993,0.1063925037522771,5,0
classification,logistic_c01,categorical__primary_seller_state_RN,5,-0.021603043404328122,0.04714000782622339,-0.08786458579973748,0.045195853368147916,1,4
classification,logistic_c01,categorical__primary_seller_state_RO,5,0.04796861108371856,0.03634670738326416,0.012770700180948367,0.09193284208094228,5,0
classification,logistic_c01,categorical__primary_seller_state_RS,5,-0.37504444251149727,0.059422546934531695,-0.4398176657564973,-0.2908979098791034,0,5
classification,logistic_c01,categorical__primary_seller_state_SC,5,0.010104522537716423,0.027272414251528477,-0.02275301381865714,0.03340227817295264,3,2
classification,logistic_c01,categorical__primary_seller_state_SE,5,0.005290667782719923,0.030193719451727587,-0.04688781107721899,0.030866155851927084,4,1
classification,logistic_c01,categorical__primary_seller_state_SP,5,0.21264337520920146,0.016437240582853695,0.1945526899241121,0.23000968263730545,5,0
classification,logistic_c01,categorical__primary_seller_state_Unknown,5,-0.0013816200794319537,0.0005734675439526072,-0.002049954701682548,-0.0005283918609200514,0,5
classification,logistic_c01,categorical__purchase_dayofweek_1,5,-0.019811017672820237,0.027136225890371745,-0.05299567992049002,0.02047723001027721,1,4
classification,logistic_c01,categorical__purchase_dayofweek_2,5,-0.05913112821497938,0.020534236772743436,-0.08695949904422813,-0.03429751254981623,0,5
classification,logistic_c01,categorical__purchase_dayofweek_3,5,-0.03299225795804232,0.022007721283742544,-0.06591537816049987,-0.011974929295364152,0,5
classification,logistic_c01,categorical__purchase_dayofweek_4,5,0.04123537416672638,0.023413157838183367,0.011341364807970962,0.07007224626553449,5,0
classification,logistic_c01,categorical__purchase_dayofweek_5,5,-0.036343554742889944,0.02130940553858508,-0.06914349164490108,-0.01692819863256155,0,5
classification,logistic_c01,categorical__purchase_dayofweek_6,5,-0.008939743482101303,0.031017283572398344,-0.05080945592294417,0.03222846631406363,2,3
classification,logistic_c01,categorical__purchase_hour_1,5,0.06171116406514336,0.03833291779001129,0.008170185616676191,0.10523549608292561,5,0
classification,logistic_c01,categorical__purchase_hour_10,5,-0.08981311417393455,0.039962095432485675,-0.13346898899006282,-0.025700825314321236,0,5
classification,logistic_c01,categorical__purchase_hour_11,5,-0.10666387248760704,0.025402080463617412,-0.12800582897717355,-0.07138551841597912,0,5
classification,logistic_c01,categorical__purchase_hour_12,5,-0.042583365714368694,0.02660095415565661,-0.07019165022007039,-0.013101761500112554,0,5
classification,logistic_c01,categorical__purchase_hour_13,5,-0.14341528336642412,0.014758937302652864,-0.1583942651836748,-0.12374465057671832,0,5
classification,logistic_c01,categorical__purchase_hour_14,5,-0.10675879273679459,0.02260855788990172,-0.1317621693168241,-0.08347538227380875,0,5
classification,logistic_c01,categorical__purchase_hour_15,5,-0.08143497289082188,0.028395520494447993,-0.11100983432823618,-0.04442217747757583,0,5
classification,logistic_c01,categorical__purchase_hour_16,5,-0.10337884628407398,0.015732686571366523,-0.1169466739802985,-0.07901988069373217,0,5
classification,logistic_c01,categorical__purchase_hour_17,5,-0.12909114892507811,0.02584792194857885,-0.1712643846392554,-0.10595918675051655,0,5
classification,logistic_c01,categorical__purchase_hour_18,5,-0.014772833643337004,0.019069936035551124,-0.03792685205055907,0.010420655689673345,1,4
classification,logistic_c01,categorical__purchase_hour_19,5,-0.017296038824887262,0.02144241802911006,-0.04703177765097736,0.01293182136526416,1,4
classification,logistic_c01,categorical__purchase_hour_2,5,-0.016363449568232186,0.051177180142825796,-0.053074952945068234,0.05944383350647727,2,3
classification,logistic_c01,categorical__purchase_hour_20,5,-0.09006992259686204,0.0202716164478597,-0.10622896314831083,-0.05802777740954243,0,5
classification,logistic_c01,categorical__purchase_hour_21,5,-0.061291848634614024,0.03177153338291154,-0.09831411458539002,-0.02953713415994873,0,5
classification,logistic_c01,categorical__purchase_hour_22,5,-0.16355523089810403,0.044105823961136756,-0.22447919846016204,-0.1248004781911798,0,5
classification,logistic_c01,categorical__purchase_hour_23,5,-0.03854391382464466,0.03134779950902713,-0.08875851704844807,-0.005772172035389556,0,5
classification,logistic_c01,categorical__purchase_hour_3,5,-0.2943716300280528,0.06220671380050495,-0.38769102173082576,-0.2271560437498677,0,5
classification,logistic_c01,categorical__purchase_hour_4,5,0.21058331670890715,0.10293323348287063,0.05311810644380619,0.339059755231398,5,0
classification,logistic_c01,categorical__purchase_hour_5,5,-0.05715299834886178,0.04658113381107307,-0.0885607361428386,0.023836900941909073,1,4
classification,logistic_c01,categorical__purchase_hour_6,5,0.08300666109193744,0.06676007291040564,-0.011994363785381093,0.16480461049158,4,1
classification,logistic_c01,categorical__purchase_hour_7,5,-0.20752320242767683,0.019902046468028022,-0.22740984953379412,-0.1862034568601145,0,5
classification,logistic_c01,categorical__purchase_hour_8,5,-0.1705407092779037,0.006795398409954798,-0.17985189076537994,-0.16195105589824577,0,5
classification,logistic_c01,categorical__purchase_hour_9,5,-0.15513394659887425,0.02155240919270477,-0.1886466905075822,-0.13282872076821509,0,5
classification,logistic_c01,categorical__purchase_month_10,5,-0.19470855206260101,0.010665046686941806,-0.20496658905424153,-0.18056244244564892,0,5
classification,logistic_c01,categorical__purchase_month_11,5,0.2309350759098181,0.019384043428408042,0.20520824160857376,0.2517438314876842,5,0
classification,logistic_c01,categorical__purchase_month_12,5,0.12730062629786396,0.03140543958066141,0.08065320990821502,0.16488501862516455,5,0
classification,logistic_c01,categorical__purchase_month_2,5,0.3107384306098316,0.022499780360672694,0.2907388484244459,0.3484617660599693,5,0
classification,logistic_c01,categorical__purchase_month_3,5,0.373279146012359,0.03603110011896716,0.3248378038331206,0.4114867899303576,5,0
classification,logistic_c01,categorical__purchase_month_4,5,-0.10105377885630158,0.020560136374356185,-0.11955840805865398,-0.06715669667522059,0,5
classification,logistic_c01,categorical__purchase_month_5,5,-0.23269049511062018,0.017141201138504546,-0.25625577751620104,-0.2151657594612215,0,5
classification,logistic_c01,categorical__purchase_month_6,5,-0.30562802770141334,0.02188866673485591,-0.3286599445887795,-0.2783275759275241,0,5
classification,logistic_c01,categorical__purchase_month_7,5,-0.32862443556129994,0.037533553789466025,-0.38889204837361796,-0.29689506215825073,0,5
classification,logistic_c01,categorical__purchase_month_8,5,-0.3215756176234271,0.023632193560472716,-0.35463620844346716,-0.28903779073227176,0,5
classification,logistic_c01,categorical__purchase_month_9,5,-0.26341958301826757,0.019534368497502064,-0.2878713171009755,-0.23426005870459937,0,5
classification,logistic_c01,numeric__category_missing_fraction,5,0.050840514030087394,0.010538473435808824,0.03293462750566489,0.06029348505976964,5,0
classification,logistic_c01,numeric__distance_km_max,5,0.06342750619166801,0.004418999825485664,0.05857766808416225,0.07037732766032655,5,0
classification,logistic_c01,numeric__distance_missing_fraction,5,0.03283644284344593,0.07282355878581476,-0.07900006980784181,0.10268994215499529,4,1
classification,logistic_c01,numeric__freight_ratio,5,0.009181532700550396,0.005117054760990452,0.0006572585247539725,0.014048734921371089,5,0
classification,logistic_c01,numeric__freight_ratio_missing,5,0.03879172580917536,0.005426953122218123,0.03036796088864279,0.044722041143204584,5,0
classification,logistic_c01,numeric__has_items,5,-0.038791725809176544,0.005426953122218462,-0.04472204114320451,-0.030367960888643172,0,5
classification,logistic_c01,numeric__interstate_share,5,0.08372486512542297,0.011711719655379918,0.06499412415698924,0.0959888955172275,5,0
classification,logistic_c01,numeric__missingindicator_category_missing_fraction,5,0.03879172580917536,0.005426953122218123,0.03036796088864279,0.044722041143204584,5,0
classification,logistic_c01,numeric__missingindicator_distance_km_max,5,-0.05376972408694399,0.0912762421071006,-0.14910328221639094,0.08316224838973374,1,4
classification,logistic_c01,numeric__missingindicator_distance_missing_fraction,5,0.03879172580917536,0.005426953122218123,0.03036796088864279,0.044722041143204584,5,0
classification,logistic_c01,numeric__missingindicator_freight_ratio,5,0.03879172580917536,0.005426953122218123,0.03036796088864279,0.044722041143204584,5,0
classification,logistic_c01,numeric__missingindicator_interstate_share,5,0.03879172580917536,0.005426953122218123,0.03036796088864279,0.044722041143204584,5,0
classification,logistic_c01,numeric__missingindicator_payment_installments_max,5,-0.020875700827375013,0.009953289751838523,-0.027051484707016227,-0.003445343958366858,0,5
classification,logistic_c01,numeric__missingindicator_total_freight,5,0.03879172580917536,0.005426953122218123,0.03036796088864279,0.044722041143204584,5,0
classification,logistic_c01,numeric__missingindicator_total_price,5,0.03879172580917536,0.005426953122218123,0.03036796088864279,0.044722041143204584,5,0
classification,logistic_c01,numeric__missingindicator_total_volume_cm3,5,0.04541755453696269,0.004367448219476274,0.03831885774419541,0.04883031937065037,5,0
classification,logistic_c01,numeric__missingindicator_total_weight_g,5,0.026383192885665124,0.005437170005049566,0.018444907354298518,0.03361756968862404,5,0
classification,logistic_c01,numeric__missingindicator_volume_missing_fraction,5,0.03879172580917536,0.005426953122218123,0.03036796088864279,0.044722041143204584,5,0
classification,logistic_c01,numeric__missingindicator_weight_missing_fraction,5,0.03879172580917536,0.005426953122218123,0.03036796088864279,0.044722041143204584,5,0
classification,logistic_c01,numeric__n_categories,5,0.0004634537274745606,0.009519505526105356,-0.010225181326953412,0.014153624193600087,3,2
classification,logistic_c01,numeric__n_items,5,0.16423903757640065,0.0073814246969262,0.15529147044346447,0.17496496766266978,5,0
classification,logistic_c01,numeric__n_payment_methods,5,-0.02113953038348581,0.008291611902329602,-0.02932218340164446,-0.008707025624503373,0,5
classification,logistic_c01,numeric__n_products,5,0.03273503051688886,0.006199672408762967,0.023215676531238936,0.038079179324769286,5,0
classification,logistic_c01,numeric__n_sellers,5,0.16908911746358118,0.007497093283975114,0.16058059186549467,0.17958685228368168,5,0
classification,logistic_c01,numeric__payment_installments_max,5,0.053454191988353036,0.007995502292471536,0.0401200739464241,0.05881591557680419,5,0
classification,logistic_c01,numeric__payment_missing,5,0.02591713704463392,0.021809437645192307,-0.003445343958366858,0.05792352264153758,4,1
classification,logistic_c01,numeric__total_freight,5,0.02225264018130519,0.007989796737153776,0.01640372025162414,0.03618248565753043,5,0
classification,logistic_c01,numeric__total_price,5,0.045228740975545356,0.005077886140807769,0.04127807999906457,0.05397877598700297,5,0
classification,logistic_c01,numeric__total_volume_cm3,5,0.026200653627592614,0.014363024480738252,0.009282139477665015,0.0429795541760547,5,0
classification,logistic_c01,numeric__total_weight_g,5,0.008387404646390918,0.013786344370098286,-0.007168331486688378,0.02538191552302015,3,2
classification,logistic_c01,numeric__volume_missing_fraction,5,0.04395524563411363,0.007340325746094708,0.031873739464804166,0.051785042464955945,5,0
classification,logistic_c01,numeric__weight_missing_fraction,5,-0.06384670006524616,0.004377666153160687,-0.07120396802809485,-0.05974419678214668,0,5
classification,logistic_c1,categorical__customer_state_AL,5,0.4494063407849958,0.08464908773887714,0.3696559347368111,0.5526398787906149,5,0
classification,logistic_c1,categorical__customer_state_AM,5,-0.3016073645622399,0.1721348131855074,-0.4958100743523611,-0.11886067000426787,0,5
classification,logistic_c1,categorical__customer_state_AP,5,-0.6523288305885959,0.12654789028478675,-0.8483740795224911,-0.5193877760719726,0,5
classification,logistic_c1,categorical__customer_state_BA,5,0.1842022159370614,0.03138023110067432,0.15971304641016304,0.22189192541736216,5,0
classification,logistic_c1,categorical__customer_state_CE,5,0.06514651311021473,0.0493914366215867,0.009799682966084586,0.12861079409187895,5,0
classification,logistic_c1,categorical__customer_state_DF,5,0.0021974595674217,0.04324766517624838,-0.04803480965090227,0.0665223804497465,2,3
classification,logistic_c1,categorical__customer_state_ES,5,0.03200281297211609,0.06663434125060462,-0.03950390748565322,0.12126051760792496,3,2
classification,logistic_c1,categorical__customer_state_GO,5,-0.06135272857288003,0.056298155310334205,-0.09948167357237214,0.035164602253422356,1,4
classification,logistic_c1,categorical__customer_state_MA,5,0.18526439951699938,0.07369865010178339,0.07178757106215675,0.24512942746929461,5,0
classification,logistic_c1,categorical__customer_state_MG,5,-0.1665021577054404,0.03014944458639658,-0.19029201012008035,-0.1309265621004368,0,5
classification,logistic_c1,categorical__customer_state_MS,5,-0.05494443459909494,0.043988990305855374,-0.1019924378732879,0.0022848951978531413,1,4
classification,logistic_c1,categorical__customer_state_MT,5,-0.20368457229873194,0.07774730232371023,-0.2879654174156256,-0.0773248864783156,0,5
classification,logistic_c1,categorical__customer_state_PA,5,0.1351189262264278,0.053575575408301525,0.0902901960539583,0.22178354410572712,5,0
classification,logistic_c1,categorical__customer_state_PB,5,0.04706478313709882,0.05416665785293948,-0.022283006072212803,0.10222203163951216,4,1
classification,logistic_c1,categorical__customer_state_PE,5,-0.010384073390437619,0.041875491816960125,-0.0499751327276661,0.04679163851212008,2,3
classification,logistic_c1,categorical__customer_state_PI,5,0.1275051787168794,0.05243982607239374,0.04965778892475612,0.18428895404367482,5,0
classification,logistic_c1,categorical__customer_state_PR,5,-0.23321906835168962,0.03326942095288392,-0.2858865549838979,-0.19829383393798233,0,5
classification,logistic_c1,categorical__customer_state_RJ,5,0.4112278702725701,0.02668733621847427,0.3897391924238635,0.4562168768088737,5,0
classification,logistic_c1,categorical__customer_state_RN,5,-0.27858647763537564,0.04771571607936137,-0.3319162162282254,-0.2136568762773585,0,5
classification,logistic_c1,categorical__customer_state_RO,5,-0.18718634837077583,0.11212264268521928,-0.3036506182795616,-0.015351460430149544,0,5
classification,logistic_c1,categorical__customer_state_RR,5,0.05591410864700199,0.1441066016975682,-0.04334100135417884,0.2886600540234914,2,3
classification,logistic_c1,categorical__customer_state_RS,5,-0.197974805983021,0.02464338363761814,-0.22432609008962648,-0.16294908093277716,0,5
classification,logistic_c1,categorical__customer_state_SC,5,-0.007821580519446933,0.059071629077862946,-0.06352463336456425,0.07405024696772051,2,3
classification,logistic_c1,categorical__customer_state_SE,5,0.3134770674620659,0.08213167297185318,0.17764174878134983,0.378770669572437,5,0
classification,logistic_c1,categorical__customer_state_SP,5,-0.052989879422499164,0.04315120854239443,-0.10553644110158261,0.004366615046809439,1,4
classification,logistic_c1,categorical__customer_state_TO,5,-0.3540583349460874,0.17687859254903693,-0.6417449157906016,-0.21044502036331578,0,5
classification,logistic_c1,categorical__primary_category_agro_industry_and_commerce,5,0.06442116141555011,0.12199431613591949,-0.09267591106279936,0.20557479975118287,3,2
classification,logistic_c1,categorical__primary_category_air_conditioning,5,0.1991463736053517,0.07669425002852022,0.10363067799524109,0.2679097868630887,5,0
classification,logistic_c1,categorical__primary_category_art,5,0.23219895046997235,0.10436062041515107,0.07578571387986376,0.36767017749799497,5,0
classification,logistic_c1,categorical__primary_category_arts_and_craftmanship,5,0.01695997871424677,0.09413310334594498,-0.12600434798630977,0.08346669350544952,3,2
classification,logistic_c1,categorical__primary_category_audio,5,0.41439164097003084,0.13714492070330928,0.2542859194434788,0.6177008571304723,5,0
classification,logistic_c1,categorical__primary_category_auto,5,0.06396426348498141,0.03937575660706444,0.01337383526471434,0.10622777444253037,5,0
classification,logistic_c1,categorical__primary_category_baby,5,0.12554047233130297,0.0494829823109732,0.046913959791221524,0.18246771440257542,5,0
classification,logistic_c1,categorical__primary_category_bed_bath_table,5,0.09573587785317605,0.03463147159506278,0.05595125241065376,0.13083557389050915,5,0
classification,logistic_c1,categorical__primary_category_books_general_interest,5,-0.4828522678146239,0.1520712437819619,-0.6688069075320385,-0.24724702494694567,0,5
classification,logistic_c1,categorical__primary_category_books_imported,5,-0.006759259842179066,0.22994475991729899,-0.30075271050310903,0.3327315736972295,2,3
classification,logistic_c1,categorical__primary_category_books_technical,5,-0.16751653137096664,0.08147905084787312,-0.26802597568537173,-0.06250856911909998,0,5
classification,logistic_c1,categorical__primary_category_cds_dvds_musicals,5,-0.19273274590311992,0.05480358232277816,-0.2874761009300857,-0.14540467647742827,0,5
classification,logistic_c1,categorical__primary_category_christmas_supplies,5,-0.08868252994345202,0.16082488119259078,-0.2796007130450565,0.15868298509897516,1,4
classification,logistic_c1,categorical__primary_category_cine_photo,5,0.0835582358731761,0.08303040846940621,-0.02621177171988855,0.18393582071257958,4,1
classification,logistic_c1,categorical__primary_category_computers,5,-0.19277380309884665,0.27323809313600483,-0.5094390708107603,0.03475491140589478,1,4
classification,logistic_c1,categorical__primary_category_computers_accessories,5,0.21306905263758708,0.02759451847369961,0.1726971243291519,0.24772230536588122,5,0
classification,logistic_c1,categorical__primary_category_consoles_games,5,0.12454288157615234,0.07978852212307545,0.03442686187509268,0.2486902525524814,5,0
classification,logistic_c1,categorical__primary_category_construction_tools_construction,5,0.10297544501338782,0.07482642982313086,-0.011583728880246206,0.187782907596366,4,1
classification,logistic_c1,categorical__primary_category_construction_tools_lights,5,-0.34752036159324107,0.06828841239362403,-0.43163686637021365,-0.29195649873555346,0,5
classification,logistic_c1,categorical__primary_category_construction_tools_safety,5,0.5566897496496586,0.12824801338425448,0.4039493358491129,0.7234577360594571,5,0
classification,logistic_c1,categorical__primary_category_cool_stuff,5,-0.16584693302914566,0.02734287133077689,-0.19714610990658563,-0.13927893303767422,0,5
classification,logistic_c1,categorical__primary_category_costruction_tools_garden,5,-0.23680662321090704,0.1326392902486318,-0.41888009797382314,-0.05765869640764392,0,5
classification,logistic_c1,categorical__primary_category_costruction_tools_tools,5,-0.3086385858100396,0.06782656038805783,-0.3661164503569755,-0.2020736479913759,0,5
classification,logistic_c1,categorical__primary_category_diapers_and_hygiene,5,0.2493418207142289,0.059792905917056265,0.17816566173553902,0.3275945906754127,5,0
classification,logistic_c1,categorical__primary_category_drinks,5,-0.03208302617541484,0.06102780094216323,-0.10509159742055739,0.05714182834932198,1,4
classification,logistic_c1,categorical__primary_category_dvds_blu_ray,5,0.5780448966051145,0.1330621463894016,0.4829467638745639,0.8124096332525864,5,0
classification,logistic_c1,categorical__primary_category_electronics,5,-0.025302670254862596,0.023079304379360094,-0.05260774775147998,0.008429924969103225,1,4
classification,logistic_c1,categorical__primary_category_fashio_female_clothing,5,-0.0013836868768764665,0.2483162393102245,-0.4107150476989072,0.19960660236633887,3,2
classification,logistic_c1,categorical__primary_category_fashion_bags_accessories,5,-0.18451463038635013,0.03564279658173041,-0.2160110784871996,-0.12594880941998726,0,5
classification,logistic_c1,categorical__primary_category_fashion_childrens_clothes,5,0.02825334888475765,0.06389891065309929,-0.079284407506974,0.09002690375881237,4,1
classification,logistic_c1,categorical__primary_category_fashion_male_clothing,5,0.9498944707129269,0.21339658749612064,0.5716460465174916,1.0815104452107358,5,0
classification,logistic_c1,categorical__primary_category_fashion_shoes,5,-0.15287740519100962,0.10071694557116073,-0.24422561694446351,-0.012738048744646421,0,5
classification,logistic_c1,categorical__primary_category_fashion_sport,5,-0.008258278311259868,0.0679092472189201,-0.08321511008902774,0.08606367053295967,2,3
classification,logistic_c1,categorical__primary_category_fashion_underwear_beach,5,0.5051533297640092,0.10175097443530808,0.3645611909734613,0.6279182393117166,5,0
classification,logistic_c1,categorical__primary_category_fixed_telephony,5,0.29813773464248133,0.1324601730188701,0.16846079129268707,0.48040597602912033,5,0
classification,logistic_c1,categorical__primary_category_flowers,5,-0.25542759273157933,0.12029073951593755,-0.46382256580274345,-0.1642800468556673,0,5
classification,logistic_c1,categorical__primary_category_food,5,-0.03633132161550747,0.08804984341818274,-0.17383414907487804,0.038969161442314576,3,2
classification,logistic_c1,categorical__primary_category_food_drink,5,-0.9160211322902644,0.19381476622933386,-1.1707355684633345,-0.7000531122368385,0,5
classification,logistic_c1,categorical__primary_category_furniture_bedroom,5,0.29492703867530723,0.18509143789220586,0.031047171447097073,0.4757761233187211,5,0
classification,logistic_c1,categorical__primary_category_furniture_decor,5,0.053545706731919586,0.039375001289274944,0.0017320023922713932,0.09074449069807951,5,0
classification,logistic_c1,categorical__primary_category_furniture_living_room,5,0.02090103950263584,0.05862841379814821,-0.06953805333548312,0.09259068228105842,4,1
classification,logistic_c1,categorical__primary_category_furniture_mattress_and_upholstery,5,0.1334758638684197,0.20569152934472,-0.21317983084798112,0.3033465229701616,4,1
classification,logistic_c1,categorical__primary_category_garden_tools,5,-0.17576007139249003,0.026483471600945073,-0.21640409216047948,-0.14533006619367367,0,5
classification,logistic_c1,categorical__primary_category_health_beauty,5,-0.10254981209332606,0.023167559084747998,-0.13862252799533087,-0.08257047567224793,0,5
classification,logistic_c1,categorical__primary_category_home_appliances,5,-0.04064832361294088,0.05659175050249946,-0.11179672311663275,0.017849549201143344,2,3
classification,logistic_c1,categorical__primary_category_home_appliances_2,5,-0.23998352901332415,0.10826303140573415,-0.337862915730198,-0.08301895530966755,0,5
classification,logistic_c1,categorical__primary_category_home_comfort_2,5,0.06365378736750574,0.0791935740329506,-0.02610751347510526,0.1353624842246241,3,2
classification,logistic_c1,categorical__primary_category_home_confort,5,0.18658323940652705,0.11459529890739437,-0.008516368813315361,0.285621093151699,4,1
classification,logistic_c1,categorical__primary_category_home_construction,5,0.08214069847520386,0.053797505787641815,0.01393138571791156,0.14987608005401074,5,0
classification,logistic_c1,categorical__primary_category_housewares,5,-0.045282973742265815,0.04473863498942093,-0.10663947393910103,-0.001315624774189601,0,5
classification,logistic_c1,categorical__primary_category_industry_commerce_and_business,5,-0.4547729443041034,0.14326261830729858,-0.5848746299687257,-0.23111928444288393,0,5
classification,logistic_c1,categorical__primary_category_kitchen_dining_laundry_garden_furniture,5,-0.07896976113075317,0.05820014237597592,-0.1512263241007521,0.009908514881562781,1,4
classification,logistic_c1,categorical__primary_category_la_cuisine,5,-0.09685816641332005,0.030430236453438973,-0.12736662105852345,-0.056301005114943715,0,5
classification,logistic_c1,categorical__primary_category_luggage_accessories,5,-0.3717153964489669,0.04636656491371235,-0.44330790928816405,-0.32547029472059136,0,5
classification,logistic_c1,categorical__primary_category_market_place,5,-0.0651364733834157,0.07880349533030587,-0.11433099624522011,0.07409523909562356,1,4
classification,logistic_c1,categorical__primary_category_music,5,-0.35782674409623566,0.10911597568851439,-0.5343239841917845,-0.26169026481464047,0,5
classification,logistic_c1,categorical__primary_category_musical_instruments,5,-0.12822921271380655,0.03316576820825173,-0.1596437948341088,-0.08356571368200519,0,5
classification,logistic_c1,categorical__primary_category_office_furniture,5,0.3364474098264018,0.0450161862959441,0.2645371353358486,0.37289573234868767,5,0
classification,logistic_c1,categorical__primary_category_party_supplies,5,0.28835667433267803,0.32305000556006763,-0.2413426143772563,0.5798660535273418,4,1
classification,logistic_c1,categorical__primary_category_perfumery,5,-0.04039630912823793,0.052210656259546045,-0.11014367319952238,0.01154988903458177,1,4
classification,logistic_c1,categorical__primary_category_pet_shop,5,-0.19424511143728979,0.07327027493717145,-0.27401680632562986,-0.11834064505105195,0,5
classification,logistic_c1,categorical__primary_category_security_and_services,5,0.1175047546531927,0.08527518703375589,-0.024357669618518114,0.20425828239040647,4,1
classification,logistic_c1,categorical__primary_category_signaling_and_security,5,-0.2716429836459292,0.12191160451474535,-0.4533138911360264,-0.15402265596215592,0,5
classification,logistic_c1,categorical__primary_category_small_appliances,5,0.011851168609997052,0.03698347641612222,-0.044997034748509454,0.04883044837244296,4,1
classification,logistic_c1,categorical__primary_category_small_appliances_home_oven_and_coffee,5,-0.2277555239221687,0.13074590100222644,-0.37743161358436306,-0.0480236334208009,0,5
classification,logistic_c1,categorical__primary_category_sports_leisure,5,-0.08194529767354024,0.033135662934845295,-0.12945830475220502,-0.03925146916261822,0,5
classification,logistic_c1,categorical__primary_category_stationery,5,-0.2863415308543162,0.04533978917355375,-0.34408566534042295,-0.2268499663118112,0,5
classification,logistic_c1,categorical__primary_category_tablets_printing_image,5,-0.11593468043207791,0.07395159221332186,-0.2154329318283431,-0.028070225008106724,0,5
classification,logistic_c1,categorical__primary_category_telephony,5,0.1277757737187667,0.017201726726399538,0.10663655493101178,0.14429031761338504,5,0
classification,logistic_c1,categorical__primary_category_toys,5,-0.10878129783697674,0.05229701482087917,-0.15076246895421688,-0.023414960772398283,0,5
classification,logistic_c1,categorical__primary_category_watches_gifts,5,0.08251652096448521,0.039546132716380224,0.01908239178681071,0.12556014489336828,5,0
classification,logistic_c1,categorical__primary_payment_type_boleto,5,-0.29856661514474647,0.02175967453035972,-0.3276251290115712,-0.2768933991950098,0,5
classification,logistic_c1,categorical__primary_payment_type_credit_card,5,-0.3180485646478629,0.026396997918356414,-0.34789172595174744,-0.2791756053931263,0,5
classification,logistic_c1,categorical__primary_payment_type_debit_card,5,-0.3831974455325268,0.03503167609737409,-0.433116266325951,-0.34758063425385655,0,5
classification,logistic_c1,categorical__primary_payment_type_voucher,5,-0.16131431281921513,0.04813909356203483,-0.22197885461305894,-0.10967533895306776,0,5
classification,logistic_c1,categorical__primary_seller_state_AM,3,0.06049847666816196,0.014585429819516474,0.049023196096638494,0.07691194080380302,3,0
classification,logistic_c1,categorical__primary_seller_state_BA,5,-0.07843320451115648,0.020668450462384587,-0.10510220188297671,-0.04821098408460457,0,5
classification,logistic_c1,categorical__primary_seller_state_CE,5,0.02784175139779473,0.11744256422651174,-0.09618696091076635,0.2086644876448246,3,2
classification,logistic_c1,categorical__primary_seller_state_DF,5,0.19066981182614917,0.06640864432256008,0.08393312191928355,0.25278846411018185,5,0
classification,logistic_c1,categorical__primary_seller_state_ES,5,0.06901846424591103,0.13334448387250208,-0.09992897196607915,0.19730161081130357,3,2
classification,logistic_c1,categorical__primary_seller_state_GO,5,-0.38098162299277105,0.11393373260318901,-0.47063606199915886,-0.22096267428666827,0,5
classification,logistic_c1,categorical__primary_seller_state_MA,5,0.5204622146952225,0.056111460568215685,0.4622441888263807,0.5967774611763746,5,0
classification,logistic_c1,categorical__primary_seller_state_MG,5,-0.08737449755092504,0.04549955670978556,-0.1292424051714987,-0.027846601835248987,0,5
classification,logistic_c1,categorical__primary_seller_state_MS,5,-0.18978369786154295,0.12943296913650604,-0.34035893817947244,-0.04637742553744585,0,5
classification,logistic_c1,categorical__primary_seller_state_MT,5,-0.6788016428517065,0.13256215912665661,-0.9092478712994367,-0.5713155347293035,0,5
classification,logistic_c1,categorical__primary_seller_state_PA,5,-0.10004516303891542,0.03812527271374286,-0.15094123147806343,-0.04363234359691006,0,5
classification,logistic_c1,categorical__primary_seller_state_PB,5,0.09477257175804686,0.12902993148319378,-0.042415079955827065,0.2993827410011772,4,1
classification,logistic_c1,categorical__primary_seller_state_PE,5,-0.6556180311130801,0.10332898510553863,-0.8133922659130935,-0.5442100324295897,0,5
classification,logistic_c1,categorical__primary_seller_state_PI,5,0.06895108506166345,0.1006255747708545,-0.03145104173875675,0.22100113374417354,3,2
classification,logistic_c1,categorical__primary_seller_state_PR,5,-0.04211344677351223,0.03274834504782261,-0.08278422826656628,-0.004448021278383372,0,5
classification,logistic_c1,categorical__primary_seller_state_RJ,5,0.057399651167870255,0.056982021956852834,-0.007460699715570636,0.12174338865479821,4,1
classification,logistic_c1,categorical__primary_seller_state_RN,5,-0.03548658750743812,0.10929590995696982,-0.19634161743325967,0.110404024058029,1,4
classification,logistic_c1,categorical__primary_seller_state_RO,5,0.1262999456137951,0.10692825370407442,0.0269588909888312,0.27767555195912624,5,0
classification,logistic_c1,categorical__primary_seller_state_RS,5,-0.44197941943649505,0.0802518463547215,-0.5359276022295782,-0.3208417222654757,0,5
classification,logistic_c1,categorical__primary_seller_state_SC,5,-0.01333419097753472,0.02914132009780395,-0.05206662566999019,0.01809819155412306,2,3
classification,logistic_c1,categorical__primary_seller_state_SE,5,0.01571508564948537,0.0796519485301118,-0.11912562874638112,0.09336170624024227,4,1
classification,logistic_c1,categorical__primary_seller_state_SP,5,0.19236543291921554,0.04033428880531346,0.13819918072099177,0.24291613160977746,5,0
classification,logistic_c1,categorical__primary_seller_state_Unknown,5,-0.00540746971722683,0.0007311869324842145,-0.006480708546904385,-0.004654961242696768,0,5
classification,logistic_c1,categorical__purchase_dayofweek_1,5,-0.024621919067956417,0.03098326185600096,-0.06538171119855057,0.02098815677317902,1,4
classification,logistic_c1,categorical__purchase_dayofweek_2,5,-0.06482983746787382,0.026127277836624562,-0.09906386232327544,-0.03416237042842459,0,5
classification,logistic_c1,categorical__purchase_dayofweek_3,5,-0.03910250503595827,0.027077131318356082,-0.08021114894132499,-0.014674091730298575,0,5
classification,logistic_c1,categorical__purchase_dayofweek_4,5,0.0378227501724779,0.0268378704344291,0.0007911182839391255,0.06938364504157403,5,0
classification,logistic_c1,categorical__purchase_dayofweek_5,5,-0.04317019537052835,0.025232749325178692,-0.08326968946171903,-0.021296032304402183,0,5
classification,logistic_c1,categorical__purchase_dayofweek_6,5,-0.013965182103913686,0.03482741845663646,-0.06352413524231859,0.03312626067587153,1,4
classification,logistic_c1,categorical__purchase_hour_1,5,0.0182820909372386,0.045885107809656954,-0.038485177737527354,0.06952437440067363,3,2
classification,logistic_c1,categorical__purchase_hour_10,5,-0.14861211115870698,0.04955566718701409,-0.19290982443950466,-0.07443600448377694,0,5
classification,logistic_c1,categorical__purchase_hour_11,5,-0.16469800338464974,0.03464574195662234,-0.2119434959803529,-0.12077434409609303,0,5
classification,logistic_c1,categorical__purchase_hour_12,5,-0.09876588620843144,0.03951284115186332,-0.15359828486620664,-0.04988455643801736,0,5
classification,logistic_c1,categorical__purchase_hour_13,5,-0.2011597861752663,0.01668496300887699,-0.21908774784681173,-0.17871302731346578,0,5
classification,logistic_c1,categorical__purchase_hour_14,5,-0.16649563222128996,0.030067837997937972,-0.2171919675358685,-0.1410926992187319,0,5
classification,logistic_c1,categorical__purchase_hour_15,5,-0.13961577260882307,0.03564880234910378,-0.1681935811318118,-0.08170310911668067,0,5
classification,logistic_c1,categorical__purchase_hour_16,5,-0.1609609752851562,0.025359147658093432,-0.19954058514846287,-0.13629198592897857,0,5
classification,logistic_c1,categorical__purchase_hour_17,5,-0.18738246484735055,0.02543757176628305,-0.21299266771033928,-0.16108333908239963,0,5
classification,logistic_c1,categorical__purchase_hour_18,5,-0.07017957191923677,0.02880265581477533,-0.11966938951801201,-0.04828271719824301,0,5
classification,logistic_c1,categorical__purchase_hour_19,5,-0.07425971021421347,0.03806509752128325,-0.1311499489446959,-0.023884074237732804,0,5
classification,logistic_c1,categorical__purchase_hour_2,5,-0.0712149596053101,0.060400943448907764,-0.10983638023854125,0.029425050133705968,1,4
classification,logistic_c1,categorical__purchase_hour_20,5,-0.14903818711125819,0.02783555145326657,-0.19134137141135496,-0.12088279018305316,0,5
classification,logistic_c1,categorical__purchase_hour_21,5,-0.11926327519753847,0.042016212304196894,-0.18393390412385022,-0.07962564684383024,0,5
classification,logistic_c1,categorical__purchase_hour_22,5,-0.22371783841084092,0.05932791354484675,-0.3119809868730428,-0.17595025329377903,0,5
classification,logistic_c1,categorical__purchase_hour_23,5,-0.09618944280772916,0.04422628216397701,-0.17266830764843322,-0.06224567281889045,0,5
classification,logistic_c1,categorical__purchase_hour_3,5,-0.5001817873811223,0.10961414887538858,-0.6556674598849211,-0.3825841346841099,0,5
classification,logistic_c1,categorical__purchase_hour_4,5,0.25500129896337,0.17082243369270392,-0.0062332659931724314,0.457597507610058,4,1
classification,logistic_c1,categorical__purchase_hour_5,5,-0.13966540911231023,0.08127362729199776,-0.1936488375027088,0.003956197974522745,1,4
classification,logistic_c1,categorical__purchase_hour_6,5,0.03146573142590745,0.0914567697170577,-0.10299267930589438,0.14160441120430864,3,2
classification,logistic_c1,categorical__purchase_hour_7,5,-0.3151200063852654,0.02160169157180336,-0.33727464979190747,-0.2814087760262432,0,5
classification,logistic_c1,categorical__purchase_hour_8,5,-0.23316103287958642,0.018326812816156494,-0.2576593434164209,-0.2134995195175251,0,5
classification,logistic_c1,categorical__purchase_hour_9,5,-0.21448155179524991,0.022060414096721572,-0.23563600942734064,-0.18352589870458863,0,5
classification,logistic_c1,categorical__purchase_month_10,5,-0.20702402167996187,0.014320516400311028,-0.22248479318874897,-0.19056093069985597,0,5
classification,logistic_c1,categorical__purchase_month_11,5,0.22275347616934643,0.02137324437255072,0.19670892473913046,0.2462708062143235,5,0
classification,logistic_c1,categorical__purchase_month_12,5,0.11893100197918934,0.035569690608615784,0.07314744879513381,0.1667924325178772,5,0
classification,logistic_c1,categorical__purchase_month_2,5,0.30162405048305857,0.027315758799781483,0.273868691818348,0.34417731096816784,5,0
classification,logistic_c1,categorical__purchase_month_3,5,0.36835067188900594,0.03915927267315823,0.31232425358807786,0.41008717578150616,5,0
classification,logistic_c1,categorical__purchase_month_4,5,-0.11212329973675024,0.021875743714489346,-0.13301585166629357,-0.07813277043634667,0,5
classification,logistic_c1,categorical__purchase_month_5,5,-0.24667427122886246,0.01785875837872484,-0.27391433475261723,-0.2313929872285312,0,5
classification,logistic_c1,categorical__purchase_month_6,5,-0.3247706820197873,0.02666925293150155,-0.35498057886532636,-0.29177990960771605,0,5
classification,logistic_c1,categorical__purchase_month_7,5,-0.3459474236609117,0.043289137681234435,-0.4157347012247214,-0.3108427605178318,0,5
classification,logistic_c1,categorical__purchase_month_8,5,-0.337370793832069,0.024549515973599313,-0.3740811702929618,-0.3052126620413875,0,5
classification,logistic_c1,categorical__purchase_month_9,5,-0.2804580867435177,0.021570822370464662,-0.3063854425037188,-0.24724377012263496,0,5
classification,logistic_c1,numeric__category_missing_fraction,5,0.048910659949812876,0.011240922744018186,0.03028471374820685,0.06034994541018922,5,0
classification,logistic_c1,numeric__distance_km_max,5,0.06646434514968186,0.008523096797952585,0.05467830196149215,0.07559342294866778,5,0
classification,logistic_c1,numeric__distance_missing_fraction,5,0.049354383714266516,0.10666710774894762,-0.11423884798835594,0.15656927098233972,4,1
classification,logistic_c1,numeric__freight_ratio,5,0.007640515217764389,0.006097375177406207,-0.0022032921759471266,0.013632901313780948,4,1
classification,logistic_c1,numeric__freight_ratio_missing,5,0.0399212763396582,0.007921812840100968,0.027844942767003836,0.0488209858736772,5,0
classification,logistic_c1,numeric__has_items,5,-0.03992127633965819,0.007921812840104245,-0.0488209858736833,-0.027844942767000783,0,5
classification,logistic_c1,numeric__interstate_share,5,0.08381981344297132,0.01072014781944461,0.06757843561684336,0.09543338230637066,5,0
classification,logistic_c1,numeric__missingindicator_category_missing_fraction,5,0.0399212763396582,0.007921812840100968,0.027844942767003836,0.0488209858736772,5,0
classification,logistic_c1,numeric__missingindicator_distance_km_max,5,-0.07471296281118336,0.1347461223153242,-0.21778396342655407,0.12886496602186792,1,4
classification,logistic_c1,numeric__missingindicator_distance_missing_fraction,5,0.0399212763396582,0.007921812840100968,0.027844942767003836,0.0488209858736772,5,0
classification,logistic_c1,numeric__missingindicator_freight_ratio,5,0.0399212763396582,0.007921812840100968,0.027844942767003836,0.0488209858736772,5,0
classification,logistic_c1,numeric__missingindicator_interstate_share,5,0.0399212763396582,0.007921812840100968,0.027844942767003836,0.0488209858736772,5,0
classification,logistic_c1,numeric__missingindicator_payment_installments_max,5,-0.03613102919396037,0.018480106531319183,-0.04811307117734915,-0.003621296527549874,0,5
classification,logistic_c1,numeric__missingindicator_total_freight,5,0.0399212763396582,0.007921812840100968,0.027844942767003836,0.0488209858736772,5,0
classification,logistic_c1,numeric__missingindicator_total_price,5,0.0399212763396582,0.007921812840100968,0.027844942767003836,0.0488209858736772,5,0
classification,logistic_c1,numeric__missingindicator_total_volume_cm3,5,0.05186543381435486,0.00664406345592115,0.041341447475003214,0.05741997426958535,5,0
classification,logistic_c1,numeric__missingindicator_total_weight_g,5,0.020496857423188308,0.007945822934540001,0.008976662616367353,0.03120561890957977,5,0
classification,logistic_c1,numeric__missingindicator_volume_missing_fraction,5,0.0399212763396582,0.007921812840100968,0.027844942767003836,0.0488209858736772,5,0
classification,logistic_c1,numeric__missingindicator_weight_missing_fraction,5,0.0399212763396582,0.007921812840100968,0.027844942767003836,0.0488209858736772,5,0
classification,logistic_c1,numeric__n_categories,5,-0.0014222739119470515,0.010643282963953433,-0.010834247197053068,0.01524143236941629,2,3
classification,logistic_c1,numeric__n_items,5,0.16504172367929917,0.007095430347243692,0.15734060078083414,0.17597754467819554,5,0
classification,logistic_c1,numeric__n_payment_methods,5,-0.021902407007577084,0.009112721171509176,-0.03030284061417885,-0.007905728134337164,0,5
classification,logistic_c1,numeric__n_products,5,0.03248855090562201,0.006814990128916497,0.021930609776021785,0.03845942973334986,5,0
classification,logistic_c1,numeric__n_sellers,5,0.17044030100612603,0.008307728312171615,0.16010069469796823,0.18069631306299103,5,0
classification,logistic_c1,numeric__payment_installments_max,5,0.05376341166116168,0.007749998382158793,0.041100385854669845,0.0593460754673812,5,0
classification,logistic_c1,numeric__payment_missing,5,0.040864177408158564,0.03170073750632126,-0.003621296527549874,0.08553124249962472,4,1
classification,logistic_c1,numeric__total_freight,5,0.023557365135659265,0.007671512219720457,0.019282376864180724,0.03724563285610473,5,0
classification,logistic_c1,numeric__total_price,5,0.045010350275142684,0.005746805913637923,0.040873716166227654,0.0551188013930687,5,0
classification,logistic_c1,numeric__total_volume_cm3,5,0.026505349779245974,0.015652981589203432,0.009072247836791681,0.04361173566604884,5,0
classification,logistic_c1,numeric__total_weight_g,5,0.007148329150960196,0.01438239386194835,-0.009206834933230996,0.02670469433238745,3,2
classification,logistic_c1,numeric__volume_missing_fraction,5,0.07703099555775489,0.008208464881735357,0.06354263960467,0.08601272131560024,5,0
classification,logistic_c1,numeric__weight_missing_fraction,5,-0.10188508596846821,0.00605202003143823,-0.11153812828727867,-0.09493056799092371,0,5
regression,ridge_a1,categorical__customer_state_AL,5,6.40156791585378,0.3796605223450931,5.914469818511095,6.80346435347104,5,0
regression,ridge_a1,categorical__customer_state_AM,5,5.035266764980254,0.7742637997068434,4.386750686119974,6.175423955521905,5,0
regression,ridge_a1,categorical__customer_state_AP,5,4.2782197942256674,0.6996041847758226,3.302426355994641,5.033178039099987,5,0
regression,ridge_a1,categorical__customer_state_BA,5,2.9351863753149274,0.49659266920959555,2.363754821054186,3.4856647834191437,5,0
regression,ridge_a1,categorical__customer_state_CE,5,1.9692987755142966,0.40216124849310014,1.4928533945429783,2.498949479881525,5,0
regression,ridge_a1,categorical__customer_state_DF,5,-1.5524546225222007,0.5332084648691104,-2.147061808907062,-0.8252914414637773,0,5
regression,ridge_a1,categorical__customer_state_ES,5,1.0124030687173173,0.5702228574866964,0.4090700765151188,1.849471024704847,5,0
regression,ridge_a1,categorical__customer_state_GO,5,0.7727307961492267,0.6048741419078686,0.14526069412301823,1.5497881045230322,5,0
regression,ridge_a1,categorical__customer_state_MA,5,2.182094029615775,0.32171565030062244,1.7567745139749062,2.605689950965062,5,0
regression,ridge_a1,categorical__customer_state_MG,5,-1.4219989707269258,0.4808576959784435,-2.0322155193679823,-0.8465304266679036,0,5
regression,ridge_a1,categorical__customer_state_MS,5,0.6017482021516714,0.5388067701208564,-0.24414625076512836,1.1414326017044425,4,1
regression,ridge_a1,categorical__customer_state_MT,5,1.3077009660747845,0.47693129088681674,0.7154049618051239,1.8698503862606015,5,0
regression,ridge_a1,categorical__customer_state_PA,5,3.789155086067815,0.369018108516391,3.4031310913848047,4.178565757225139,5,0
regression,ridge_a1,categorical__customer_state_PB,5,2.0507059778752117,0.4898473474035524,1.5103179372213758,2.7193525878445652,5,0
regression,ridge_a1,categorical__customer_state_PE,5,-0.10133055095989166,0.4489757177828602,-0.5927772871711614,0.5234372237415089,2,3
regression,ridge_a1,categorical__customer_state_PI,5,1.1298343640685231,0.6285694076817671,0.16634093836483518,1.818471876679367,5,0
regression,ridge_a1,categorical__customer_state_PR,5,-1.1659582071453034,0.5357468013484884,-1.830838754570499,-0.4945434978015354,0,5
regression,ridge_a1,categorical__customer_state_RJ,5,1.754708892281623,0.4626064717345948,1.2175473514296469,2.28813673107765,5,0
regression,ridge_a1,categorical__customer_state_RN,5,-0.19336910682227026,0.7775081266251634,-1.2437027984285431,0.7558533273847142,2,3
regression,ridge_a1,categorical__customer_state_RO,5,-0.219720967655195,0.4565204354605847,-0.6067379723977692,0.5075925360765279,1,4
regression,ridge_a1,categorical__customer_state_RR,5,3.915333015294081,2.300498628540954,-0.09998631255304215,5.664162488432293,4,1
regression,ridge_a1,categorical__customer_state_RS,5,0.5237666393204374,0.5856141279304745,-0.10315075272172271,1.3467089896200646,4,1
regression,ridge_a1,categorical__customer_state_SC,5,1.2850977797018492,0.5557892877051379,0.6778620856469586,2.0530399920264304,5,0
regression,ridge_a1,categorical__customer_state_SE,5,4.030994192094029,0.5640909855904748,3.5012879398569443,4.82017637075918,5,0
regression,ridge_a1,categorical__customer_state_SP,5,-1.5184574794249168,0.5195388603194423,-2.13158178879072,-0.900173245061968,0,5
regression,ridge_a1,categorical__customer_state_TO,5,0.6760434230559134,0.597375021528727,0.18665048702023487,1.6245905967497416,5,0
regression,ridge_a1,categorical__primary_category_agro_industry_and_commerce,5,-1.316640900577395,0.21016083154328025,-1.6147754212497578,-1.1129346391618327,0,5
regression,ridge_a1,categorical__primary_category_air_conditioning,5,-0.02236486806612461,0.34910378519926805,-0.5359115541453353,0.3007750135999627,3,2
regression,ridge_a1,categorical__primary_category_art,5,0.13664373123684398,0.25114360244791284,-0.13928959581157319,0.4886961931483756,4,1
regression,ridge_a1,categorical__primary_category_arts_and_craftmanship,5,-0.6326147755592584,0.2177035681015458,-0.8833679302851478,-0.3354740715583876,0,5
regression,ridge_a1,categorical__primary_category_audio,5,1.1118705577798316,0.33663437201701374,0.6896418149431048,1.4793824948315566,5,0
regression,ridge_a1,categorical__primary_category_auto,5,-0.13175964364071896,0.11708842125138562,-0.2718046232876034,0.034103610672117035,1,4
regression,ridge_a1,categorical__primary_category_baby,5,0.5582973772324045,0.22432325372072298,0.24581363996638486,0.8433724196960566,5,0
regression,ridge_a1,categorical__primary_category_bed_bath_table,5,1.2750516155037714,0.16232853458287202,1.095183611891156,1.5201810263927187,5,0
regression,ridge_a1,categorical__primary_category_books_general_interest,5,-0.14827438384022784,0.08438148859952836,-0.2222008112548974,-0.015978972045568668,0,5
regression,ridge_a1,categorical__primary_category_books_imported,5,-1.058191240282689,0.3735147706134133,-1.4833290026340085,-0.5612278965216633,0,5
regression,ridge_a1,categorical__primary_category_books_technical,5,-0.6079531734710619,0.3628201659011747,-1.1699552319349507,-0.22324865366106394,0,5
regression,ridge_a1,categorical__primary_category_cds_dvds_musicals,5,0.06591700124821298,0.5693364332917105,-0.8775017737940655,0.5446522436087288,3,2
regression,ridge_a1,categorical__primary_category_christmas_supplies,5,2.733939629007858,0.21318444826831104,2.4876986720716934,3.0310778551111675,5,0
regression,ridge_a1,categorical__primary_category_cine_photo,5,-0.9671258052214199,0.25568433929837503,-1.2378987912818276,-0.5502063228090593,0,5
regression,ridge_a1,categorical__primary_category_computers,5,-1.0373454311908377,0.5343782884901587,-1.7206156547181077,-0.28062932683592007,0,5
regression,ridge_a1,categorical__primary_category_computers_accessories,5,0.7671048500429511,0.16960007856029138,0.5623803403015546,1.0260061427712517,5,0
regression,ridge_a1,categorical__primary_category_consoles_games,5,1.0144486909649781,0.1550622980963785,0.8737002202207188,1.2806296188125155,5,0
regression,ridge_a1,categorical__primary_category_construction_tools_construction,5,0.054520948645023805,0.27174224591204765,-0.25156565304374134,0.40438450071570725,3,2
regression,ridge_a1,categorical__primary_category_construction_tools_lights,5,-0.4592817018105542,0.2903717542548054,-0.9355374237829734,-0.2319610027469976,0,5
regression,ridge_a1,categorical__primary_category_construction_tools_safety,5,-0.8099744796294335,0.2382197240957384,-1.1410154432866424,-0.5584898711192695,0,5
regression,ridge_a1,categorical__primary_category_cool_stuff,5,-0.41121139147976243,0.1969410022284381,-0.5810689286124066,-0.1725922085700505,0,5
regression,ridge_a1,categorical__primary_category_costruction_tools_garden,5,-0.4872477783736522,0.34696653205649014,-0.8838672327681767,-0.03300192332192991,0,5
regression,ridge_a1,categorical__primary_category_costruction_tools_tools,5,-0.7004927592546057,0.36500314242002113,-1.176469090528369,-0.2904515830920333,0,5
regression,ridge_a1,categorical__primary_category_diapers_and_hygiene,5,2.1276489496142106,0.3733062168163191,1.5902111805222512,2.599983986226124,5,0
regression,ridge_a1,categorical__primary_category_drinks,5,-0.4094208794646428,0.17688128062383987,-0.5817007643771142,-0.14786637573938652,0,5
regression,ridge_a1,categorical__primary_category_dvds_blu_ray,5,1.3013685383730766,0.33339139412373453,0.9521840794519558,1.6951323423831517,5,0
regression,ridge_a1,categorical__primary_category_electronics,5,0.0015708203725251836,0.10245829916828939,-0.1109205886328548,0.13293553944526265,3,2
regression,ridge_a1,categorical__primary_category_fashio_female_clothing,5,2.4985398458134176,0.6605750244799599,1.580241269410731,3.265114777817659,5,0
regression,ridge_a1,categorical__primary_category_fashion_bags_accessories,5,-0.689288864425312,0.1774799286169805,-0.8885076989701983,-0.41403123430876626,0,5
regression,ridge_a1,categorical__primary_category_fashion_childrens_clothes,5,-0.8599745655380195,1.4101051311941244,-2.8154662077600454,1.1622185302398442,1,4
regression,ridge_a1,categorical__primary_category_fashion_male_clothing,5,1.465517951699383,0.24385016345159438,1.129402914102248,1.7224860306585823,5,0
regression,ridge_a1,categorical__primary_category_fashion_shoes,5,2.6936227162930044,0.35063391355150425,2.202097905485355,3.187490577039981,5,0
regression,ridge_a1,categorical__primary_category_fashion_sport,5,-0.9714481500702157,0.822794683017029,-2.3596894512409943,-0.3230613816187683,0,5
regression,ridge_a1,categorical__primary_category_fashion_underwear_beach,5,1.945798407931766,0.675311455086825,0.9437283202409035,2.75294319474715,5,0
regression,ridge_a1,categorical__primary_category_fixed_telephony,5,0.11465191205920722,0.1497999610270894,-0.06190633451987606,0.25635057232861463,3,2
regression,ridge_a1,categorical__primary_category_flowers,5,-1.0878870055897167,0.6504381942148608,-2.189950469312224,-0.5897132178560778,0,5
regression,ridge_a1,categorical__primary_category_food,5,-0.4393981424192317,0.2650253789719684,-0.7645715440853067,-0.09897274278841933,0,5
regression,ridge_a1,categorical__primary_category_food_drink,5,-1.0134725596280538,0.21426168057982092,-1.2876620763365996,-0.7814482621528461,0,5
regression,ridge_a1,categorical__primary_category_furniture_bedroom,5,1.2868323959994439,0.4548380415682123,0.6035245253482785,1.8504317697787123,5,0
regression,ridge_a1,categorical__primary_category_furniture_decor,5,0.7936972171804351,0.19007595547708409,0.5934646036907251,1.0343584797943939,5,0
regression,ridge_a1,categorical__primary_category_furniture_living_room,5,1.0902119441308904,0.28317111931448363,0.730770539632405,1.3814279476772087,5,0
regression,ridge_a1,categorical__primary_category_furniture_mattress_and_upholstery,5,2.449187899027745,1.3889463349315236,0.31518453799622187,3.734158076360728,5,0
regression,ridge_a1,categorical__primary_category_garden_tools,5,0.628755073853214,0.12514174064654685,0.45260005825679905,0.7990743022067621,5,0
regression,ridge_a1,categorical__primary_category_health_beauty,5,-0.26212585097172436,0.08862783634478412,-0.3839595509816342,-0.1611385074364175,0,5
regression,ridge_a1,categorical__primary_category_home_appliances,5,0.05008790552644662,0.07619560723715325,-0.008883680289759477,0.1788456738570321,3,2
regression,ridge_a1,categorical__primary_category_home_appliances_2,5,0.8560160293870235,0.7571132623270826,-0.18383500513605666,1.6910265830238012,4,1
regression,ridge_a1,categorical__primary_category_home_comfort_2,5,1.738951872355027,1.468219426470832,-0.5080240806478531,3.285973436668567,4,1
regression,ridge_a1,categorical__primary_category_home_confort,5,1.5241674494358814,0.2631090257556699,1.0796341089415344,1.7134067331698106,5,0
regression,ridge_a1,categorical__primary_category_home_construction,5,1.5574874953951061,0.3120726134256682,1.0203820508574648,1.7869398595328005,5,0
regression,ridge_a1,categorical__primary_category_housewares,5,-0.14323744592777535,0.1538707834767197,-0.3707805222740231,0.047821213917336666,1,4
regression,ridge_a1,categorical__primary_category_industry_commerce_and_business,5,-1.5077326094295815,0.3220408244612292,-2.018734126408193,-1.1439787672244017,0,5
regression,ridge_a1,categorical__primary_category_kitchen_dining_laundry_garden_furniture,5,-0.23211540491335744,0.28519926144354873,-0.6658402730604791,0.125564070239736,1,4
regression,ridge_a1,categorical__primary_category_la_cuisine,5,-2.5750279879396567,0.18164602564315627,-2.7717231887851015,-2.354492112841922,0,5
regression,ridge_a1,categorical__primary_category_luggage_accessories,5,-1.2015140805551714,0.18196227092872994,-1.4819884635675598,-1.0142802990932314,0,5
regression,ridge_a1,categorical__primary_category_market_place,5,-0.2605448714776331,0.3045047349300112,-0.6082221728950331,0.06911951386128702,1,4
regression,ridge_a1,categorical__primary_category_music,5,-0.4160642511912734,0.7670251229319351,-1.6526654043114657,0.11888710646110211,3,2
regression,ridge_a1,categorical__primary_category_musical_instruments,5,0.35160237726117816,0.2843816388456228,-0.02766411370840968,0.6920914698143367,4,1
regression,ridge_a1,categorical__primary_category_office_furniture,5,6.432362467401726,0.2999978765650753,5.989827196812155,6.739407063632471,5,0
regression,ridge_a1,categorical__primary_category_party_supplies,5,-2.111409828240713,0.28811149907104977,-2.453275778940693,-1.8214119452302089,0,5
regression,ridge_a1,categorical__primary_category_perfumery,5,-0.16191516232789918,0.19997611819656164,-0.3708233383487235,0.11410242685407805,1,4
regression,ridge_a1,categorical__primary_category_pet_shop,5,-0.26481856042691615,0.2130484847593247,-0.6144148360862405,-0.031169910277994577,0,5
regression,ridge_a1,categorical__primary_category_security_and_services,5,-0.4730583819573996,0.31415928778031704,-0.8156345595997369,-0.03158771466518394,0,5
regression,ridge_a1,categorical__primary_category_signaling_and_security,5,0.03917623360268907,0.5260620351964911,-0.8436111386490525,0.4692740937636078,3,2
regression,ridge_a1,categorical__primary_category_small_appliances,5,-0.8863669785453249,0.2835301760675332,-1.3888265380305984,-0.7252286965308895,0,5
regression,ridge_a1,categorical__primary_category_small_appliances_home_oven_and_coffee,5,-1.5049033577795394,0.30916034525634106,-1.806370854808542,-1.0499158543327782,0,5
regression,ridge_a1,categorical__primary_category_sports_leisure,5,-0.05426621245126556,0.19587035478346063,-0.2831655506776488,0.2059647203489884,2,3
regression,ridge_a1,categorical__primary_category_stationery,5,0.26884949486875975,0.19105480076783948,0.041135780443241954,0.47111880870792205,5,0
regression,ridge_a1,categorical__primary_category_tablets_printing_image,5,-1.0078449936399478,0.6613111016955663,-1.8225223542718798,-0.4154986941980529,0,5
regression,ridge_a1,categorical__primary_category_telephony,5,-0.1252826913735362,0.20529946619104922,-0.36711439931290635,0.15058478687405755,1,4
regression,ridge_a1,categorical__primary_category_toys,5,-0.4718637536687522,0.1955891961083324,-0.7687036094243738,-0.25412138333083095,0,5
regression,ridge_a1,categorical__primary_category_watches_gifts,5,0.3495497519587562,0.17980659199019977,0.10762511074155619,0.61436419050804,5,0
regression,ridge_a1,categorical__primary_payment_type_boleto,4,0.9175442171567967,0.07616873868701109,0.8109429135982488,0.9914735682980735,4,0
regression,ridge_a1,categorical__primary_payment_type_credit_card,5,-0.5893175238698428,0.42829197703179156,-1.3535010921435182,-0.3534289664175024,0,5
regression,ridge_a1,categorical__primary_payment_type_debit_card,5,-0.5770711809733073,0.404681455967383,-1.2806965136752964,-0.30409984556324293,0,5
regression,ridge_a1,categorical__primary_payment_type_voucher,5,-0.2514522126535242,0.32555224974821856,-0.7817826095048612,0.10151455467021515,1,4
regression,ridge_a1,categorical__primary_seller_state_BA,5,-2.2319003489785416,1.4918338527720592,-3.2559512706558333,0.40381026602830145,1,4
regression,ridge_a1,categorical__primary_seller_state_CE,5,-0.9312729810395044,1.2988843221680701,-2.689400039368614,0.7055768227933034,1,4
regression,ridge_a1,categorical__primary_seller_state_DF,5,-2.3689655969068606,1.2419132164693092,-3.01482248780703,-0.15555916798781816,0,5
regression,ridge_a1,categorical__primary_seller_state_ES,5,-3.266788551678613,1.258105798586735,-4.1986506495995695,-1.0696930967663623,0,5
regression,ridge_a1,categorical__primary_seller_state_GO,5,-1.9392697314996208,1.2908902491514103,-2.7052814634605014,0.3546398892153241,1,4
regression,ridge_a1,categorical__primary_seller_state_MA,5,0.6418580349707534,1.3315454408982677,-0.3803584113101323,2.900342134255415,3,2
regression,ridge_a1,categorical__primary_seller_state_MG,5,-1.1388057096121076,1.3229944168141943,-2.087576952610312,1.196894732437135,1,4
regression,ridge_a1,categorical__primary_seller_state_MS,5,-3.58717590521161,1.560757624092367,-5.370347555044849,-1.139168395137031,0,5
regression,ridge_a1,categorical__primary_seller_state_MT,5,-2.8004993975114525,1.57679511542579,-3.940112993179385,-0.09069379407181372,0,5
regression,ridge_a1,categorical__primary_seller_state_PA,5,0.6650392313521253,1.6054852382683413,-1.4114180132757612,2.8310042348884163,4,1
regression,ridge_a1,categorical__primary_seller_state_PB,5,-5.914035387895611,1.5300895684190459,-7.9055854548750135,-3.668876300351631,0,5
regression,ridge_a1,categorical__primary_seller_state_PE,5,-6.199525022179977,1.2610803356060147,-6.874082734275688,-3.9524794741293214,0,5
regression,ridge_a1,categorical__primary_seller_state_PI,5,-2.640623572542102,1.0754896095381339,-3.777154071187812,-0.9166506855514592,0,5
regression,ridge_a1,categorical__primary_seller_state_PR,5,-1.3949209966020966,1.3115704070885412,-2.1829934738835157,0.9416632313944413,1,4
regression,ridge_a1,categorical__primary_seller_state_RJ,5,-1.7083706710782782,1.3218350310622335,-2.5438701640833985,0.6300206542871198,1,4
regression,ridge_a1,categorical__primary_seller_state_RN,5,-2.280094891004946,0.7113589984262312,-2.9922209510247293,-1.1134220621524757,0,5
regression,ridge_a1,categorical__primary_seller_state_RO,5,-2.1309080112718695,1.838822812433838,-4.110307845387934,-0.043958642120407745,0,5
regression,ridge_a1,categorical__primary_seller_state_RS,5,-3.4418980273485076,1.2783691789542482,-4.286217860524764,-1.1771023069384634,0,5
regression,ridge_a1,categorical__primary_seller_state_SC,5,-1.0938531656703536,1.2191333896699459,-1.927228921073742,1.0535662778532975,1,4
regression,ridge_a1,categorical__primary_seller_state_SE,5,-6.448748767768381,1.1712426693260645,-7.921526549823231,-4.764008297779088,0,5
regression,ridge_a1,categorical__primary_seller_state_SP,5,-0.5061112989872096,1.2876621437449736,-1.3305731628822213,1.7818460462439496,1,4
regression,ridge_a1,categorical__purchase_dayofweek_1,5,0.11257524190783172,0.043885791334492,0.07204163847476867,0.16374307522566517,5,0
regression,ridge_a1,categorical__purchase_dayofweek_2,5,0.41301676563040396,0.03509479550198884,0.35586327354528274,0.4439031995617,5,0
regression,ridge_a1,categorical__purchase_dayofweek_3,5,0.6774214649015737,0.0547331818932834,0.6207112949291838,0.7432006170683142,5,0
regression,ridge_a1,categorical__purchase_dayofweek_4,5,1.2242724288834794,0.09101148958745114,1.095715192230337,1.3039825328176675,5,0
regression,ridge_a1,categorical__purchase_dayofweek_5,5,0.9727599798770419,0.033231305704507816,0.941697807807309,1.0153537394235659,5,0
regression,ridge_a1,categorical__purchase_dayofweek_6,5,0.014161426651426622,0.04700232127751861,-0.05475208282237303,0.06851801777807368,3,2
regression,ridge_a1,categorical__purchase_hour_1,5,-0.5228800030201293,0.2069221160203283,-0.6846422357190424,-0.1710567719077343,0,5
regression,ridge_a1,categorical__purchase_hour_10,5,-0.5102668146474766,0.15070099900885153,-0.6690796965912955,-0.292904709617513,0,5
regression,ridge_a1,categorical__purchase_hour_11,5,-0.7246980827630727,0.1809393847743602,-0.8787782702022422,-0.4641086844996928,0,5
regression,ridge_a1,categorical__purchase_hour_12,5,-0.5190117663922451,0.12863392718351616,-0.6442646603401041,-0.3804034860244669,0,5
regression,ridge_a1,categorical__purchase_hour_13,5,-0.4570548056083455,0.13123356327926122,-0.5931305606008123,-0.2392728056339898,0,5
regression,ridge_a1,categorical__purchase_hour_14,5,-0.32975384009467223,0.09305339106742834,-0.4247983929375008,-0.19045807591220432,0,5
regression,ridge_a1,categorical__purchase_hour_15,5,-0.3753822404114742,0.09658014491862892,-0.46235427949145463,-0.23142841883600854,0,5
regression,ridge_a1,categorical__purchase_hour_16,5,-0.3430953956682711,0.13502418803705066,-0.4362141416612162,-0.1156498550756725,0,5
regression,ridge_a1,categorical__purchase_hour_17,5,-0.5061738479556777,0.13611386206083773,-0.646991759304446,-0.312272603455416,0,5
regression,ridge_a1,categorical__purchase_hour_18,5,-0.27877187370578815,0.08565502001908785,-0.3790871240485168,-0.16714114010626777,0,5
regression,ridge_a1,categorical__purchase_hour_19,5,-0.3585374909972859,0.11995490183237567,-0.5167619015068781,-0.21656608959465012,0,5
regression,ridge_a1,categorical__purchase_hour_2,5,-0.4984520879008051,0.22145431770203683,-0.8511340131679446,-0.3072785688069346,0,5
regression,ridge_a1,categorical__purchase_hour_20,5,-0.3442668667606542,0.1764756732075256,-0.5082439065832541,-0.07156577389765811,0,5
regression,ridge_a1,categorical__purchase_hour_21,5,-0.2937679630876301,0.12758304791838793,-0.4347284991899861,-0.0885651090497553,0,5
regression,ridge_a1,categorical__purchase_hour_22,5,-0.43975744480796086,0.1431866424455201,-0.5930687417102947,-0.22707993722529385,0,5
regression,ridge_a1,categorical__purchase_hour_23,5,-0.22700836382548611,0.11051778907201815,-0.3982588367322849,-0.09530436100076838,0,5
regression,ridge_a1,categorical__purchase_hour_3,5,-0.4381262526582749,0.17661729776616872,-0.6410999027363073,-0.1581409863357535,0,5
regression,ridge_a1,categorical__purchase_hour_4,5,-0.017946595607587247,0.15705816497856898,-0.21250979289347813,0.2243336672229617,1,4
regression,ridge_a1,categorical__purchase_hour_5,5,-0.7159898448382036,0.20157352085438604,-0.9860808404604378,-0.4340967281918346,0,5
regression,ridge_a1,categorical__purchase_hour_6,5,-0.5072373936432628,0.3361464594754629,-0.9753246678081005,-0.035871498952694265,0,5
regression,ridge_a1,categorical__purchase_hour_7,5,-0.7039886697044304,0.19007461019245964,-0.9592634046209331,-0.49069050210550313,0,5
regression,ridge_a1,categorical__purchase_hour_8,5,-0.7688771172163322,0.08135704143038748,-0.9062180836909093,-0.6993179611725368,0,5
regression,ridge_a1,categorical__purchase_hour_9,5,-0.7121453788278058,0.1623000539447101,-0.9148579464140901,-0.4689575545581781,0,5
regression,ridge_a1,categorical__purchase_month_10,5,-1.9143874038612516,0.03954324178649035,-1.9661669113881493,-1.8624564150019094,0,5
regression,ridge_a1,categorical__purchase_month_11,5,0.9819285424130572,0.09324162418114149,0.8664272243999191,1.1196685232450454,5,0
regression,ridge_a1,categorical__purchase_month_12,5,1.5795152094866356,0.09414940633977309,1.4692147987478343,1.6923508540677572,5,0
regression,ridge_a1,categorical__purchase_month_2,5,2.0246714566012356,0.11980284496678471,1.9027505435518541,2.211742590579231,5,0
regression,ridge_a1,categorical__purchase_month_3,5,1.3397460192774098,0.11728270980195467,1.229454247355826,1.4702552436707492,5,0
regression,ridge_a1,categorical__purchase_month_4,5,-1.4916005208241994,0.04394967351878686,-1.5442795038835808,-1.4312753486711585,0,5
regression,ridge_a1,categorical__purchase_month_5,5,-2.292514895648997,0.06618588069568554,-2.3646007776424893,-2.190287052037016,0,5
regression,ridge_a1,categorical__purchase_month_6,5,-3.5611632680025003,0.062354581574205675,-3.608619766570018,-3.4604890215062767,0,5
regression,ridge_a1,categorical__purchase_month_7,5,-3.863519027426532,0.04643850488139739,-3.92317207753558,-3.801990223109362,0,5
regression,ridge_a1,categorical__purchase_month_8,5,-4.3136631104240895,0.016130804233641164,-4.3326408908483565,-4.2914753538046035,0,5
regression,ridge_a1,categorical__purchase_month_9,5,-2.4871084087828286,0.05611897206383417,-2.5349995622618837,-2.395372681773852,0,5
regression,ridge_a1,numeric__category_missing_fraction,5,-0.05766297584030011,0.029725922272725098,-0.08975366296159978,-0.022300478363745775,0,5
regression,ridge_a1,numeric__distance_km_max,5,1.9788795160036634,0.04370400028856779,1.9068120326892315,2.024316980007907,5,0
regression,ridge_a1,numeric__distance_missing_fraction,5,0.07278270101179077,0.07081334952082016,0.003343799121365145,0.1919369324562741,5,0
regression,ridge_a1,numeric__freight_ratio,5,-0.0016177739509049172,0.024528365971642537,-0.04418301086620986,0.014815189783142856,3,2
regression,ridge_a1,numeric__freight_ratio_missing,5,0.0,0.0,0.0,0.0,0,0
regression,ridge_a1,numeric__has_items,5,0.0,0.0,0.0,0.0,0,0
regression,ridge_a1,numeric__interstate_share,5,1.5617710620646388,0.028319221658859268,1.5264276879986172,1.593543299662625,5,0
regression,ridge_a1,numeric__missingindicator_distance_km_max,5,0.05250232833833542,0.08526432692298452,-0.08232198424877218,0.15076131740096746,4,1
regression,ridge_a1,numeric__missingindicator_payment_installments_max,4,-0.008529966069505453,0.0007661548436548089,-0.00929398321315636,-0.007750007681205266,0,4
regression,ridge_a1,numeric__missingindicator_total_volume_cm3,5,0.026807523576132558,0.007429107574484989,0.01820867812558931,0.033662111699770535,5,0
regression,ridge_a1,numeric__missingindicator_total_weight_g,5,-0.03149661656112677,0.011932488856287914,-0.04824385514529515,-0.014566605329881773,0,5
regression,ridge_a1,numeric__n_categories,5,-0.07559979811733038,0.016694850058711047,-0.08934485129754466,-0.04796127858521823,0,5
regression,ridge_a1,numeric__n_items,5,-0.300667457433241,0.022152007370586216,-0.3202521534171177,-0.2682935808819222,0,5
regression,ridge_a1,numeric__n_payment_methods,5,-0.018619648196038046,0.030910616315019825,-0.05104608839696589,0.019000739981438836,2,3
regression,ridge_a1,numeric__n_products,5,-0.03725172245774576,0.007219349692915749,-0.0442871697687893,-0.027583577637577444,0,5
regression,ridge_a1,numeric__n_sellers,5,-0.2806334686460845,0.013434749312064755,-0.2916287496270572,-0.26346471397821203,0,5
regression,ridge_a1,numeric__payment_installments_max,5,0.21859224693868334,0.018610096025474056,0.18707064971979318,0.23656555603482754,5,0
regression,ridge_a1,numeric__payment_missing,5,0.15141185485436162,0.08465655844228216,0.0,0.19089061576650132,4,0
regression,ridge_a1,numeric__total_freight,5,0.08466717228314699,0.021743558506718497,0.06433963463546825,0.11207402159114606,5,0
regression,ridge_a1,numeric__total_price,5,0.06857762750154586,0.028765161756007126,0.04020247383781848,0.1112655921857097,5,0
regression,ridge_a1,numeric__total_volume_cm3,5,0.09771279702539652,0.06493378742679885,0.005495106795170537,0.18887006139390364,5,0
regression,ridge_a1,numeric__total_weight_g,5,0.3302201367300395,0.053375795104930866,0.28183527479637205,0.4151438261432668,5,0
regression,ridge_a1,numeric__volume_missing_fraction,5,0.026807523576132558,0.007429107574484989,0.01820867812558931,0.033662111699770535,5,0
regression,ridge_a1,numeric__weight_missing_fraction,5,-0.03149661656112677,0.011932488856287914,-0.04824385514529515,-0.014566605329881773,0,5
regression,ridge_a100,categorical__customer_state_AL,5,3.717911542880104,0.20657176635085903,3.4230932993799317,3.9464054950339453,5,0
regression,ridge_a100,categorical__customer_state_AM,5,1.7131125213831246,0.26480076418677606,1.425689067151012,2.1321707868736572,5,0
regression,ridge_a100,categorical__customer_state_AP,5,0.9046943773236817,0.20360379188351854,0.671321639184914,1.1383443315397153,5,0
regression,ridge_a100,categorical__customer_state_BA,5,1.684523372300577,0.049269889527808246,1.6298002548923627,1.735784223103545,5,0
regression,ridge_a100,categorical__customer_state_CE,5,0.5081937318628946,0.0933935890974137,0.3611649972995223,0.6144928893342778,5,0
regression,ridge_a100,categorical__customer_state_DF,5,-2.3919195788186203,0.08640831020457948,-2.451114481876442,-2.2398027963394664,0,5
regression,ridge_a100,categorical__customer_state_ES,5,-0.010852491917121785,0.13934946141068624,-0.12770362859653778,0.23069551189412038,1,4
regression,ridge_a100,categorical__customer_state_GO,5,-0.22160823169928295,0.14177220680320987,-0.41032727038924727,-0.025154597678318433,0,5
regression,ridge_a100,categorical__customer_state_MA,5,0.6809121217950121,0.1427485862031049,0.4778897690941597,0.8663948077281266,5,0
regression,ridge_a100,categorical__customer_state_MG,5,-2.3407942986133556,0.05272195109858221,-2.3993410043352514,-2.2704260721224303,0,5
regression,ridge_a100,categorical__customer_state_MS,5,-0.34066721150474505,0.16176072670680236,-0.5857931593274426,-0.1400803279007842,0,5
regression,ridge_a100,categorical__customer_state_MT,5,0.1293990229693845,0.03950753968094402,0.06231997619719037,0.15421604633990363,5,0
regression,ridge_a100,categorical__customer_state_PA,5,2.0336104070536813,0.11271341766834729,1.882170873054673,2.1545556745094294,5,0
regression,ridge_a100,categorical__customer_state_PB,5,0.5247877975832504,0.08435478812942586,0.44031629212561346,0.661789231203105,5,0
regression,ridge_a100,categorical__customer_state_PE,5,-1.3144610680266056,0.07840097084404382,-1.3927430249605048,-1.2056704593926368,0,5
regression,ridge_a100,categorical__customer_state_PI,5,-0.15772838933401867,0.3177038388847869,-0.5649442026888305,0.2518134405122231,2,3
regression,ridge_a100,categorical__customer_state_PR,5,-2.040592465857298,0.07364670226736979,-2.151204860113232,-1.9561057668993367,0,5
regression,ridge_a100,categorical__customer_state_RJ,5,0.8081425637718815,0.031194744031801187,0.7536704858478387,0.8275489931317527,5,0
regression,ridge_a100,categorical__customer_state_RN,5,-1.1720052935116145,0.34207359670062865,-1.5958364603394195,-0.8045886510863828,0,5
regression,ridge_a100,categorical__customer_state_RO,5,-0.9707850125758947,0.19870689724653964,-1.3131805303828303,-0.8054831047087319,0,5
regression,ridge_a100,categorical__customer_state_RR,5,0.5206754330263755,0.5842139501290999,-0.5051526117639134,0.8971996024629283,4,1
regression,ridge_a100,categorical__customer_state_RS,5,-0.49902609452204716,0.14530258090077564,-0.6098817379578291,-0.25137644264419745,0,5
regression,ridge_a100,categorical__customer_state_SC,5,0.3185722757949571,0.10515927771052903,0.2269491363715649,0.4966193703839293,5,0
regression,ridge_a100,categorical__customer_state_SE,5,1.8926805068310237,0.2633011269797907,1.531684432890821,2.2516851125859723,5,0
regression,ridge_a100,categorical__customer_state_SP,5,-2.436253727500559,0.04052152738924096,-2.4939774523804874,-2.396771145675618,0,5
regression,ridge_a100,categorical__customer_state_TO,5,-0.33121793613642947,0.2048652620271968,-0.6280925144311064,-0.06676891715666208,0,5
regression,ridge_a100,categorical__primary_category_agro_industry_and_commerce,5,-0.7893007555316798,0.1432289411035347,-0.9855462730146123,-0.6080539997161903,0,5
regression,ridge_a100,categorical__primary_category_air_conditioning,5,-0.14793607302040754,0.19479400113156883,-0.3652161437576902,0.04356791306248612,2,3
regression,ridge_a100,categorical__primary_category_art,5,-0.033588281135845874,0.1181269033047748,-0.15289055280918365,0.1479084761706822,2,3
regression,ridge_a100,categorical__primary_category_arts_and_craftmanship,5,-0.1367654987996551,0.027906693126202226,-0.18268170333805123,-0.10862115363959103,0,5
regression,ridge_a100,categorical__primary_category_audio,5,0.604986272630119,0.18298269598526415,0.38140624995573585,0.7465946702523627,5,0
regression,ridge_a100,categorical__primary_category_auto,5,-0.3685219484442817,0.08918129309682601,-0.48553120281424944,-0.2455184247061298,0,5
regression,ridge_a100,categorical__primary_category_baby,5,0.28388893647860075,0.10891116128726422,0.1633277243140881,0.39186066863924607,5,0
regression,ridge_a100,categorical__primary_category_bed_bath_table,5,0.9964857637004597,0.06284741890170586,0.8961256151713771,1.0693951729045097,5,0
regression,ridge_a100,categorical__primary_category_books_general_interest,5,-0.28716770188734003,0.10287049125895247,-0.4117514288058409,-0.15942224976422315,0,5
regression,ridge_a100,categorical__primary_category_books_imported,5,-0.3132303849317428,0.08184143560488465,-0.42337114108217827,-0.20635293083216427,0,5
regression,ridge_a100,categorical__primary_category_books_technical,5,-0.5145329973533244,0.1567404427657538,-0.7737729280124606,-0.37850007330216046,0,5
regression,ridge_a100,categorical__primary_category_cds_dvds_musicals,5,-0.010663330680626793,0.035796588401201514,-0.06953875764664232,0.02148274227237073,2,3
regression,ridge_a100,categorical__primary_category_christmas_supplies,5,1.1076515747151945,0.12674020126168492,0.9591988769521029,1.2565148310556895,5,0
regression,ridge_a100,categorical__primary_category_cine_photo,5,-0.35696102598698565,0.06085681241596498,-0.45055902341955006,-0.2880302753214065,0,5
regression,ridge_a100,categorical__primary_category_computers,5,-0.6110366769752027,0.2008124651585276,-0.8711750936453205,-0.3185322547122874,0,5
regression,ridge_a100,categorical__primary_category_computers_accessories,5,0.4814975429619775,0.05537161145124995,0.424623656613884,0.5701187498348761,5,0
regression,ridge_a100,categorical__primary_category_consoles_games,5,0.653515101163527,0.11947069027583349,0.4880972438041013,0.7823637536715679,5,0
regression,ridge_a100,categorical__primary_category_construction_tools_construction,5,-0.18713454900026996,0.17512352612352916,-0.39917447655195354,0.06742866264801756,1,4
regression,ridge_a100,categorical__primary_category_construction_tools_lights,5,-0.4552620692368968,0.13648312251613975,-0.6949742592583411,-0.35481848140657524,0,5
regression,ridge_a100,categorical__primary_category_construction_tools_safety,5,-0.5298890523481273,0.16001282593805652,-0.6890141736185221,-0.3339291867622006,0,5
regression,ridge_a100,categorical__primary_category_cool_stuff,5,-0.6274789612480035,0.13869121742838264,-0.8327347973728054,-0.5028313183370391,0,5
regression,ridge_a100,categorical__primary_category_costruction_tools_garden,5,-0.403064435774161,0.2209734501596137,-0.6252040318646883,-0.08443730171845264,0,5
regression,ridge_a100,categorical__primary_category_costruction_tools_tools,5,-0.35923966690807,0.16400214866654098,-0.5563466046573308,-0.1594140742217972,0,5
regression,ridge_a100,categorical__primary_category_diapers_and_hygiene,5,0.2678235481163682,0.034602921213717795,0.21813200287872517,0.3017701133362074,5,0
regression,ridge_a100,categorical__primary_category_drinks,5,-0.40742653902597575,0.10280861490188409,-0.5462366445503957,-0.27323632169917816,0,5
regression,ridge_a100,categorical__primary_category_dvds_blu_ray,5,0.2761225336632877,0.11304219168286372,0.16143780585059211,0.44253496219268956,5,0
regression,ridge_a100,categorical__primary_category_electronics,5,-0.19567126357471099,0.10238280090421784,-0.3161380949301388,-0.11002942259209116,0,5
regression,ridge_a100,categorical__primary_category_fashio_female_clothing,5,0.46067359787638695,0.14141570425967673,0.23116583420207343,0.5816252708552496,5,0
regression,ridge_a100,categorical__primary_category_fashion_bags_accessories,5,-0.8343227533770348,0.0662735624661561,-0.9229857163554696,-0.7370413689863143,0,5
regression,ridge_a100,categorical__primary_category_fashion_childrens_clothes,5,-0.06603595479809524,0.08170235609613,-0.17685174514786614,0.048119218914695366,1,4
regression,ridge_a100,categorical__primary_category_fashion_male_clothing,5,0.5266277034359901,0.09974380152126883,0.3728952476047733,0.6221253704853633,5,0
regression,ridge_a100,categorical__primary_category_fashion_shoes,5,1.4468928952518774,0.15967666916532136,1.275453100426219,1.6966605486194315,5,0
regression,ridge_a100,categorical__primary_category_fashion_sport,5,-0.18199206390315475,0.10116442065259856,-0.34749538908109273,-0.0929997356617942,0,5
regression,ridge_a100,categorical__primary_category_fashion_underwear_beach,5,0.7331528947933322,0.2439599748110604,0.3730481591272459,1.0264014586256958,5,0
regression,ridge_a100,categorical__primary_category_fixed_telephony,5,-0.029766198313800195,0.1607436236953089,-0.22785389796257174,0.15962000562744266,2,3
regression,ridge_a100,categorical__primary_category_flowers,5,-0.18566743219284923,0.08070196190492536,-0.3233222973625146,-0.12184520898528305,0,5
regression,ridge_a100,categorical__primary_category_food,5,-0.47583810556417794,0.19526162249301174,-0.7815299917817495,-0.2406091109039716,0,5
regression,ridge_a100,categorical__primary_category_food_drink,5,-0.7229098927927968,0.04970572640464128,-0.7821121268370588,-0.6554842117227224,0,5
regression,ridge_a100,categorical__primary_category_furniture_bedroom,5,0.3660836494035141,0.16859897374019012,0.12331739288285852,0.5981735687336215,5,0
regression,ridge_a100,categorical__primary_category_furniture_decor,5,0.5327286915061802,0.07281168513233177,0.4426640014364781,0.6088381700488301,5,0
regression,ridge_a100,categorical__primary_category_furniture_living_room,5,0.5810428707680066,0.11773785779160315,0.4588373771564673,0.7505714599825047,5,0
regression,ridge_a100,categorical__primary_category_furniture_mattress_and_upholstery,5,0.4469628230201674,0.2831466435134666,-0.01026528597064032,0.7078637510903127,4,1
regression,ridge_a100,categorical__primary_category_garden_tools,5,0.3405486859349142,0.035194787140820555,0.29168903193594237,0.3906816440291241,5,0
regression,ridge_a100,categorical__primary_category_health_beauty,5,-0.4401987642867383,0.06929182368332053,-0.5306934910987705,-0.3843929460892411,0,5
regression,ridge_a100,categorical__primary_category_home_appliances,5,-0.1752771792073196,0.1084455989567194,-0.3249305559988798,-0.07391856504507867,0,5
regression,ridge_a100,categorical__primary_category_home_appliances_2,5,0.3785237207116846,0.42205407071077033,-0.2720105469992129,0.7628984916464198,4,1
regression,ridge_a100,categorical__primary_category_home_comfort_2,5,0.2011128622123707,0.19352569945846876,-0.11759986720343554,0.3716975578293691,4,1
regression,ridge_a100,categorical__primary_category_home_confort,5,0.8745180249922786,0.11667725547892875,0.6945911339381328,0.9819022459836704,5,0
regression,ridge_a100,categorical__primary_category_home_construction,5,0.9837136141623134,0.2661979461777675,0.5591895933554955,1.215454615800184,5,0
regression,ridge_a100,categorical__primary_category_housewares,5,-0.4021137895196908,0.04708163707683383,-0.4562084983558267,-0.3469233990842565,0,5
regression,ridge_a100,categorical__primary_category_industry_commerce_and_business,5,-1.066706099180337,0.16172413456221146,-1.3066968139364186,-0.9189139812665169,0,5
regression,ridge_a100,categorical__primary_category_kitchen_dining_laundry_garden_furniture,5,-0.32704994072332266,0.1884397504100366,-0.6281596260820679,-0.15166439188513342,0,5
regression,ridge_a100,categorical__primary_category_la_cuisine,5,-0.19410421632891248,0.04237797430946327,-0.23683384469642182,-0.13899536163029236,0,5
regression,ridge_a100,categorical__primary_category_luggage_accessories,5,-1.2632673844136109,0.043510712890639854,-1.3369685627755061,-1.2218732997177584,0,5
regression,ridge_a100,categorical__primary_category_market_place,5,-0.29222249250717935,0.11430271426780736,-0.4564838641050027,-0.19314252911755184,0,5
regression,ridge_a100,categorical__primary_category_music,5,-0.126216647007633,0.15015712942212484,-0.36871126705646845,0.004165835641906252,1,4
regression,ridge_a100,categorical__primary_category_musical_instruments,5,0.11947861899245867,0.14171014837680362,-0.11452810300293362,0.25682900137015713,4,1
regression,ridge_a100,categorical__primary_category_office_furniture,5,5.425814569223254,0.19633796693916336,5.203324925516308,5.627886341994276,5,0
regression,ridge_a100,categorical__primary_category_party_supplies,5,-0.4541319702000024,0.06697666613610494,-0.5193217585734722,-0.3774451952617812,0,5
regression,ridge_a100,categorical__primary_category_perfumery,5,-0.37623995036222274,0.08637763492963865,-0.4768461235487213,-0.2755530137355952,0,5
regression,ridge_a100,categorical__primary_category_pet_shop,5,-0.48397871437100815,0.13900715253893278,-0.639972517457615,-0.3150090159211459,0,5
regression,ridge_a100,categorical__primary_category_security_and_services,5,-0.01988810032408056,0.008755829575194095,-0.026319781440092282,-0.005043428237160819,0,5
regression,ridge_a100,categorical__primary_category_signaling_and_security,5,-0.12072306339939573,0.22465045592354685,-0.5125935152485288,0.06271787696016363,1,4
regression,ridge_a100,categorical__primary_category_small_appliances,5,-0.9034683754513753,0.16283363162608272,-1.1608931713761965,-0.7125823486360502,0,5
regression,ridge_a100,categorical__primary_category_small_appliances_home_oven_and_coffee,5,-0.561131759119948,0.10609746179842755,-0.7049509821590846,-0.4646670879545041,0,5
regression,ridge_a100,categorical__primary_category_sports_leisure,5,-0.27590121564206144,0.0749191182118291,-0.34601557171355796,-0.18858247692404523,0,5
regression,ridge_a100,categorical__primary_category_stationery,5,0.04720911204970403,0.08602968504829075,-0.08368892520195326,0.14940475180550192,4,1
regression,ridge_a100,categorical__primary_category_tablets_printing_image,5,-0.4069037149825873,0.19898111465487506,-0.6401811678229703,-0.21412129385214135,0,5
regression,ridge_a100,categorical__primary_category_telephony,5,-0.3147211935406894,0.0694693515932643,-0.378780099192572,-0.20853204501211903,0,5
regression,ridge_a100,categorical__primary_category_toys,5,-0.6876291993122315,0.07390187813295049,-0.7975368500073042,-0.620211745725755,0,5
regression,ridge_a100,categorical__primary_category_watches_gifts,5,0.12623962875580647,0.06960142876483563,0.06807116401946307,0.2178594563634831,5,0
regression,ridge_a100,categorical__primary_payment_type_boleto,4,0.8991780646533384,0.07521211248819336,0.7936565710908465,0.9714571547991049,4,0
regression,ridge_a100,categorical__primary_payment_type_credit_card,5,-0.5854656881492485,0.4107543363236403,-1.318354672548267,-0.3584108369465289,0,5
regression,ridge_a100,categorical__primary_payment_type_debit_card,5,-0.531604036741531,0.3530304441735732,-1.1425256009918179,-0.2904405480481747,0,5
regression,ridge_a100,categorical__primary_payment_type_voucher,5,-0.2326802560113353,0.2842159600301175,-0.6881234719199751,0.08842340433525459,1,4
regression,ridge_a100,categorical__primary_seller_state_BA,5,-0.2716073226850745,0.2142617851894498,-0.5044969919393945,0.026876989392469904,1,4
regression,ridge_a100,categorical__primary_seller_state_CE,5,0.385613821570449,0.3355608071543927,-0.0499853540649554,0.7682043882978853,4,1
regression,ridge_a100,categorical__primary_seller_state_DF,5,-0.23268624612492625,0.06841085033082578,-0.2826501575651037,-0.1147607454433299,0,5
regression,ridge_a100,categorical__primary_seller_state_ES,5,-0.7910948223967984,0.10405434129289573,-0.8945078623002722,-0.6567306125281553,0,5
regression,ridge_a100,categorical__primary_seller_state_GO,5,0.15547431922628002,0.12902653269128167,-0.01889028818579234,0.31753470594915517,4,1
regression,ridge_a100,categorical__primary_seller_state_MA,5,1.710483115251019,0.23800859571796892,1.5445878103411825,2.114116498967193,5,0
regression,ridge_a100,categorical__primary_seller_state_MG,5,0.9701920264451143,0.1439022844679982,0.7800949597319365,1.1382666005235216,5,0
regression,ridge_a100,categorical__primary_seller_state_MS,5,-0.3648571363479919,0.1280330223035752,-0.5627642108947656,-0.2181394171508822,0,5
regression,ridge_a100,categorical__primary_seller_state_MT,5,-0.4062083325986464,0.19150948097428042,-0.5875590725682324,-0.17491576749707616,0,5
regression,ridge_a100,categorical__primary_seller_state_PA,5,0.12431931415083755,0.04732743774399916,0.05444376983232927,0.17215508927539505,5,0
regression,ridge_a100,categorical__primary_seller_state_PB,5,-0.7331989292778429,0.13060712347080433,-0.916900604584916,-0.55511687688425,0,5
regression,ridge_a100,categorical__primary_seller_state_PE,5,-2.98975823190704,0.06701266200665618,-3.0568908293147494,-2.8821034362914446,0,5
regression,ridge_a100,categorical__primary_seller_state_PI,5,-0.053131731122965056,0.02561671712138704,-0.07277363761954397,-0.009660989320065682,0,5
regression,ridge_a100,categorical__primary_seller_state_PR,5,0.7033676951821513,0.09142719567849741,0.5712796017219294,0.803178894371729,5,0
regression,ridge_a100,categorical__primary_seller_state_RJ,5,0.4166978429358269,0.21220872608188981,0.08652692602769953,0.6282658833985679,5,0
regression,ridge_a100,categorical__primary_seller_state_RN,5,-0.07093083211162468,0.1622549135870617,-0.33860651761382665,0.07739909746485138,2,3
regression,ridge_a100,categorical__primary_seller_state_RO,5,-0.05364412484495107,0.09406233737694973,-0.12864351316973677,0.10071314547254252,1,4
regression,ridge_a100,categorical__primary_seller_state_RS,5,-1.3364783199921804,0.07766572542670447,-1.4047996611075002,-1.218477009534386,0,5
regression,ridge_a100,categorical__primary_seller_state_SC,5,0.9454348730310136,0.18305082421116964,0.8387614159802941,1.271417291569524,5,0
regression,ridge_a100,categorical__primary_seller_state_SE,5,-0.300605487355693,0.0567634939462411,-0.36813007727055524,-0.21979856176822718,0,5
regression,ridge_a100,categorical__primary_seller_state_SP,5,1.6280738563396777,0.09405914482230715,1.5298665909003801,1.7597486410792726,5,0
regression,ridge_a100,categorical__purchase_dayofweek_1,5,0.07748412844191277,0.04230566823985531,0.036279128095434536,0.12706006493241465,5,0
regression,ridge_a100,categorical__purchase_dayofweek_2,5,0.3778912275931635,0.03379903498133337,0.3239517340209581,0.4098721717422417,5,0
regression,ridge_a100,categorical__purchase_dayofweek_3,5,0.6369776927522185,0.053173736896321155,0.5783834109722127,0.7040554330707184,5,0
regression,ridge_a100,categorical__purchase_dayofweek_4,5,1.1761259331243352,0.08798612128119641,1.0503398278655502,1.2517026710987285,5,0
regression,ridge_a100,categorical__purchase_dayofweek_5,5,0.9367536279407819,0.03300287391867899,0.9039058717962102,0.9777870601449037,5,0
regression,ridge_a100,categorical__purchase_dayofweek_6,5,-0.022347576876326387,0.044753324859426714,-0.08690977449863231,0.027089789468183627,2,3
regression,ridge_a100,categorical__purchase_hour_1,5,-0.22060896372285793,0.13946097416353456,-0.337686215950947,0.006394850798912491,1,4
regression,ridge_a100,categorical__purchase_hour_10,5,-0.2502536975507585,0.09507171145899508,-0.37385920396969474,-0.12126734748856755,0,5
regression,ridge_a100,categorical__purchase_hour_11,5,-0.4542678354867717,0.12026114796065664,-0.5594850048268077,-0.2844268017687538,0,5
regression,ridge_a100,categorical__purchase_hour_12,5,-0.24986476193242585,0.07602778517849909,-0.32123244445860066,-0.1477742899862798,0,5
regression,ridge_a100,categorical__purchase_hour_13,5,-0.19949662125154913,0.10447351492971658,-0.3615074312431857,-0.06897379616547522,0,5
regression,ridge_a100,categorical__purchase_hour_14,5,-0.06891398414100797,0.059513293049844956,-0.12639600494544023,0.006413916978083284,1,4
regression,ridge_a100,categorical__purchase_hour_15,5,-0.11324080884412524,0.06711631166147529,-0.16828801554159287,-0.0023100090952998214,0,5
regression,ridge_a100,categorical__purchase_hour_16,5,-0.08228708220402,0.08221750236598621,-0.1405735977049474,0.060382961944734165,1,4
regression,ridge_a100,categorical__purchase_hour_17,5,-0.246213061618011,0.07769802806363808,-0.32691715632632834,-0.13847661072996448,0,5
regression,ridge_a100,categorical__purchase_hour_18,5,-0.0220176297125399,0.044297235380158256,-0.09530609384514276,0.015779498125209443,2,3
regression,ridge_a100,categorical__purchase_hour_19,5,-0.09249456037770609,0.08769549792938995,-0.2177189117436804,0.010699425080404446,1,4
regression,ridge_a100,categorical__purchase_hour_2,5,-0.16502852746320856,0.15990900040224096,-0.39544688306527787,0.0019670023702067106,1,4
regression,ridge_a100,categorical__purchase_hour_20,5,-0.08494069378766261,0.11973871733617501,-0.2167640946183427,0.0946850917767883,1,4
regression,ridge_a100,categorical__purchase_hour_21,5,-0.0311384799239046,0.0812986424434863,-0.1375349719714152,0.08403812679449964,1,4
regression,ridge_a100,categorical__purchase_hour_22,5,-0.16516034727712364,0.0868480676875468,-0.26346896573524897,-0.04239634959683241,0,5
regression,ridge_a100,categorical__purchase_hour_23,5,0.03539466628954896,0.07169495060650105,-0.07792037687202612,0.10462748314810977,4,1
regression,ridge_a100,categorical__purchase_hour_3,5,-0.09337735870224494,0.11341312011970034,-0.18205054075446944,0.09907983683916326,1,4
regression,ridge_a100,categorical__purchase_hour_4,5,0.12919894676073637,0.07717443783833816,0.00953843459642215,0.22231182230076804,5,0
regression,ridge_a100,categorical__purchase_hour_5,5,-0.23984791997684335,0.11688235523032446,-0.38956082848778273,-0.07009520929278898,0,5
regression,ridge_a100,categorical__purchase_hour_6,5,-0.18856372165408233,0.26830657000875463,-0.59985035548399,0.14121044784008846,1,4
regression,ridge_a100,categorical__purchase_hour_7,5,-0.39801330767206416,0.13087269764712442,-0.6005484311421122,-0.28574671890776887,0,5
regression,ridge_a100,categorical__purchase_hour_8,5,-0.4973549456774105,0.06719209464991412,-0.602148126684671,-0.43401926393793877,0,5
regression,ridge_a100,categorical__purchase_hour_9,5,-0.4386579901261925,0.12312456826453547,-0.603496294874846,-0.2887486748820308,0,5
regression,ridge_a100,categorical__purchase_month_10,5,-1.6280272129754494,0.032536959468949876,-1.672773910510208,-1.5908634483903887,0,5
regression,ridge_a100,categorical__purchase_month_11,5,1.188059699819343,0.08798052257613438,1.0847995127834291,1.3215221111234245,5,0
regression,ridge_a100,categorical__purchase_month_12,5,1.7536372997889287,0.08803497559391585,1.6521736359274666,1.8578523863196488,5,0
regression,ridge_a100,categorical__purchase_month_2,5,2.204665859598181,0.11389706227834535,2.088352961253802,2.384248066461749,5,0
regression,ridge_a100,categorical__purchase_month_3,5,1.5422630497017618,0.11402135439893767,1.4319224859419397,1.6764104461799159,5,0
regression,ridge_a100,categorical__purchase_month_4,5,-1.2479298989864815,0.04018088182413324,-1.2940816427203272,-1.196177823978034,0,5
regression,ridge_a100,categorical__purchase_month_5,5,-2.044588664519452,0.06033537787089358,-2.107185093322458,-1.9477391620551308,0,5
regression,ridge_a100,categorical__purchase_month_6,5,-3.2762356780600377,0.057018618270067815,-3.3283217388233663,-3.188966038320903,0,5
regression,ridge_a100,categorical__purchase_month_7,5,-3.5770310540374686,0.04096158414522796,-3.6280783234225376,-3.525193272440488,0,5
regression,ridge_a100,categorical__purchase_month_8,5,-4.034325739081444,0.012429580456121282,-4.053879534577484,-4.01943028296092,0,5
regression,ridge_a100,categorical__purchase_month_9,5,-2.173789319817859,0.053371708417215086,-2.2197183452092544,-2.087353998767441,0,5
regression,ridge_a100,numeric__category_missing_fraction,5,-0.0867363765448942,0.01621612337518083,-0.1009268585487102,-0.06654738242965251,0,5
regression,ridge_a100,numeric__distance_km_max,5,2.1391861347895835,0.03578414436493893,2.090921111981461,2.1881497334069073,5,0
regression,ridge_a100,numeric__distance_missing_fraction,5,0.07940177340405156,0.039230645598468554,0.03949882881729811,0.1437088322283109,5,0
regression,ridge_a100,numeric__freight_ratio,5,0.0019077923226352446,0.02539262966895366,-0.04169297358066456,0.02017838063961912,4,1
regression,ridge_a100,numeric__freight_ratio_missing,5,0.0,0.0,0.0,0.0,0,0
regression,ridge_a100,numeric__has_items,5,0.0,0.0,0.0,0.0,0,0
regression,ridge_a100,numeric__interstate_share,5,1.5257950156532032,0.024555489000773364,1.5000984573100555,1.557963056551999,5,0
regression,ridge_a100,numeric__missingindicator_distance_km_max,5,0.04982054125600951,0.05414491898818173,-0.03088412182590761,0.11749022198734523,4,1
regression,ridge_a100,numeric__missingindicator_payment_installments_max,4,-0.0087496903412433,0.0007952661364263305,-0.00948911587081568,-0.008050142628684967,0,4
regression,ridge_a100,numeric__missingindicator_total_volume_cm3,5,0.02655798165366089,0.007495644000931023,0.017570205406639814,0.03358158284862772,5,0
regression,ridge_a100,numeric__missingindicator_total_weight_g,5,-0.03166300341233815,0.01182349542596413,-0.048196293545466166,-0.01482848135781128,0,5
regression,ridge_a100,numeric__n_categories,5,-0.07980171684056454,0.016168389870313396,-0.09320442210989459,-0.05332897140131508,0,5
regression,ridge_a100,numeric__n_items,5,-0.30031777190113884,0.02258983100291267,-0.3217135188092915,-0.2670795067391137,0,5
regression,ridge_a100,numeric__n_payment_methods,5,-0.021780974496458702,0.03181276301774401,-0.057150208507050056,0.016350874009564104,2,3
regression,ridge_a100,numeric__n_products,5,-0.03597981094346432,0.007358888973292457,-0.04450302510235606,-0.026577192201853474,0,5
regression,ridge_a100,numeric__n_sellers,5,-0.2845380789012187,0.012247529385052958,-0.2949083221822663,-0.2690108847211325,0,5
regression,ridge_a100,numeric__payment_installments_max,5,0.21818121326569867,0.01836387786758226,0.18713384990634785,0.23591246189168838,5,0
regression,ridge_a100,numeric__payment_missing,5,0.15073600417344962,0.08427885567700807,0.0,0.18994213223550843,4,0
regression,ridge_a100,numeric__total_freight,5,0.0833658500945981,0.020793001127075498,0.06528784990429395,0.11004170602074394,5,0
regression,ridge_a100,numeric__total_price,5,0.04634100342260265,0.02951410273330352,0.015473742071742496,0.09077918377659515,5,0
regression,ridge_a100,numeric__total_volume_cm3,5,0.12256975688091828,0.06061629121067658,0.03784990166404786,0.20906357560432637,5,0
regression,ridge_a100,numeric__total_weight_g,5,0.3498426510468065,0.051518854377095455,0.30320099705299774,0.431794307902685,5,0
regression,ridge_a100,numeric__volume_missing_fraction,5,0.02655798165366089,0.007495644000931023,0.017570205406639814,0.03358158284862772,5,0
regression,ridge_a100,numeric__weight_missing_fraction,5,-0.03166300341233815,0.01182349542596413,-0.048196293545466166,-0.01482848135781128,0,5
