task,candidate,fold,feature,coefficient,odds_ratio
regression,ridge_a1,0,numeric__n_items,-0.30867953456961694,
regression,ridge_a1,0,numeric__has_items,0.0,
regression,ridge_a1,0,numeric__n_products,-0.04188443347798866,
regression,ridge_a1,0,numeric__n_sellers,-0.26885157322547837,
regression,ridge_a1,0,numeric__n_categories,-0.08934485129754466,
regression,ridge_a1,0,numeric__total_price,0.055328613032115226,
regression,ridge_a1,0,numeric__total_freight,0.07147866053395385,
regression,ridge_a1,0,numeric__freight_ratio,0.014815189783142856,
regression,ridge_a1,0,numeric__freight_ratio_missing,0.0,
regression,ridge_a1,0,numeric__total_weight_g,0.3123832846097443,
regression,ridge_a1,0,numeric__total_volume_cm3,0.18887006139390364,
regression,ridge_a1,0,numeric__weight_missing_fraction,-0.014566605329881773,
regression,ridge_a1,0,numeric__volume_missing_fraction,0.01820867812558931,
regression,ridge_a1,0,numeric__category_missing_fraction,-0.08975366296159978,
regression,ridge_a1,0,numeric__distance_km_max,1.980173728231708,
regression,ridge_a1,0,numeric__distance_missing_fraction,0.047624228130272596,
regression,ridge_a1,0,numeric__interstate_share,1.5534469068308785,
regression,ridge_a1,0,numeric__payment_installments_max,0.22480086111676553,
regression,ridge_a1,0,numeric__n_payment_methods,0.019000739981438836,
regression,ridge_a1,0,numeric__payment_missing,0.18934426902687085,
regression,ridge_a1,0,numeric__missingindicator_total_weight_g,-0.014566605329881773,
regression,ridge_a1,0,numeric__missingindicator_total_volume_cm3,0.01820867812558931,
regression,ridge_a1,0,numeric__missingindicator_distance_km_max,0.04581921331315383,
regression,ridge_a1,0,numeric__missingindicator_payment_installments_max,-0.007750007681205266,
regression,ridge_a1,0,categorical__customer_state_AL,5.914469818511095,
regression,ridge_a1,0,categorical__customer_state_AM,4.53093376941486,
regression,ridge_a1,0,categorical__customer_state_AP,3.302426355994641,
regression,ridge_a1,0,categorical__customer_state_BA,2.4612952538446287,
regression,ridge_a1,0,categorical__customer_state_CE,1.686448786227241,
regression,ridge_a1,0,categorical__customer_state_DF,-1.9945331858820063,
regression,ridge_a1,0,categorical__customer_state_ES,0.554151577218199,
regression,ridge_a1,0,categorical__customer_state_GO,0.14526069412301823,
regression,ridge_a1,0,categorical__customer_state_MA,2.0185989577731505,
regression,ridge_a1,0,categorical__customer_state_MG,-1.7772755277813177,
regression,ridge_a1,0,categorical__customer_state_MS,0.42030976670694575,
regression,ridge_a1,0,categorical__customer_state_MT,0.9244748504886887,
regression,ridge_a1,0,categorical__customer_state_PA,3.4113146832490333,
regression,ridge_a1,0,categorical__customer_state_PB,1.6292075587508508,
regression,ridge_a1,0,categorical__customer_state_PE,-0.47260329727657147,
regression,ridge_a1,0,categorical__customer_state_PI,0.16634093836483518,
regression,ridge_a1,0,categorical__customer_state_PR,-1.5671518364388008,
regression,ridge_a1,0,categorical__customer_state_RJ,1.3276462753666847,
regression,ridge_a1,0,categorical__customer_state_RN,-0.540665996368764,
regression,ridge_a1,0,categorical__customer_state_RO,-0.47117059459412447,
regression,ridge_a1,0,categorical__customer_state_RR,5.091549502085778,
regression,ridge_a1,0,categorical__customer_state_RS,0.04261995940062497,
regression,ridge_a1,0,categorical__customer_state_SC,0.8280392943026095,
regression,ridge_a1,0,categorical__customer_state_SE,3.5012879398569443,
regression,ridge_a1,0,categorical__customer_state_SP,-1.9752932259547824,
regression,ridge_a1,0,categorical__customer_state_TO,0.18665048702023487,
regression,ridge_a1,0,categorical__primary_seller_state_BA,0.40381026602830145,
regression,ridge_a1,0,categorical__primary_seller_state_CE,0.7055768227933034,
regression,ridge_a1,0,categorical__primary_seller_state_DF,-0.15555916798781816,
regression,ridge_a1,0,categorical__primary_seller_state_ES,-1.0696930967663623,
regression,ridge_a1,0,categorical__primary_seller_state_GO,0.3546398892153241,
regression,ridge_a1,0,categorical__primary_seller_state_MA,2.900342134255415,
regression,ridge_a1,0,categorical__primary_seller_state_MG,1.196894732437135,
regression,ridge_a1,0,categorical__primary_seller_state_MS,-1.139168395137031,
regression,ridge_a1,0,categorical__primary_seller_state_MT,-0.09069379407181372,
regression,ridge_a1,0,categorical__primary_seller_state_PA,2.8310042348884163,
regression,ridge_a1,0,categorical__primary_seller_state_PB,-3.668876300351631,
regression,ridge_a1,0,categorical__primary_seller_state_PE,-3.9524794741293214,
regression,ridge_a1,0,categorical__primary_seller_state_PI,-0.9166506855514592,
regression,ridge_a1,0,categorical__primary_seller_state_PR,0.9416632313944413,
regression,ridge_a1,0,categorical__primary_seller_state_RJ,0.6300206542871198,
regression,ridge_a1,0,categorical__primary_seller_state_RN,-1.1134220621524757,
regression,ridge_a1,0,categorical__primary_seller_state_RO,-0.043958642120407745,
regression,ridge_a1,0,categorical__primary_seller_state_RS,-1.1771023069384634,
regression,ridge_a1,0,categorical__primary_seller_state_SC,1.0535662778532975,
regression,ridge_a1,0,categorical__primary_seller_state_SE,-4.764008297779088,
regression,ridge_a1,0,categorical__primary_seller_state_SP,1.7818460462439496,
regression,ridge_a1,0,categorical__primary_category_agro_industry_and_commerce,-1.115338451242609,
regression,ridge_a1,0,categorical__primary_category_air_conditioning,-0.5359115541453353,
regression,ridge_a1,0,categorical__primary_category_art,0.01907696913904493,
regression,ridge_a1,0,categorical__primary_category_arts_and_craftmanship,-0.5391915766625158,
regression,ridge_a1,0,categorical__primary_category_audio,0.6896418149431048,
regression,ridge_a1,0,categorical__primary_category_auto,-0.2718046232876034,
regression,ridge_a1,0,categorical__primary_category_baby,0.24581363996638486,
regression,ridge_a1,0,categorical__primary_category_bed_bath_table,1.095183611891156,
regression,ridge_a1,0,categorical__primary_category_books_general_interest,-0.13278766593322266,
regression,ridge_a1,0,categorical__primary_category_books_imported,-1.2219170868711713,
regression,ridge_a1,0,categorical__primary_category_books_technical,-1.1699552319349507,
regression,ridge_a1,0,categorical__primary_category_cds_dvds_musicals,-0.8775017737940655,
regression,ridge_a1,0,categorical__primary_category_christmas_supplies,2.79536806982693,
regression,ridge_a1,0,categorical__primary_category_cine_photo,-1.0668745183650514,
regression,ridge_a1,0,categorical__primary_category_computers,-1.2745387198629692,
regression,ridge_a1,0,categorical__primary_category_computers_accessories,0.5623803403015546,
regression,ridge_a1,0,categorical__primary_category_consoles_games,0.9835489927105147,
regression,ridge_a1,0,categorical__primary_category_construction_tools_construction,-0.25156565304374134,
regression,ridge_a1,0,categorical__primary_category_construction_tools_lights,-0.5244478733033452,
regression,ridge_a1,0,categorical__primary_category_construction_tools_safety,-0.5584898711192695,
regression,ridge_a1,0,categorical__primary_category_cool_stuff,-0.4982087937107773,
regression,ridge_a1,0,categorical__primary_category_costruction_tools_garden,-0.03300192332192991,
regression,ridge_a1,0,categorical__primary_category_costruction_tools_tools,-0.8441826752337775,
regression,ridge_a1,0,categorical__primary_category_diapers_and_hygiene,1.5902111805222512,
regression,ridge_a1,0,categorical__primary_category_drinks,-0.5275718099611737,
regression,ridge_a1,0,categorical__primary_category_dvds_blu_ray,1.6951323423831517,
regression,ridge_a1,0,categorical__primary_category_electronics,-0.1109205886328548,
regression,ridge_a1,0,categorical__primary_category_fashio_female_clothing,2.397166847381953,
regression,ridge_a1,0,categorical__primary_category_fashion_bags_accessories,-0.8885076989701983,
regression,ridge_a1,0,categorical__primary_category_fashion_childrens_clothes,1.1622185302398442,
regression,ridge_a1,0,categorical__primary_category_fashion_male_clothing,1.129402914102248,
regression,ridge_a1,0,categorical__primary_category_fashion_shoes,2.202097905485355,
regression,ridge_a1,0,categorical__primary_category_fashion_sport,-1.0673024466635312,
regression,ridge_a1,0,categorical__primary_category_fashion_underwear_beach,0.9437283202409035,
regression,ridge_a1,0,categorical__primary_category_fixed_telephony,0.25635057232861463,
regression,ridge_a1,0,categorical__primary_category_flowers,-1.1031460684252656,
regression,ridge_a1,0,categorical__primary_category_food,-0.5228695890294026,
regression,ridge_a1,0,categorical__primary_category_food_drink,-1.2876620763365996,
regression,ridge_a1,0,categorical__primary_category_furniture_bedroom,1.184924214543948,
regression,ridge_a1,0,categorical__primary_category_furniture_decor,0.5934646036907251,
regression,ridge_a1,0,categorical__primary_category_furniture_living_room,0.730770539632405,
regression,ridge_a1,0,categorical__primary_category_furniture_mattress_and_upholstery,2.5283255201179506,
regression,ridge_a1,0,categorical__primary_category_garden_tools,0.45260005825679905,
regression,ridge_a1,0,categorical__primary_category_health_beauty,-0.3839595509816342,
regression,ridge_a1,0,categorical__primary_category_home_appliances,-0.008883680289759477,
regression,ridge_a1,0,categorical__primary_category_home_appliances_2,0.5366389313897909,
regression,ridge_a1,0,categorical__primary_category_home_comfort_2,1.4742639914799356,
regression,ridge_a1,0,categorical__primary_category_home_confort,1.0796341089415344,
regression,ridge_a1,0,categorical__primary_category_home_construction,1.6072374075861315,
regression,ridge_a1,0,categorical__primary_category_housewares,-0.3707805222740231,
regression,ridge_a1,0,categorical__primary_category_industry_commerce_and_business,-1.4800844001624895,
regression,ridge_a1,0,categorical__primary_category_kitchen_dining_laundry_garden_furniture,-0.13802279784872842,
regression,ridge_a1,0,categorical__primary_category_la_cuisine,-2.634490501608283,
regression,ridge_a1,0,categorical__primary_category_luggage_accessories,-1.4819884635675598,
regression,ridge_a1,0,categorical__primary_category_market_place,-0.5598690283150503,
regression,ridge_a1,0,categorical__primary_category_music,0.04541245021618987,
regression,ridge_a1,0,categorical__primary_category_musical_instruments,0.16677018729496346,
regression,ridge_a1,0,categorical__primary_category_office_furniture,5.989827196812155,
regression,ridge_a1,0,categorical__primary_category_party_supplies,-2.453275778940693,
regression,ridge_a1,0,categorical__primary_category_perfumery,-0.3708233383487235,
regression,ridge_a1,0,categorical__primary_category_pet_shop,-0.6144148360862405,
regression,ridge_a1,0,categorical__primary_category_security_and_services,-0.6862104252647949,
regression,ridge_a1,0,categorical__primary_category_signaling_and_security,-0.02004781268369792,
regression,ridge_a1,0,categorical__primary_category_small_appliances,-1.3888265380305984,
regression,ridge_a1,0,categorical__primary_category_small_appliances_home_oven_and_coffee,-1.4390488613315102,
regression,ridge_a1,0,categorical__primary_category_sports_leisure,-0.2831655506776488,
regression,ridge_a1,0,categorical__primary_category_stationery,0.10840696170529068,
regression,ridge_a1,0,categorical__primary_category_tablets_printing_image,-0.6919429150785013,
regression,ridge_a1,0,categorical__primary_category_telephony,-0.36711439931290635,
regression,ridge_a1,0,categorical__primary_category_toys,-0.7687036094243738,
regression,ridge_a1,0,categorical__primary_category_watches_gifts,0.10762511074155619,
regression,ridge_a1,0,categorical__primary_payment_type_boleto,0.9384581373133437,
regression,ridge_a1,0,categorical__primary_payment_type_credit_card,-0.3978629716824053,
regression,ridge_a1,0,categorical__primary_payment_type_debit_card,-0.30409984556324293,
regression,ridge_a1,0,categorical__primary_payment_type_voucher,-0.23725751718745364,
regression,ridge_a1,0,categorical__purchase_month_10,-1.9367797999214174,
regression,ridge_a1,0,categorical__purchase_month_11,1.1196685232450454,
regression,ridge_a1,0,categorical__purchase_month_12,1.6923508540677572,
regression,ridge_a1,0,categorical__purchase_month_2,2.0227053139126934,
regression,ridge_a1,0,categorical__purchase_month_3,1.3141781981224419,
regression,ridge_a1,0,categorical__purchase_month_4,-1.5230925743567876,
regression,ridge_a1,0,categorical__purchase_month_5,-2.289690770600673,
regression,ridge_a1,0,categorical__purchase_month_6,-3.586432374148895,
regression,ridge_a1,0,categorical__purchase_month_7,-3.8367801128997088,
regression,ridge_a1,0,categorical__purchase_month_8,-4.3326408908483565,
regression,ridge_a1,0,categorical__purchase_month_9,-2.4791081925343432,
regression,ridge_a1,0,categorical__purchase_dayofweek_1,0.07204163847476867,
regression,ridge_a1,0,categorical__purchase_dayofweek_2,0.4255958545883112,
regression,ridge_a1,0,categorical__purchase_dayofweek_3,0.6820217846604177,
regression,ridge_a1,0,categorical__purchase_dayofweek_4,1.1613823728794404,
regression,ridge_a1,0,categorical__purchase_dayofweek_5,0.9641466879002991,
regression,ridge_a1,0,categorical__purchase_dayofweek_6,0.03837869356938279,
regression,ridge_a1,0,categorical__purchase_hour_1,-0.6846422357190424,
regression,ridge_a1,0,categorical__purchase_hour_10,-0.5297734737838289,
regression,ridge_a1,0,categorical__purchase_hour_11,-0.809753651680604,
regression,ridge_a1,0,categorical__purchase_hour_12,-0.6228926224163689,
regression,ridge_a1,0,categorical__purchase_hour_13,-0.4702281498495257,
regression,ridge_a1,0,categorical__purchase_hour_14,-0.3899465330345165,
regression,ridge_a1,0,categorical__purchase_hour_15,-0.46235427949145463,
regression,ridge_a1,0,categorical__purchase_hour_16,-0.4362141416612162,
regression,ridge_a1,0,categorical__purchase_hour_17,-0.6009759687458953,
regression,ridge_a1,0,categorical__purchase_hour_18,-0.3790871240485168,
regression,ridge_a1,0,categorical__purchase_hour_19,-0.5167619015068781,
regression,ridge_a1,0,categorical__purchase_hour_2,-0.48935834384123444,
regression,ridge_a1,0,categorical__purchase_hour_20,-0.3617202337424435,
regression,ridge_a1,0,categorical__purchase_hour_21,-0.29992153813485967,
regression,ridge_a1,0,categorical__purchase_hour_22,-0.45944861973985,
regression,ridge_a1,0,categorical__purchase_hour_23,-0.1830784253378862,
regression,ridge_a1,0,categorical__purchase_hour_3,-0.1581409863357535,
regression,ridge_a1,0,categorical__purchase_hour_4,-0.00487674140881846,
regression,ridge_a1,0,categorical__purchase_hour_5,-0.4340967281918346,
regression,ridge_a1,0,categorical__purchase_hour_6,-0.4242025844237883,
regression,ridge_a1,0,categorical__purchase_hour_7,-0.9592634046209331,
regression,ridge_a1,0,categorical__purchase_hour_8,-0.9062180836909093,
regression,ridge_a1,0,categorical__purchase_hour_9,-0.9148579464140901,
regression,ridge_a1,1,numeric__n_items,-0.3181492822167725,
regression,ridge_a1,1,numeric__has_items,0.0,
regression,ridge_a1,1,numeric__n_products,-0.040836661634517095,
regression,ridge_a1,1,numeric__n_sellers,-0.26346471397821203,
regression,ridge_a1,1,numeric__n_categories,-0.08818155252196497,
regression,ridge_a1,1,numeric__total_price,0.08395522691010439,
regression,ridge_a1,1,numeric__total_freight,0.1040647702978098,
regression,ridge_a1,1,numeric__freight_ratio,-0.0007927045911880363,
regression,ridge_a1,1,numeric__freight_ratio_missing,0.0,
regression,ridge_a1,1,numeric__total_weight_g,0.34684739850749485,
regression,ridge_a1,1,numeric__total_volume_cm3,0.09638030733312541,
regression,ridge_a1,1,numeric__weight_missing_fraction,-0.030547084742496403,
regression,ridge_a1,1,numeric__volume_missing_fraction,0.033662111699770535,
regression,ridge_a1,1,numeric__category_missing_fraction,-0.022300478363745775,
regression,ridge_a1,1,numeric__distance_km_max,2.024316980007907,
regression,ridge_a1,1,numeric__distance_missing_fraction,0.1919369324562741,
regression,ridge_a1,1,numeric__interstate_share,1.5476034954333175,
regression,ridge_a1,1,numeric__payment_installments_max,0.18707064971979318,
regression,ridge_a1,1,numeric__n_payment_methods,0.002054474459714077,
regression,ridge_a1,1,numeric__payment_missing,0.19089061576650132,
regression,ridge_a1,1,numeric__missingindicator_total_weight_g,-0.030547084742496403,
regression,ridge_a1,1,numeric__missingindicator_total_volume_cm3,0.033662111699770535,
regression,ridge_a1,1,numeric__missingindicator_distance_km_max,-0.08232198424877218,
regression,ridge_a1,1,numeric__missingindicator_payment_installments_max,-0.00929398321315636,
regression,ridge_a1,1,categorical__customer_state_AL,6.671294326127523,
regression,ridge_a1,1,categorical__customer_state_AM,5.501489804681845,
regression,ridge_a1,1,categorical__customer_state_AP,5.033178039099987,
regression,ridge_a1,1,categorical__customer_state_BA,3.2527811457009475,
regression,ridge_a1,1,categorical__customer_state_CE,2.212636003990884,
regression,ridge_a1,1,categorical__customer_state_DF,-1.3215832087631074,
regression,ridge_a1,1,categorical__customer_state_ES,1.1436968429545478,
regression,ridge_a1,1,categorical__customer_state_GO,1.0898781679092024,
regression,ridge_a1,1,categorical__customer_state_MA,2.183172996290146,
regression,ridge_a1,1,categorical__customer_state_MG,-1.1292953331832853,
regression,ridge_a1,1,categorical__customer_state_MS,0.8818618068484965,
regression,ridge_a1,1,categorical__customer_state_MT,1.5876216914972856,
regression,ridge_a1,1,categorical__customer_state_PA,4.178565757225139,
regression,ridge_a1,1,categorical__customer_state_PB,2.201710503428115,
regression,ridge_a1,1,categorical__customer_state_PE,0.08209743251545912,
regression,ridge_a1,1,categorical__customer_state_PI,1.3499380744954514,
regression,ridge_a1,1,categorical__customer_state_PR,-0.8780737646544756,
regression,ridge_a1,1,categorical__customer_state_RJ,2.032380632056721,
regression,ridge_a1,1,categorical__customer_state_RN,-0.2795691183218918,
regression,ridge_a1,1,categorical__customer_state_RO,-0.47355158965750305,
regression,ridge_a1,1,categorical__customer_state_RR,5.664162488432293,
regression,ridge_a1,1,categorical__customer_state_RS,0.7875025249829563,
regression,ridge_a1,1,categorical__customer_state_SC,1.543550225897182,
regression,ridge_a1,1,categorical__customer_state_SE,4.82017637075918,
regression,ridge_a1,1,categorical__customer_state_SP,-1.219198614071666,
regression,ridge_a1,1,categorical__customer_state_TO,0.9027292660170559,
regression,ridge_a1,1,categorical__primary_seller_state_BA,-2.60425484921272,
regression,ridge_a1,1,categorical__primary_seller_state_CE,-1.541610998922712,
regression,ridge_a1,1,categorical__primary_seller_state_DF,-2.935877487239676,
regression,ridge_a1,1,categorical__primary_seller_state_ES,-3.8995218386618444,
regression,ridge_a1,1,categorical__primary_seller_state_GO,-2.7052814634605014,
regression,ridge_a1,1,categorical__primary_seller_state_MA,0.7267206402422379,
regression,ridge_a1,1,categorical__primary_seller_state_MG,-1.6448100763341045,
regression,ridge_a1,1,categorical__primary_seller_state_MS,-3.7649071199062467,
regression,ridge_a1,1,categorical__primary_seller_state_MT,-3.561195080201555,
regression,ridge_a1,1,categorical__primary_seller_state_PA,-1.4114180132757612,
regression,ridge_a1,1,categorical__primary_seller_state_PB,-6.24995672130034,
regression,ridge_a1,1,categorical__primary_seller_state_PE,-6.72174857010766,
regression,ridge_a1,1,categorical__primary_seller_state_PI,-2.430143132708455,
regression,ridge_a1,1,categorical__primary_seller_state_PR,-1.9338497622199702,
regression,ridge_a1,1,categorical__primary_seller_state_RJ,-2.1295344066610578,
regression,ridge_a1,1,categorical__primary_seller_state_RN,-2.5902385802370973,
regression,ridge_a1,1,categorical__primary_seller_state_RO,-3.4785124594848313,
regression,ridge_a1,1,categorical__primary_seller_state_RS,-4.02895493868116,
regression,ridge_a1,1,categorical__primary_seller_state_SC,-1.6909413947261165,
regression,ridge_a1,1,categorical__primary_seller_state_SE,-7.921526549823231,
regression,ridge_a1,1,categorical__primary_seller_state_SP,-1.0444383653035303,
regression,ridge_a1,1,categorical__primary_category_agro_industry_and_commerce,-1.6147754212497578,
regression,ridge_a1,1,categorical__primary_category_air_conditioning,-0.22371680357042817,
regression,ridge_a1,1,categorical__primary_category_art,0.2943555057051839,
regression,ridge_a1,1,categorical__primary_category_arts_and_craftmanship,-0.3354740715583876,
regression,ridge_a1,1,categorical__primary_category_audio,1.4793824948315566,
regression,ridge_a1,1,categorical__primary_category_auto,0.034103610672117035,
regression,ridge_a1,1,categorical__primary_category_baby,0.8433724196960566,
regression,ridge_a1,1,categorical__primary_category_bed_bath_table,1.5201810263927187,
regression,ridge_a1,1,categorical__primary_category_books_general_interest,-0.14951905260609305,
regression,ridge_a1,1,categorical__primary_category_books_imported,-0.5612278965216633,
regression,ridge_a1,1,categorical__primary_category_books_technical,-0.22324865366106394,
regression,ridge_a1,1,categorical__primary_category_cds_dvds_musicals,0.26449230439935373,
regression,ridge_a1,1,categorical__primary_category_christmas_supplies,2.571046469635485,
regression,ridge_a1,1,categorical__primary_category_cine_photo,-0.5502063228090593,
regression,ridge_a1,1,categorical__primary_category_computers,-1.0841105567692602,
regression,ridge_a1,1,categorical__primary_category_computers_accessories,1.0260061427712517,
regression,ridge_a1,1,categorical__primary_category_consoles_games,1.2806296188125155,
regression,ridge_a1,1,categorical__primary_category_construction_tools_construction,0.2425914168426578,
regression,ridge_a1,1,categorical__primary_category_construction_tools_lights,-0.2319610027469976,
regression,ridge_a1,1,categorical__primary_category_construction_tools_safety,-0.8062458764029792,
regression,ridge_a1,1,categorical__primary_category_cool_stuff,-0.1725922085700505,
regression,ridge_a1,1,categorical__primary_category_costruction_tools_garden,-0.6529611718273797,
regression,ridge_a1,1,categorical__primary_category_costruction_tools_tools,-0.8143166967136132,
regression,ridge_a1,1,categorical__primary_category_diapers_and_hygiene,2.3112760446408944,
regression,ridge_a1,1,categorical__primary_category_drinks,-0.3153577604809435,
regression,ridge_a1,1,categorical__primary_category_dvds_blu_ray,1.5231654980908758,
regression,ridge_a1,1,categorical__primary_category_electronics,0.0627905499971034,
regression,ridge_a1,1,categorical__primary_category_fashio_female_clothing,2.9940208236505303,
regression,ridge_a1,1,categorical__primary_category_fashion_bags_accessories,-0.41403123430876626,
regression,ridge_a1,1,categorical__primary_category_fashion_childrens_clothes,-0.8834725209447944,
regression,ridge_a1,1,categorical__primary_category_fashion_male_clothing,1.302159283571168,
regression,ridge_a1,1,categorical__primary_category_fashion_shoes,2.701561380316214,
regression,ridge_a1,1,categorical__primary_category_fashion_sport,-0.5848377744787205,
regression,ridge_a1,1,categorical__primary_category_fashion_underwear_beach,2.75294319474715,
regression,ridge_a1,1,categorical__primary_category_fixed_telephony,-0.06190633451987606,
regression,ridge_a1,1,categorical__primary_category_flowers,-0.9155222526853783,
regression,ridge_a1,1,categorical__primary_category_food,-0.24712365725182028,
regression,ridge_a1,1,categorical__primary_category_food_drink,-0.7814482621528461,
regression,ridge_a1,1,categorical__primary_category_furniture_bedroom,1.4609432726644687,
regression,ridge_a1,1,categorical__primary_category_furniture_decor,1.0343584797943939,
regression,ridge_a1,1,categorical__primary_category_furniture_living_room,1.3250420806140393,
regression,ridge_a1,1,categorical__primary_category_furniture_mattress_and_upholstery,0.31518453799622187,
regression,ridge_a1,1,categorical__primary_category_garden_tools,0.7990743022067621,
regression,ridge_a1,1,categorical__primary_category_health_beauty,-0.1915474924344893,
regression,ridge_a1,1,categorical__primary_category_home_appliances,0.026362377331898397,
regression,ridge_a1,1,categorical__primary_category_home_appliances_2,1.6910265830238012,
regression,ridge_a1,1,categorical__primary_category_home_comfort_2,3.285973436668567,
regression,ridge_a1,1,categorical__primary_category_home_confort,1.6424509825417763,
regression,ridge_a1,1,categorical__primary_category_home_construction,1.6067693161265115,
regression,ridge_a1,1,categorical__primary_category_housewares,0.047821213917336666,
regression,ridge_a1,1,categorical__primary_category_industry_commerce_and_business,-1.5300465870262128,
regression,ridge_a1,1,categorical__primary_category_kitchen_dining_laundry_garden_furniture,0.125564070239736,
regression,ridge_a1,1,categorical__primary_category_la_cuisine,-2.354492112841922,
regression,ridge_a1,1,categorical__primary_category_luggage_accessories,-1.0142802990932314,
regression,ridge_a1,1,categorical__primary_category_market_place,0.06911951386128702,
regression,ridge_a1,1,categorical__primary_category_music,0.11888710646110211,
regression,ridge_a1,1,categorical__primary_category_musical_instruments,0.6920914698143367,
regression,ridge_a1,1,categorical__primary_category_office_furniture,6.390794681358111,
regression,ridge_a1,1,categorical__primary_category_party_supplies,-2.339858589407167,
regression,ridge_a1,1,categorical__primary_category_perfumery,0.11410242685407805,
regression,ridge_a1,1,categorical__primary_category_pet_shop,-0.21291783948628476,
regression,ridge_a1,1,categorical__primary_category_security_and_services,-0.2923006097896472,
regression,ridge_a1,1,categorical__primary_category_signaling_and_security,0.3588986473228363,
regression,ridge_a1,1,categorical__primary_category_small_appliances,-0.7252286965308895,
regression,ridge_a1,1,categorical__primary_category_small_appliances_home_oven_and_coffee,-1.7819596554877266,
regression,ridge_a1,1,categorical__primary_category_sports_leisure,0.2059647203489884,
regression,ridge_a1,1,categorical__primary_category_stationery,0.47111880870792205,
regression,ridge_a1,1,categorical__primary_category_tablets_printing_image,-0.493121703806389,
regression,ridge_a1,1,categorical__primary_category_telephony,0.15058478687405755,
regression,ridge_a1,1,categorical__primary_category_toys,-0.25412138333083095,
regression,ridge_a1,1,categorical__primary_category_watches_gifts,0.61436419050804,
regression,ridge_a1,1,categorical__primary_payment_type_boleto,0.9914735682980735,
regression,ridge_a1,1,categorical__primary_payment_type_credit_card,-0.3534289664175024,
regression,ridge_a1,1,categorical__primary_payment_type_debit_card,-0.5168392272364889,
regression,ridge_a1,1,categorical__primary_payment_type_voucher,-0.12197379660894184,
regression,ridge_a1,1,categorical__purchase_month_10,-1.9112662694382396,
regression,ridge_a1,1,categorical__purchase_month_11,0.9676177664930588,
regression,ridge_a1,1,categorical__purchase_month_12,1.4692147987478343,
regression,ridge_a1,1,categorical__purchase_month_2,1.9403983542167853,
regression,ridge_a1,1,categorical__purchase_month_3,1.4702552436707492,
regression,ridge_a1,1,categorical__purchase_month_4,-1.4754330923420487,
regression,ridge_a1,1,categorical__purchase_month_5,-2.3646007776424893,
regression,ridge_a1,1,categorical__purchase_month_6,-3.542458381474182,
regression,ridge_a1,1,categorical__purchase_month_7,-3.868952534801463,
regression,ridge_a1,1,categorical__purchase_month_8,-4.321580083953021,
regression,ridge_a1,1,categorical__purchase_month_9,-2.49753233057015,
regression,ridge_a1,1,categorical__purchase_dayofweek_1,0.15370744846147533,
regression,ridge_a1,1,categorical__purchase_dayofweek_2,0.4439031995617,
regression,ridge_a1,1,categorical__purchase_dayofweek_3,0.7432006170683142,
regression,ridge_a1,1,categorical__purchase_dayofweek_4,1.2749476444524297,
regression,ridge_a1,1,categorical__purchase_dayofweek_5,0.9992270277712474,
regression,ridge_a1,1,categorical__purchase_dayofweek_6,-0.006480528855031623,
regression,ridge_a1,1,categorical__purchase_hour_1,-0.1710567719077343,
regression,ridge_a1,1,categorical__purchase_hour_10,-0.292904709617513,
regression,ridge_a1,1,categorical__purchase_hour_11,-0.4641086844996928,
regression,ridge_a1,1,categorical__purchase_hour_12,-0.3804034860244669,
regression,ridge_a1,1,categorical__purchase_hour_13,-0.2392728056339898,
regression,ridge_a1,1,categorical__purchase_hour_14,-0.19045807591220432,
regression,ridge_a1,1,categorical__purchase_hour_15,-0.3227840244434887,
regression,ridge_a1,1,categorical__purchase_hour_16,-0.1156498550756725,
regression,ridge_a1,1,categorical__purchase_hour_17,-0.312272603455416,
regression,ridge_a1,1,categorical__purchase_hour_18,-0.16714114010626777,
regression,ridge_a1,1,categorical__purchase_hour_19,-0.2716760084179902,
regression,ridge_a1,1,categorical__purchase_hour_2,-0.5307306861343266,
regression,ridge_a1,1,categorical__purchase_hour_20,-0.07156577389765811,
regression,ridge_a1,1,categorical__purchase_hour_21,-0.0885651090497553,
regression,ridge_a1,1,categorical__purchase_hour_22,-0.22707993722529385,
regression,ridge_a1,1,categorical__purchase_hour_23,-0.09530436100076838,
regression,ridge_a1,1,categorical__purchase_hour_3,-0.4959251913552124,
regression,ridge_a1,1,categorical__purchase_hour_4,0.2243336672229617,
regression,ridge_a1,1,categorical__purchase_hour_5,-0.6755865364568281,
regression,ridge_a1,1,categorical__purchase_hour_6,-0.9753246678081005,
regression,ridge_a1,1,categorical__purchase_hour_7,-0.49069050210550313,
regression,ridge_a1,1,categorical__purchase_hour_8,-0.717549179957233,
regression,ridge_a1,1,categorical__purchase_hour_9,-0.4689575545581781,
regression,ridge_a1,2,numeric__n_items,-0.2879627360807759,
regression,ridge_a1,2,numeric__has_items,0.0,
regression,ridge_a1,2,numeric__n_products,-0.031666769769856294,
regression,ridge_a1,2,numeric__n_sellers,-0.2913855426751886,
regression,ridge_a1,2,numeric__n_categories,-0.07745918785922024,
regression,ridge_a1,2,numeric__total_price,0.04020247383781848,
regression,ridge_a1,2,numeric__total_freight,0.11207402159114606,
regression,ridge_a1,2,numeric__freight_ratio,-0.04418301086620986,
regression,ridge_a1,2,numeric__freight_ratio_missing,0.0,
regression,ridge_a1,2,numeric__total_weight_g,0.2948908995933196,
regression,ridge_a1,2,numeric__total_volume_cm3,0.1037671971961789,
regression,ridge_a1,2,numeric__weight_missing_fraction,-0.032733295959902514,
regression,ridge_a1,2,numeric__volume_missing_fraction,0.01962918535455531,
regression,ridge_a1,2,numeric__category_missing_fraction,-0.08051737414994693,
regression,ridge_a1,2,numeric__distance_km_max,1.9969901547457474,
regression,ridge_a1,2,numeric__distance_missing_fraction,0.003343799121365145,
regression,ridge_a1,2,numeric__interstate_share,1.5264276879986172,
regression,ridge_a1,2,numeric__payment_installments_max,0.23656555603482754,
regression,ridge_a1,2,numeric__n_payment_methods,-0.048774300319741476,
regression,ridge_a1,2,numeric__payment_missing,0.0,
regression,ridge_a1,2,numeric__missingindicator_total_weight_g,-0.032733295959902514,
regression,ridge_a1,2,numeric__missingindicator_total_volume_cm3,0.01962918535455531,
regression,ridge_a1,2,numeric__missingindicator_distance_km_max,0.15076131740096746,
regression,ridge_a1,2,categorical__customer_state_AL,6.519074601362507,
regression,ridge_a1,2,categorical__customer_state_AM,6.175423955521905,
regression,ridge_a1,2,categorical__customer_state_AP,4.204520638536425,
regression,ridge_a1,2,categorical__customer_state_BA,3.4856647834191437,
regression,ridge_a1,2,categorical__customer_state_CE,2.498949479881525,
regression,ridge_a1,2,categorical__customer_state_DF,-0.8252914414637773,
regression,ridge_a1,2,categorical__customer_state_ES,1.849471024704847,
regression,ridge_a1,2,categorical__customer_state_GO,1.5497881045230322,
regression,ridge_a1,2,categorical__customer_state_MA,2.605689950965062,
regression,ridge_a1,2,categorical__customer_state_MG,-0.8465304266679036,
regression,ridge_a1,2,categorical__customer_state_MS,1.1414326017044425,
regression,ridge_a1,2,categorical__customer_state_MT,1.8698503862606015,
regression,ridge_a1,2,categorical__customer_state_PA,4.101224041061968,
regression,ridge_a1,2,categorical__customer_state_PB,2.7193525878445652,
regression,ridge_a1,2,categorical__customer_state_PE,0.5234372237415089,
regression,ridge_a1,2,categorical__customer_state_PI,1.410105948509094,
regression,ridge_a1,2,categorical__customer_state_PR,-0.4945434978015354,
regression,ridge_a1,2,categorical__customer_state_RJ,2.28813673107765,
regression,ridge_a1,2,categorical__customer_state_RN,0.7558533273847142,
regression,ridge_a1,2,categorical__customer_state_RO,0.5075925360765279,
regression,ridge_a1,2,categorical__customer_state_RR,-0.09998631255304215,
regression,ridge_a1,2,categorical__customer_state_RS,1.3467089896200646,
regression,ridge_a1,2,categorical__customer_state_SC,2.0530399920264304,
regression,ridge_a1,2,categorical__customer_state_SE,3.9959312512590444,
regression,ridge_a1,2,categorical__customer_state_SP,-0.900173245061968,
regression,ridge_a1,2,categorical__customer_state_TO,1.6245905967497416,
regression,ridge_a1,2,categorical__primary_seller_state_BA,-2.847328836281923,
regression,ridge_a1,2,categorical__primary_seller_state_CE,-0.976543771975575,
regression,ridge_a1,2,categorical__primary_seller_state_DF,-2.9939192142008535,
regression,ridge_a1,2,categorical__primary_seller_state_ES,-4.1986506495995695,
regression,ridge_a1,2,categorical__primary_seller_state_GO,-2.485097479434131,
regression,ridge_a1,2,categorical__primary_seller_state_MA,-0.3803584113101323,
regression,ridge_a1,2,categorical__primary_seller_state_MG,-2.087576952610312,
regression,ridge_a1,2,categorical__primary_seller_state_MS,-4.289635457153258,
regression,ridge_a1,2,categorical__primary_seller_state_MT,-3.940112993179385,
regression,ridge_a1,2,categorical__primary_seller_state_PA,1.5531505786183006,
regression,ridge_a1,2,categorical__primary_seller_state_PB,-6.220337539199782,
regression,ridge_a1,2,categorical__primary_seller_state_PE,-6.874082734275688,
regression,ridge_a1,2,categorical__primary_seller_state_PI,-3.777154071187812,
regression,ridge_a1,2,categorical__primary_seller_state_PR,-2.1829934738835157,
regression,ridge_a1,2,categorical__primary_seller_state_RJ,-2.5438701640833985,
regression,ridge_a1,2,categorical__primary_seller_state_RN,-2.5092394952527526,
regression,ridge_a1,2,categorical__primary_seller_state_RO,-4.110307845387934,
regression,ridge_a1,2,categorical__primary_seller_state_RS,-4.286217860524764,
regression,ridge_a1,2,categorical__primary_seller_state_SC,-1.927228921073742,
regression,ridge_a1,2,categorical__primary_seller_state_SE,-5.977758671445962,
regression,ridge_a1,2,categorical__primary_seller_state_SP,-1.3305731628822213,
regression,ridge_a1,2,categorical__primary_category_agro_industry_and_commerce,-1.3753763322803978,
regression,ridge_a1,2,categorical__primary_category_air_conditioning,0.2056406001114839,
regression,ridge_a1,2,categorical__primary_category_art,-0.13928959581157319,
regression,ridge_a1,2,categorical__primary_category_arts_and_craftmanship,-0.8022904231066823,
regression,ridge_a1,2,categorical__primary_category_audio,1.2240536992049817,
regression,ridge_a1,2,categorical__primary_category_auto,-0.08649251434336488,
regression,ridge_a1,2,categorical__primary_category_baby,0.5396381333340913,
regression,ridge_a1,2,categorical__primary_category_bed_bath_table,1.2013038065176895,
regression,ridge_a1,2,categorical__primary_category_books_general_interest,-0.2222008112548974,
regression,ridge_a1,2,categorical__primary_category_books_imported,-1.4833290026340085,
regression,ridge_a1,2,categorical__primary_category_books_technical,-0.7296985786163865,
regression,ridge_a1,2,categorical__primary_category_cds_dvds_musicals,-0.027425144754538926,
regression,ridge_a1,2,categorical__primary_category_christmas_supplies,3.0310778551111675,
regression,ridge_a1,2,categorical__primary_category_cine_photo,-1.0311406112315589,
regression,ridge_a1,2,categorical__primary_category_computers,-1.7206156547181077,
regression,ridge_a1,2,categorical__primary_category_computers_accessories,0.6961347534887808,
regression,ridge_a1,2,categorical__primary_category_consoles_games,0.9604060958896276,
regression,ridge_a1,2,categorical__primary_category_construction_tools_construction,0.030886909127449576,
regression,ridge_a1,2,categorical__primary_category_construction_tools_lights,-0.9355374237829734,
regression,ridge_a1,2,categorical__primary_category_construction_tools_safety,-0.6119464359735384,
regression,ridge_a1,2,categorical__primary_category_cool_stuff,-0.5776177518354297,
regression,ridge_a1,2,categorical__primary_category_costruction_tools_garden,-0.6388672116169499,
regression,ridge_a1,2,categorical__primary_category_costruction_tools_tools,-0.2904515830920333,
regression,ridge_a1,2,categorical__primary_category_diapers_and_hygiene,2.0196658215589967,
regression,ridge_a1,2,categorical__primary_category_drinks,-0.4746076867645959,
regression,ridge_a1,2,categorical__primary_category_dvds_blu_ray,1.37183144511406,
regression,ridge_a1,2,categorical__primary_category_electronics,0.012142987579395763,
regression,ridge_a1,2,categorical__primary_category_fashio_female_clothing,2.256155510806216,
regression,ridge_a1,2,categorical__primary_category_fashion_bags_accessories,-0.7686504403947552,
regression,ridge_a1,2,categorical__primary_category_fashion_childrens_clothes,-2.8154662077600454,
regression,ridge_a1,2,categorical__primary_category_fashion_male_clothing,1.5496550487393361,
regression,ridge_a1,2,categorical__primary_category_fashion_shoes,2.6329904969027673,
regression,ridge_a1,2,categorical__primary_category_fashion_sport,-0.5223496963490638,
regression,ridge_a1,2,categorical__primary_category_fashion_underwear_beach,1.7939502849546778,
regression,ridge_a1,2,categorical__primary_category_fixed_telephony,0.24166570759443723,
regression,ridge_a1,2,categorical__primary_category_flowers,-0.5897132178560778,
regression,ridge_a1,2,categorical__primary_category_food,-0.5634531789412097,
regression,ridge_a1,2,categorical__primary_category_food_drink,-1.162862817729952,
regression,ridge_a1,2,categorical__primary_category_furniture_bedroom,1.8504317697787123,
regression,ridge_a1,2,categorical__primary_category_furniture_decor,0.6172114716240901,
regression,ridge_a1,2,categorical__primary_category_furniture_living_room,0.8695871723037015,
regression,ridge_a1,2,categorical__primary_category_furniture_mattress_and_upholstery,2.0566600755647806,
regression,ridge_a1,2,categorical__primary_category_garden_tools,0.5945054524336694,
regression,ridge_a1,2,categorical__primary_category_health_beauty,-0.2959288196045045,
regression,ridge_a1,2,categorical__primary_category_home_appliances,0.05483507630557707,
regression,ridge_a1,2,categorical__primary_category_home_appliances_2,0.7473517052186465,
regression,ridge_a1,2,categorical__primary_category_home_comfort_2,1.6533075791208527,
regression,ridge_a1,2,categorical__primary_category_home_confort,1.4924053077435033,
regression,ridge_a1,2,categorical__primary_category_home_construction,1.7869398595328005,
regression,ridge_a1,2,categorical__primary_category_housewares,-0.16929085516645248,
regression,ridge_a1,2,categorical__primary_category_industry_commerce_and_business,-2.018734126408193,
regression,ridge_a1,2,categorical__primary_category_kitchen_dining_laundry_garden_furniture,-0.2291737070073211,
regression,ridge_a1,2,categorical__primary_category_la_cuisine,-2.4149395365661377,
regression,ridge_a1,2,categorical__primary_category_luggage_accessories,-1.2712724331210357,
regression,ridge_a1,2,categorical__primary_category_market_place,-0.6082221728950331,
regression,ridge_a1,2,categorical__primary_category_music,-0.6807844650070553,
regression,ridge_a1,2,categorical__primary_category_musical_instruments,-0.02766411370840968,
regression,ridge_a1,2,categorical__primary_category_office_furniture,6.3589066304712425,
regression,ridge_a1,2,categorical__primary_category_party_supplies,-1.8214119452302089,
regression,ridge_a1,2,categorical__primary_category_perfumery,-0.29727178710003954,
regression,ridge_a1,2,categorical__primary_category_pet_shop,-0.23432676330089947,
regression,ridge_a1,2,categorical__primary_category_security_and_services,-0.03158771466518394,
regression,ridge_a1,2,categorical__primary_category_signaling_and_security,-0.8436111386490525,
regression,ridge_a1,2,categorical__primary_category_small_appliances,-0.727609286517766,
regression,ridge_a1,2,categorical__primary_category_small_appliances_home_oven_and_coffee,-1.806370854808542,
regression,ridge_a1,2,categorical__primary_category_sports_leisure,-0.183074186725626,
regression,ridge_a1,2,categorical__primary_category_stationery,0.041135780443241954,
regression,ridge_a1,2,categorical__primary_category_tablets_printing_image,-1.8225223542718798,
regression,ridge_a1,2,categorical__primary_category_telephony,-0.2860259165779818,
regression,ridge_a1,2,categorical__primary_category_toys,-0.519738319697143,
regression,ridge_a1,2,categorical__primary_category_watches_gifts,0.32379505826162575,
regression,ridge_a1,2,categorical__primary_payment_type_credit_card,-1.3535010921435182,
regression,ridge_a1,2,categorical__primary_payment_type_debit_card,-1.2806965136752964,
regression,ridge_a1,2,categorical__primary_payment_type_voucher,-0.7817826095048612,
regression,ridge_a1,2,categorical__purchase_month_10,-1.8624564150019094,
regression,ridge_a1,2,categorical__purchase_month_11,0.9445960423975506,
regression,ridge_a1,2,categorical__purchase_month_12,1.5131854519115298,
regression,ridge_a1,2,categorical__purchase_month_2,2.0457604807456127,
regression,ridge_a1,2,categorical__purchase_month_3,1.4545728348320053,
regression,ridge_a1,2,categorical__purchase_month_4,-1.4312753486711585,
regression,ridge_a1,2,categorical__purchase_month_5,-2.283268386866516,
regression,ridge_a1,2,categorical__purchase_month_6,-3.4604890215062767,
regression,ridge_a1,2,categorical__purchase_month_7,-3.801990223109362,
regression,ridge_a1,2,categorical__purchase_month_8,-4.30373985926949,
regression,ridge_a1,2,categorical__purchase_month_9,-2.395372681773852,
regression,ridge_a1,2,categorical__purchase_dayofweek_1,0.07235692404177707,
regression,ridge_a1,2,categorical__purchase_dayofweek_2,0.35586327354528274,
regression,ridge_a1,2,categorical__purchase_dayofweek_3,0.6240822081705297,
regression,ridge_a1,2,categorical__purchase_dayofweek_4,1.095715192230337,
regression,ridge_a1,2,categorical__purchase_dayofweek_5,0.941697807807309,
regression,ridge_a1,2,categorical__purchase_dayofweek_6,-0.05475208282237303,
regression,ridge_a1,2,categorical__purchase_hour_1,-0.5449023009047353,
regression,ridge_a1,2,categorical__purchase_hour_10,-0.6226123326390419,
regression,ridge_a1,2,categorical__purchase_hour_11,-0.8787782702022422,
regression,ridge_a1,2,categorical__purchase_hour_12,-0.6442646603401041,
regression,ridge_a1,2,categorical__purchase_hour_13,-0.5058378959794503,
regression,ridge_a1,2,categorical__purchase_hour_14,-0.4247983929375008,
regression,ridge_a1,2,categorical__purchase_hour_15,-0.41891171373495734,
regression,ridge_a1,2,categorical__purchase_hour_16,-0.4174442572222624,
regression,ridge_a1,2,categorical__purchase_hour_17,-0.646991759304446,
regression,ridge_a1,2,categorical__purchase_hour_18,-0.34470727120267625,
regression,ridge_a1,2,categorical__purchase_hour_19,-0.3597229969671814,
regression,ridge_a1,2,categorical__purchase_hour_2,-0.8511340131679446,
regression,ridge_a1,2,categorical__purchase_hour_20,-0.4869859576902554,
regression,ridge_a1,2,categorical__purchase_hour_21,-0.3493324675442329,
regression,ridge_a1,2,categorical__purchase_hour_22,-0.5930687417102947,
regression,ridge_a1,2,categorical__purchase_hour_23,-0.3982588367322849,
regression,ridge_a1,2,categorical__purchase_hour_3,-0.6410999027363073,
regression,ridge_a1,2,categorical__purchase_hour_4,-0.04140610438092985,
regression,ridge_a1,2,categorical__purchase_hour_5,-0.6824287876527606,
regression,ridge_a1,2,categorical__purchase_hour_6,-0.5446285929386082,
regression,ridge_a1,2,categorical__purchase_hour_7,-0.7293406080575069,
regression,ridge_a1,2,categorical__purchase_hour_8,-0.759079609861914,
regression,ridge_a1,2,categorical__purchase_hour_9,-0.7490252183033963,
regression,ridge_a1,3,numeric__n_items,-0.3202521534171177,
regression,ridge_a1,3,numeric__has_items,0.0,
regression,ridge_a1,3,numeric__n_products,-0.027583577637577444,
regression,ridge_a1,3,numeric__n_sellers,-0.2916287496270572,
regression,ridge_a1,3,numeric__n_categories,-0.04796127858521823,
regression,ridge_a1,3,numeric__total_price,0.1112655921857097,
regression,ridge_a1,3,numeric__total_freight,0.06433963463546825,
regression,ridge_a1,3,numeric__freight_ratio,0.009655024546282595,
regression,ridge_a1,3,numeric__freight_ratio_missing,0.0,
regression,ridge_a1,3,numeric__total_weight_g,0.28183527479637205,
regression,ridge_a1,3,numeric__total_volume_cm3,0.09405131240860415,
regression,ridge_a1,3,numeric__weight_missing_fraction,-0.04824385514529515,
regression,ridge_a1,3,numeric__volume_missing_fraction,0.033331118698209115,
regression,ridge_a1,3,numeric__category_missing_fraction,-0.03143786011391592,
regression,ridge_a1,3,numeric__distance_km_max,1.9068120326892315,
regression,ridge_a1,3,numeric__distance_missing_fraction,0.0532875714897369,
regression,ridge_a1,3,numeric__interstate_share,1.5878339203977558,
regression,ridge_a1,3,numeric__payment_installments_max,0.2209953028733642,
regression,ridge_a1,3,numeric__n_payment_methods,-0.014333066704635774,
regression,ridge_a1,3,numeric__payment_missing,0.19012841841715436,
regression,ridge_a1,3,numeric__missingindicator_total_weight_g,-0.04824385514529515,
regression,ridge_a1,3,numeric__missingindicator_total_volume_cm3,0.033331118698209115,
regression,ridge_a1,3,numeric__missingindicator_distance_km_max,0.08569633242944827,
regression,ridge_a1,3,numeric__missingindicator_payment_installments_max,-0.009071226195033737,
regression,ridge_a1,3,categorical__customer_state_AL,6.099536479796735,
regression,ridge_a1,3,categorical__customer_state_AM,4.386750686119974,
regression,ridge_a1,3,categorical__customer_state_AP,3.9856901583397515,
regression,ridge_a1,3,categorical__customer_state_BA,2.363754821054186,
regression,ridge_a1,3,categorical__customer_state_CE,1.4928533945429783,
regression,ridge_a1,3,categorical__customer_state_DF,-2.147061808907062,
regression,ridge_a1,3,categorical__customer_state_ES,0.4090700765151188,
regression,ridge_a1,3,categorical__customer_state_GO,0.18127756619136734,
regression,ridge_a1,3,categorical__customer_state_MA,1.7567745139749062,
regression,ridge_a1,3,categorical__customer_state_MG,-2.0322155193679823,
regression,ridge_a1,3,categorical__customer_state_MS,-0.24414625076512836,
regression,ridge_a1,3,categorical__customer_state_MT,0.7154049618051239,
regression,ridge_a1,3,categorical__customer_state_PA,3.4031310913848047,
regression,ridge_a1,3,categorical__customer_state_PB,1.5103179372213758,
regression,ridge_a1,3,categorical__customer_state_PE,-0.5927772871711614,
regression,ridge_a1,3,categorical__customer_state_PI,0.9043149822938675,
regression,ridge_a1,3,categorical__customer_state_PR,-1.830838754570499,
regression,ridge_a1,3,categorical__customer_state_RJ,1.2175473514296469,
regression,ridge_a1,3,categorical__customer_state_RN,-1.2437027984285431,
regression,ridge_a1,3,categorical__customer_state_RO,-0.6067379723977692,
regression,ridge_a1,3,categorical__customer_state_RR,4.5317041599452255,
regression,ridge_a1,3,categorical__customer_state_RS,-0.10315075272172271,
regression,ridge_a1,3,categorical__customer_state_SC,0.6778620856469586,
regression,ridge_a1,3,categorical__customer_state_SE,3.5046697623250576,
regression,ridge_a1,3,categorical__customer_state_SP,-2.13158178879072,
regression,ridge_a1,3,categorical__customer_state_TO,0.30478878083733973,
regression,ridge_a1,3,categorical__primary_seller_state_BA,-2.855777054770534,
regression,ridge_a1,3,categorical__primary_seller_state_CE,-0.15438691772392452,
regression,ridge_a1,3,categorical__primary_seller_state_DF,-2.744649627298926,
regression,ridge_a1,3,categorical__primary_seller_state_ES,-3.4500991033155026,
regression,ridge_a1,3,categorical__primary_seller_state_GO,-2.2949600407500883,
regression,ridge_a1,3,categorical__primary_seller_state_MA,0.16361393245976344,
regression,ridge_a1,3,categorical__primary_seller_state_MG,-1.6070060232098542,
regression,ridge_a1,3,categorical__primary_seller_state_MS,-3.3718209988166636,
regression,ridge_a1,3,categorical__primary_seller_state_MT,-2.759677298233319,
regression,ridge_a1,3,categorical__primary_seller_state_PA,0.31877965609169784,
regression,ridge_a1,3,categorical__primary_seller_state_PB,-5.525420923751287,
regression,ridge_a1,3,categorical__primary_seller_state_PE,-6.596579693381714,
regression,ridge_a1,3,categorical__primary_seller_state_PI,-3.0276460576506263,
regression,ridge_a1,3,categorical__primary_seller_state_PR,-1.8922784215689632,
regression,ridge_a1,3,categorical__primary_seller_state_RJ,-2.423032409567117,
regression,ridge_a1,3,categorical__primary_seller_state_RN,-2.1953533663576748,
regression,ridge_a1,3,categorical__primary_seller_state_RO,-2.6656078226378837,
regression,ridge_a1,3,categorical__primary_seller_state_RS,-3.8211509866377042,
regression,ridge_a1,3,categorical__primary_seller_state_SC,-1.56567231017699,
regression,ridge_a1,3,categorical__primary_seller_state_SE,-6.901510360328262,
regression,ridge_a1,3,categorical__primary_seller_state_SP,-0.9734219595682627,
regression,ridge_a1,3,categorical__primary_category_agro_industry_and_commerce,-1.1129346391618327,
regression,ridge_a1,3,categorical__primary_category_air_conditioning,0.3007750135999627,
regression,ridge_a1,3,categorical__primary_category_art,0.4886961931483756,
regression,ridge_a1,3,categorical__primary_category_arts_and_craftmanship,-0.8833679302851478,
regression,ridge_a1,3,categorical__primary_category_audio,1.333848797213391,
regression,ridge_a1,3,categorical__primary_category_auto,-0.20692492621658845,
regression,ridge_a1,3,categorical__primary_category_baby,0.478958186337752,
regression,ridge_a1,3,categorical__primary_category_bed_bath_table,1.2181125602883474,
regression,ridge_a1,3,categorical__primary_category_books_general_interest,-0.22088541736135747,
regression,ridge_a1,3,categorical__primary_category_books_imported,-0.7894076819743832,
regression,ridge_a1,3,categorical__primary_category_books_technical,-0.41858998307008327,
regression,ridge_a1,3,categorical__primary_category_cds_dvds_musicals,0.4253673767815868,
regression,ridge_a1,3,categorical__primary_category_christmas_supplies,2.4876986720716934,
regression,ridge_a1,3,categorical__primary_category_cine_photo,-1.2378987912818276,
regression,ridge_a1,3,categorical__primary_category_computers,-0.8268328977679312,
regression,ridge_a1,3,categorical__primary_category_computers_accessories,0.7538568766588593,
regression,ridge_a1,3,categorical__primary_category_consoles_games,0.9739585271915141,
regression,ridge_a1,3,categorical__primary_category_construction_tools_construction,0.40438450071570725,
regression,ridge_a1,3,categorical__primary_category_construction_tools_lights,-0.3531840224483434,
regression,ridge_a1,3,categorical__primary_category_construction_tools_safety,-0.9321747713647379,
regression,ridge_a1,3,categorical__primary_category_cool_stuff,-0.5810689286124066,
regression,ridge_a1,3,categorical__primary_category_costruction_tools_garden,-0.22754135233382464,
regression,ridge_a1,3,categorical__primary_category_costruction_tools_tools,-0.3770437507052355,
regression,ridge_a1,3,categorical__primary_category_diapers_and_hygiene,2.599983986226124,
regression,ridge_a1,3,categorical__primary_category_drinks,-0.14786637573938652,
regression,ridge_a1,3,categorical__primary_category_dvds_blu_ray,0.9645293268253399,
regression,ridge_a1,3,categorical__primary_category_electronics,-0.08909438652628109,
regression,ridge_a1,3,categorical__primary_category_fashio_female_clothing,1.580241269410731,
regression,ridge_a1,3,categorical__primary_category_fashion_bags_accessories,-0.641595892146209,
regression,ridge_a1,3,categorical__primary_category_fashion_childrens_clothes,-0.7421345353036223,
regression,ridge_a1,3,categorical__primary_category_fashion_male_clothing,1.6238864814255802,
regression,ridge_a1,3,categorical__primary_category_fashion_shoes,2.7439732217207045,
regression,ridge_a1,3,categorical__primary_category_fashion_sport,-2.3596894512409943,
regression,ridge_a1,3,categorical__primary_category_fashion_underwear_beach,2.3257902042110654,
regression,ridge_a1,3,categorical__primary_category_fixed_telephony,0.16378532457134107,
regression,ridge_a1,3,categorical__primary_category_flowers,-2.189950469312224,
regression,ridge_a1,3,categorical__primary_category_food,-0.09897274278841933,
regression,ridge_a1,3,categorical__primary_category_food_drink,-1.0012199839459412,
regression,ridge_a1,3,categorical__primary_category_furniture_bedroom,0.6035245253482785,
regression,ridge_a1,3,categorical__primary_category_furniture_decor,0.9169595749921289,
regression,ridge_a1,3,categorical__primary_category_furniture_living_room,1.3814279476772087,
regression,ridge_a1,3,categorical__primary_category_furniture_mattress_and_upholstery,3.611611285099044,
regression,ridge_a1,3,categorical__primary_category_garden_tools,0.6664914971302872,
regression,ridge_a1,3,categorical__primary_category_health_beauty,-0.2780548844015763,
regression,ridge_a1,3,categorical__primary_category_home_appliances,-0.0007199195725149526,
regression,ridge_a1,3,categorical__primary_category_home_appliances_2,1.4888979324389353,
regression,ridge_a1,3,categorical__primary_category_home_comfort_2,-0.5080240806478531,
regression,ridge_a1,3,categorical__primary_category_home_confort,1.7134067331698106,
regression,ridge_a1,3,categorical__primary_category_home_construction,1.0203820508574648,
regression,ridge_a1,3,categorical__primary_category_housewares,-0.1555078197937819,
regression,ridge_a1,3,categorical__primary_category_industry_commerce_and_business,-1.1439787672244017,
regression,ridge_a1,3,categorical__primary_category_kitchen_dining_laundry_garden_furniture,-0.6658402730604791,
regression,ridge_a1,3,categorical__primary_category_la_cuisine,-2.6994945998968407,
regression,ridge_a1,3,categorical__primary_category_luggage_accessories,-1.103160131609186,
regression,ridge_a1,3,categorical__primary_category_market_place,-0.12822080035461256,
regression,ridge_a1,3,categorical__primary_category_music,-1.6526654043114657,
regression,ridge_a1,3,categorical__primary_category_musical_instruments,0.5111157151003445,
regression,ridge_a1,3,categorical__primary_category_office_furniture,6.682876764734646,
regression,ridge_a1,3,categorical__primary_category_party_supplies,-2.111935891351824,
regression,ridge_a1,3,categorical__primary_category_perfumery,-0.22649109814656615,
regression,ridge_a1,3,categorical__primary_category_pet_shop,-0.031169910277994577,
regression,ridge_a1,3,categorical__primary_category_security_and_services,-0.5395586004676347,
regression,ridge_a1,3,categorical__primary_category_signaling_and_security,0.23136737825975168,
regression,ridge_a1,3,categorical__primary_category_small_appliances,-0.82016059182216,
regression,ridge_a1,3,categorical__primary_category_small_appliances_home_oven_and_coffee,-1.4472215629371403,
regression,ridge_a1,3,categorical__primary_category_sports_leisure,-0.0829987318045871,
regression,ridge_a1,3,categorical__primary_category_stationery,0.29029976622844517,
regression,ridge_a1,3,categorical__primary_category_tablets_printing_image,-0.4154986941980529,
regression,ridge_a1,3,categorical__primary_category_telephony,-0.05355433732200554,
regression,ridge_a1,3,categorical__primary_category_toys,-0.4681354460045443,
regression,ridge_a1,3,categorical__primary_category_watches_gifts,0.3508952022876436,
regression,ridge_a1,3,categorical__primary_payment_type_boleto,0.9293022494175207,
regression,ridge_a1,3,categorical__primary_payment_type_credit_card,-0.4017852569439658,
regression,ridge_a1,3,categorical__primary_payment_type_debit_card,-0.31052065153416203,
regression,ridge_a1,3,categorical__primary_payment_type_voucher,-0.21776169463657932,
regression,ridge_a1,3,categorical__purchase_month_10,-1.8952676235565427,
regression,ridge_a1,3,categorical__purchase_month_11,1.0113331555297118,
regression,ridge_a1,3,categorical__purchase_month_12,1.6568210178515819,
regression,ridge_a1,3,categorical__purchase_month_2,2.211742590579231,
regression,ridge_a1,3,categorical__purchase_month_3,1.2302695724060262,
regression,ridge_a1,3,categorical__purchase_month_4,-1.4839220848674217,
regression,ridge_a1,3,categorical__purchase_month_5,-2.190287052037016,
regression,ridge_a1,3,categorical__purchase_month_6,-3.608619766570018,
regression,ridge_a1,3,categorical__purchase_month_7,-3.886700188786545,
regression,ridge_a1,3,categorical__purchase_month_8,-4.2914753538046035,
regression,ridge_a1,3,categorical__purchase_month_9,-2.5285292767739147,
regression,ridge_a1,3,categorical__purchase_dayofweek_1,0.16374307522566517,
regression,ridge_a1,3,categorical__purchase_dayofweek_2,0.43493011480395466,
regression,ridge_a1,3,categorical__purchase_dayofweek_3,0.6207112949291838,
regression,ridge_a1,3,categorical__purchase_dayofweek_4,1.285334402037522,
regression,ridge_a1,3,categorical__purchase_dayofweek_5,0.9433746364827879,
regression,ridge_a1,3,categorical__purchase_dayofweek_6,0.025143033587081295,
regression,ridge_a1,3,categorical__purchase_hour_1,-0.5489469656142435,
regression,ridge_a1,3,categorical__purchase_hour_10,-0.43696386060570386,
regression,ridge_a1,3,categorical__purchase_hour_11,-0.6092422463856189,
regression,ridge_a1,3,categorical__purchase_hour_12,-0.3832019623665762,
regression,ridge_a1,3,categorical__purchase_hour_13,-0.5931305606008123,
regression,ridge_a1,3,categorical__purchase_hour_14,-0.35677403891588355,
regression,ridge_a1,3,categorical__purchase_hour_15,-0.23142841883600854,
regression,ridge_a1,3,categorical__purchase_hour_16,-0.32210828354183935,
regression,ridge_a1,3,categorical__purchase_hour_17,-0.4269068935052562,
regression,ridge_a1,3,categorical__purchase_hour_18,-0.2292874321078589,
regression,ridge_a1,3,categorical__purchase_hour_19,-0.21656608959465012,
regression,ridge_a1,3,categorical__purchase_hour_2,-0.3072785688069346,
regression,ridge_a1,3,categorical__purchase_hour_20,-0.2928184618896597,
regression,ridge_a1,3,categorical__purchase_hour_21,-0.2962922015193166,
regression,ridge_a1,3,categorical__purchase_hour_22,-0.38181711972927146,
regression,ridge_a1,3,categorical__purchase_hour_23,-0.21814091448113235,
regression,ridge_a1,3,categorical__purchase_hour_3,-0.4189285405586419,
regression,ridge_a1,3,categorical__purchase_hour_4,-0.21250979289347813,
regression,ridge_a1,3,categorical__purchase_hour_5,-0.9860808404604378,
regression,ridge_a1,3,categorical__purchase_hour_6,-0.035871498952694265,
regression,ridge_a1,3,categorical__purchase_hour_7,-0.5459402407144757,
regression,ridge_a1,3,categorical__purchase_hour_8,-0.6993179611725368,
regression,ridge_a1,3,categorical__purchase_hour_9,-0.7573362956514587,
regression,ridge_a1,4,numeric__n_items,-0.2682935808819222,
regression,ridge_a1,4,numeric__has_items,0.0,
regression,ridge_a1,4,numeric__n_products,-0.0442871697687893,
regression,ridge_a1,4,numeric__n_sellers,-0.2878367637244864,
regression,ridge_a1,4,numeric__n_categories,-0.07505212032270378,
regression,ridge_a1,4,numeric__total_price,0.05213623154198156,
regression,ridge_a1,4,numeric__total_freight,0.071378774357357,
regression,ridge_a1,4,numeric__freight_ratio,0.01241663137344786,
regression,ridge_a1,4,numeric__freight_ratio_missing,0.0,
regression,ridge_a1,4,numeric__total_weight_g,0.4151438261432668,
regression,ridge_a1,4,numeric__total_volume_cm3,0.005495106795170537,
regression,ridge_a1,4,numeric__weight_missing_fraction,-0.03139224162805799,
regression,ridge_a1,4,numeric__volume_missing_fraction,0.029206524002538512,
regression,ridge_a1,4,numeric__category_missing_fraction,-0.06430550361229212,
regression,ridge_a1,4,numeric__distance_km_max,1.9861046843437227,
regression,ridge_a1,4,numeric__distance_missing_fraction,0.06772097386130511,
regression,ridge_a1,4,numeric__interstate_share,1.593543299662625,
regression,ridge_a1,4,numeric__payment_installments_max,0.22352886494866633,
regression,ridge_a1,4,numeric__n_payment_methods,-0.05104608839696589,
regression,ridge_a1,4,numeric__payment_missing,0.1866959710612816,
regression,ridge_a1,4,numeric__missingindicator_total_weight_g,-0.03139224162805799,
regression,ridge_a1,4,numeric__missingindicator_total_volume_cm3,0.029206524002538512,
regression,ridge_a1,4,numeric__missingindicator_distance_km_max,0.06255676279687973,
regression,ridge_a1,4,numeric__missingindicator_payment_installments_max,-0.008004647188626453,
regression,ridge_a1,4,categorical__customer_state_AL,6.80346435347104,
regression,ridge_a1,4,categorical__customer_state_AM,4.581735609162687,
regression,ridge_a1,4,categorical__customer_state_AP,4.86528377915753,
regression,ridge_a1,4,categorical__customer_state_BA,3.112435872555732,
regression,ridge_a1,4,categorical__customer_state_CE,1.9556062129288545,
regression,ridge_a1,4,categorical__customer_state_DF,-1.4738034675950504,
regression,ridge_a1,4,categorical__customer_state_ES,1.1056258221938737,
regression,ridge_a1,4,categorical__customer_state_GO,0.8974494479995132,
regression,ridge_a1,4,categorical__customer_state_MA,2.3462337290756117,
regression,ridge_a1,4,categorical__customer_state_MG,-1.3246780466341401,
regression,ridge_a1,4,categorical__customer_state_MS,0.8092830862636,
regression,ridge_a1,4,categorical__customer_state_MT,1.4411529403222219,
regression,ridge_a1,4,categorical__customer_state_PA,3.85153985741813,
regression,ridge_a1,4,categorical__customer_state_PB,2.1929413021311523,
regression,ridge_a1,4,categorical__customer_state_PE,-0.046806826608693355,
regression,ridge_a1,4,categorical__customer_state_PI,1.818471876679367,
regression,ridge_a1,4,categorical__customer_state_PR,-1.0591831822612057,
regression,ridge_a1,4,categorical__customer_state_RJ,1.907833471477411,
regression,ridge_a1,4,categorical__customer_state_RN,0.34123905162313345,
regression,ridge_a1,4,categorical__customer_state_RO,-0.054737217703106064,
regression,ridge_a1,4,categorical__customer_state_RR,4.389235238560151,
regression,ridge_a1,4,categorical__customer_state_RS,0.545152475320264,
regression,ridge_a1,4,categorical__customer_state_SC,1.322997300636066,
regression,ridge_a1,4,categorical__customer_state_SE,4.332905636269917,
regression,ridge_a1,4,categorical__customer_state_SP,-1.3660405232454476,
regression,ridge_a1,4,categorical__customer_state_TO,0.3614579846551945,
regression,ridge_a1,4,categorical__primary_seller_state_BA,-3.2559512706558333,
regression,ridge_a1,4,categorical__primary_seller_state_CE,-2.689400039368614,
regression,ridge_a1,4,categorical__primary_seller_state_DF,-3.01482248780703,
regression,ridge_a1,4,categorical__primary_seller_state_ES,-3.715978070049785,
regression,ridge_a1,4,categorical__primary_seller_state_GO,-2.5656495630687073,
regression,ridge_a1,4,categorical__primary_seller_state_MA,-0.20102812079351698,
regression,ridge_a1,4,categorical__primary_seller_state_MG,-1.5515302283434018,
regression,ridge_a1,4,categorical__primary_seller_state_MS,-5.370347555044849,
regression,ridge_a1,4,categorical__primary_seller_state_MT,-3.6508178218711915,
regression,ridge_a1,4,categorical__primary_seller_state_PA,0.03367970043797266,
regression,ridge_a1,4,categorical__primary_seller_state_PB,-7.9055854548750135,
regression,ridge_a1,4,categorical__primary_seller_state_PE,-6.852734639005504,
regression,ridge_a1,4,categorical__primary_seller_state_PI,-3.0515239156121563,
regression,ridge_a1,4,categorical__primary_seller_state_PR,-1.907146556732476,
regression,ridge_a1,4,categorical__primary_seller_state_RJ,-2.0754370293669373,
regression,ridge_a1,4,categorical__primary_seller_state_RN,-2.9922209510247293,
regression,ridge_a1,4,categorical__primary_seller_state_RO,-0.35615328672828955,
regression,ridge_a1,4,categorical__primary_seller_state_RS,-3.896064043960446,
regression,ridge_a1,4,categorical__primary_seller_state_SC,-1.3389894802282167,
regression,ridge_a1,4,categorical__primary_seller_state_SE,-6.678939959465357,
regression,ridge_a1,4,categorical__primary_seller_state_SP,-0.9639690534259838,
regression,ridge_a1,4,categorical__primary_category_agro_industry_and_commerce,-1.3647796589523775,
regression,ridge_a1,4,categorical__primary_category_air_conditioning,0.14138840367369376,
regression,ridge_a1,4,categorical__primary_category_art,0.02037958400318874,
regression,ridge_a1,4,categorical__primary_category_arts_and_craftmanship,-0.6027498761835585,
regression,ridge_a1,4,categorical__primary_category_audio,0.8324259827061239,
regression,ridge_a1,4,categorical__primary_category_auto,-0.1276797650281551,
regression,ridge_a1,4,categorical__primary_category_baby,0.6837045068277378,
regression,ridge_a1,4,categorical__primary_category_bed_bath_table,1.3404770724289454,
regression,ridge_a1,4,categorical__primary_category_books_general_interest,-0.015978972045568668,
regression,ridge_a1,4,categorical__primary_category_books_imported,-1.2350745334122182,
regression,ridge_a1,4,categorical__primary_category_books_technical,-0.49827342007282527,
regression,ridge_a1,4,categorical__primary_category_cds_dvds_musicals,0.5446522436087288,
regression,ridge_a1,4,categorical__primary_category_christmas_supplies,2.7845070783940162,
regression,ridge_a1,4,categorical__primary_category_cine_photo,-0.9495087824196023,
regression,ridge_a1,4,categorical__primary_category_computers,-0.28062932683592007,
regression,ridge_a1,4,categorical__primary_category_computers_accessories,0.7971461369943093,
regression,ridge_a1,4,categorical__primary_category_consoles_games,0.8737002202207188,
regression,ridge_a1,4,categorical__primary_category_construction_tools_construction,-0.1536924304169543,
regression,ridge_a1,4,categorical__primary_category_construction_tools_lights,-0.25127818677111147,
regression,ridge_a1,4,categorical__primary_category_construction_tools_safety,-1.1410154432866424,
regression,ridge_a1,4,categorical__primary_category_cool_stuff,-0.22656927467014787,
regression,ridge_a1,4,categorical__primary_category_costruction_tools_garden,-0.8838672327681767,
regression,ridge_a1,4,categorical__primary_category_costruction_tools_tools,-1.176469090528369,
regression,ridge_a1,4,categorical__primary_category_diapers_and_hygiene,2.1171077151227866,
regression,ridge_a1,4,categorical__primary_category_drinks,-0.5817007643771142,
regression,ridge_a1,4,categorical__primary_category_dvds_blu_ray,0.9521840794519558,
regression,ridge_a1,4,categorical__primary_category_electronics,0.13293553944526265,
regression,ridge_a1,4,categorical__primary_category_fashio_female_clothing,3.265114777817659,
regression,ridge_a1,4,categorical__primary_category_fashion_bags_accessories,-0.7336590563066314,
regression,ridge_a1,4,categorical__primary_category_fashion_childrens_clothes,-1.0210180939214797,
regression,ridge_a1,4,categorical__primary_category_fashion_male_clothing,1.7224860306585823,
regression,ridge_a1,4,categorical__primary_category_fashion_shoes,3.187490577039981,
regression,ridge_a1,4,categorical__primary_category_fashion_sport,-0.3230613816187683,
regression,ridge_a1,4,categorical__primary_category_fashion_underwear_beach,1.9125800355050349,
regression,ridge_a1,4,categorical__primary_category_fixed_telephony,-0.026635709678480727,
regression,ridge_a1,4,categorical__primary_category_flowers,-0.6411030196696381,
regression,ridge_a1,4,categorical__primary_category_food,-0.7645715440853067,
regression,ridge_a1,4,categorical__primary_category_food_drink,-0.8341696579749304,
regression,ridge_a1,4,categorical__primary_category_furniture_bedroom,1.3343381976618118,
regression,ridge_a1,4,categorical__primary_category_furniture_decor,0.806491955800838,
regression,ridge_a1,4,categorical__primary_category_furniture_living_room,1.1442319804270975,
regression,ridge_a1,4,categorical__primary_category_furniture_mattress_and_upholstery,3.734158076360728,
regression,ridge_a1,4,categorical__primary_category_garden_tools,0.6311040592385525,
regression,ridge_a1,4,categorical__primary_category_health_beauty,-0.1611385074364175,
regression,ridge_a1,4,categorical__primary_category_home_appliances,0.1788456738570321,
regression,ridge_a1,4,categorical__primary_category_home_appliances_2,-0.18383500513605666,
regression,ridge_a1,4,categorical__primary_category_home_comfort_2,2.7892384351536337,
regression,ridge_a1,4,categorical__primary_category_home_confort,1.692940114782783,
regression,ridge_a1,4,categorical__primary_category_home_construction,1.7661088428726226,
regression,ridge_a1,4,categorical__primary_category_housewares,-0.06842924632195597,
regression,ridge_a1,4,categorical__primary_category_industry_commerce_and_business,-1.3658191663266108,
regression,ridge_a1,4,categorical__primary_category_kitchen_dining_laundry_garden_furniture,-0.2531043168899947,
regression,ridge_a1,4,categorical__primary_category_la_cuisine,-2.7717231887851015,
regression,ridge_a1,4,categorical__primary_category_luggage_accessories,-1.1368690753848436,
regression,ridge_a1,4,categorical__primary_category_market_place,-0.07553186968475664,
regression,ridge_a1,4,categorical__primary_category_music,0.088829056684862,
regression,ridge_a1,4,categorical__primary_category_musical_instruments,0.41569862780465583,
regression,ridge_a1,4,categorical__primary_category_office_furniture,6.739407063632471,
regression,ridge_a1,4,categorical__primary_category_party_supplies,-1.8305669362736727,
regression,ridge_a1,4,categorical__primary_category_perfumery,-0.029092014898244728,
regression,ridge_a1,4,categorical__primary_category_pet_shop,-0.23126345298316148,
regression,ridge_a1,4,categorical__primary_category_security_and_services,-0.8156345595997369,
regression,ridge_a1,4,categorical__primary_category_signaling_and_security,0.4692740937636078,
regression,ridge_a1,4,categorical__primary_category_small_appliances,-0.7700097798252105,
regression,ridge_a1,4,categorical__primary_category_small_appliances_home_oven_and_coffee,-1.0499158543327782,
regression,ridge_a1,4,categorical__primary_category_sports_leisure,0.07194268660254569,
regression,ridge_a1,4,categorical__primary_category_stationery,0.4332861572588987,
regression,ridge_a1,4,categorical__primary_category_tablets_printing_image,-1.6161393008449156,
regression,ridge_a1,4,categorical__primary_category_telephony,-0.07030359052884479,
regression,ridge_a1,4,categorical__primary_category_toys,-0.3486200098868692,
regression,ridge_a1,4,categorical__primary_category_watches_gifts,0.3510691979949154,
regression,ridge_a1,4,categorical__primary_payment_type_boleto,0.8109429135982488,
regression,ridge_a1,4,categorical__primary_payment_type_credit_card,-0.4400093321618224,
regression,ridge_a1,4,categorical__primary_payment_type_debit_card,-0.4731996668573463,
regression,ridge_a1,4,categorical__primary_payment_type_voucher,0.10151455467021515,
regression,ridge_a1,4,categorical__purchase_month_10,-1.9661669113881493,
regression,ridge_a1,4,categorical__purchase_month_11,0.8664272243999191,
regression,ridge_a1,4,categorical__purchase_month_12,1.5660039248544748,
regression,ridge_a1,4,categorical__purchase_month_2,1.9027505435518541,
regression,ridge_a1,4,categorical__purchase_month_3,1.229454247355826,
regression,ridge_a1,4,categorical__purchase_month_4,-1.5442795038835808,
regression,ridge_a1,4,categorical__purchase_month_5,-2.33472749109829,
regression,ridge_a1,4,categorical__purchase_month_6,-3.6078167963131307,
regression,ridge_a1,4,categorical__purchase_month_7,-3.92317207753558,
regression,ridge_a1,4,categorical__purchase_month_8,-4.318879364244975,
regression,ridge_a1,4,categorical__purchase_month_9,-2.5349995622618837,
regression,ridge_a1,4,categorical__purchase_dayofweek_1,0.10102712333547235,
regression,ridge_a1,4,categorical__purchase_dayofweek_2,0.40479138565277145,
regression,ridge_a1,4,categorical__purchase_dayofweek_3,0.7170914196794229,
regression,ridge_a1,4,categorical__purchase_dayofweek_4,1.3039825328176675,
regression,ridge_a1,4,categorical__purchase_dayofweek_5,1.0153537394235659,
regression,ridge_a1,4,categorical__purchase_dayofweek_6,0.06851801777807368,
regression,ridge_a1,4,categorical__purchase_hour_1,-0.6648517409548907,
regression,ridge_a1,4,categorical__purchase_hour_10,-0.6690796965912955,
regression,ridge_a1,4,categorical__purchase_hour_11,-0.8616075610472059,
regression,ridge_a1,4,categorical__purchase_hour_12,-0.5642961008137094,
regression,ridge_a1,4,categorical__purchase_hour_13,-0.4768046159779494,
regression,ridge_a1,4,categorical__purchase_hour_14,-0.28679215967325605,
regression,ridge_a1,4,categorical__purchase_hour_15,-0.44143276555146177,
regression,ridge_a1,4,categorical__purchase_hour_16,-0.4240604408403651,
regression,ridge_a1,4,categorical__purchase_hour_17,-0.5437220147673745,
regression,ridge_a1,4,categorical__purchase_hour_18,-0.273636401063621,
regression,ridge_a1,4,categorical__purchase_hour_19,-0.4279604584997294,
regression,ridge_a1,4,categorical__purchase_hour_2,-0.31375882755358525,
regression,ridge_a1,4,categorical__purchase_hour_20,-0.5082439065832541,
regression,ridge_a1,4,categorical__purchase_hour_21,-0.4347284991899861,
regression,ridge_a1,4,categorical__purchase_hour_22,-0.5373728056350943,
regression,ridge_a1,4,categorical__purchase_hour_23,-0.2402592815753587,
regression,ridge_a1,4,categorical__purchase_hour_3,-0.47653664230545895,
regression,ridge_a1,4,categorical__purchase_hour_4,-0.055274006577671495,
regression,ridge_a1,4,categorical__purchase_hour_5,-0.8017563314291571,
regression,ridge_a1,4,categorical__purchase_hour_6,-0.5561596240931227,
regression,ridge_a1,4,categorical__purchase_hour_7,-0.7947085930237332,
regression,ridge_a1,4,categorical__purchase_hour_8,-0.7622207513990685,
regression,ridge_a1,4,categorical__purchase_hour_9,-0.6705498792119059,
regression,ridge_a100,0,numeric__n_items,-0.3096401093553198,
regression,ridge_a100,0,numeric__has_items,0.0,
regression,ridge_a100,0,numeric__n_products,-0.039602826619079504,
regression,ridge_a100,0,numeric__n_sellers,-0.2737963252840405,
regression,ridge_a100,0,numeric__n_categories,-0.09320442210989459,
regression,ridge_a100,0,numeric__total_price,0.034410197053025345,
regression,ridge_a100,0,numeric__total_freight,0.07430560292422277,
regression,ridge_a100,0,numeric__freight_ratio,0.02017838063961912,
regression,ridge_a100,0,numeric__freight_ratio_missing,0.0,
regression,ridge_a100,0,numeric__total_weight_g,0.33136902882667313,
regression,ridge_a100,0,numeric__total_volume_cm3,0.20906357560432637,
regression,ridge_a100,0,numeric__weight_missing_fraction,-0.01482848135781128,
regression,ridge_a100,0,numeric__volume_missing_fraction,0.017570205406639814,
regression,ridge_a100,0,numeric__category_missing_fraction,-0.0964151657554181,
regression,ridge_a100,0,numeric__distance_km_max,2.146739879452696,
regression,ridge_a100,0,numeric__distance_missing_fraction,0.060559313942132334,
regression,ridge_a100,0,numeric__interstate_share,1.5162325595851045,
regression,ridge_a100,0,numeric__payment_installments_max,0.2250307041843071,
regression,ridge_a100,0,numeric__n_payment_methods,0.016350874009564104,
regression,ridge_a100,0,numeric__payment_missing,0.1885592144598825,
regression,ridge_a100,0,numeric__missingindicator_total_weight_g,-0.01482848135781128,
regression,ridge_a100,0,numeric__missingindicator_total_volume_cm3,0.017570205406639814,
regression,ridge_a100,0,numeric__missingindicator_distance_km_max,0.03809672482083897,
regression,ridge_a100,0,numeric__missingindicator_payment_installments_max,-0.008050142628684967,
regression,ridge_a100,0,categorical__customer_state_AL,3.616304636574292,
regression,ridge_a100,0,categorical__customer_state_AM,1.5874915788489503,
regression,ridge_a100,0,categorical__customer_state_AP,0.671321639184914,
regression,ridge_a100,0,categorical__customer_state_BA,1.6298002548923627,
regression,ridge_a100,0,categorical__customer_state_CE,0.6144928893342778,
regression,ridge_a100,0,categorical__customer_state_DF,-2.4139381721499835,
regression,ridge_a100,0,categorical__customer_state_ES,-0.038448700692917,
regression,ridge_a100,0,categorical__customer_state_GO,-0.41032727038924727,
regression,ridge_a100,0,categorical__customer_state_MA,0.8663948077281266,
regression,ridge_a100,0,categorical__customer_state_MG,-2.2704260721224303,
regression,ridge_a100,0,categorical__customer_state_MS,-0.1400803279007842,
regression,ridge_a100,0,categorical__customer_state_MT,0.15313503364197242,
regression,ridge_a100,0,categorical__customer_state_PA,2.050734448578452,
regression,ridge_a100,0,categorical__customer_state_PB,0.5110363525700893,
regression,ridge_a100,0,categorical__customer_state_PE,-1.28107336573216,
regression,ridge_a100,0,categorical__customer_state_PI,-0.5649442026888305,
regression,ridge_a100,0,categorical__customer_state_PR,-2.01612241921186,
regression,ridge_a100,0,categorical__customer_state_RJ,0.8102140664162855,
regression,ridge_a100,0,categorical__customer_state_RN,-1.1592139835210098,
regression,ridge_a100,0,categorical__customer_state_RO,-0.8765672930204711,
regression,ridge_a100,0,categorical__customer_state_RR,0.7989172185515919,
regression,ridge_a100,0,categorical__customer_state_RS,-0.5544420594003722,
regression,ridge_a100,0,categorical__customer_state_SC,0.28616558867958763,
regression,ridge_a100,0,categorical__customer_state_SE,1.8256079248461345,
regression,ridge_a100,0,categorical__customer_state_SP,-2.461866988598114,
regression,ridge_a100,0,categorical__customer_state_TO,-0.36377841523781185,
regression,ridge_a100,0,categorical__primary_seller_state_BA,0.026876989392469904,
regression,ridge_a100,0,categorical__primary_seller_state_CE,0.18875129220949416,
regression,ridge_a100,0,categorical__primary_seller_state_DF,-0.24561534740091925,
regression,ridge_a100,0,categorical__primary_seller_state_ES,-0.8221370590257069,
regression,ridge_a100,0,categorical__primary_seller_state_GO,0.236575019799365,
regression,ridge_a100,0,categorical__primary_seller_state_MA,1.731202205387389,
regression,ridge_a100,0,categorical__primary_seller_state_MG,1.067000427398745,
regression,ridge_a100,0,categorical__primary_seller_state_MS,-0.3287160700629528,
regression,ridge_a100,0,categorical__primary_seller_state_MT,-0.17491576749707616,
regression,ridge_a100,0,categorical__primary_seller_state_PA,0.17215508927539505,
regression,ridge_a100,0,categorical__primary_seller_state_PB,-0.7604938010747414,
regression,ridge_a100,0,categorical__primary_seller_state_PE,-2.9740433425328887,
regression,ridge_a100,0,categorical__primary_seller_state_PI,-0.07139961240289522,
regression,ridge_a100,0,categorical__primary_seller_state_PR,0.803178894371729,
regression,ridge_a100,0,categorical__primary_seller_state_RJ,0.5174919058688029,
regression,ridge_a100,0,categorical__primary_seller_state_RN,-0.33860651761382665,
regression,ridge_a100,0,categorical__primary_seller_state_RO,-0.0413884374929471,
regression,ridge_a100,0,categorical__primary_seller_state_RS,-1.300594676826802,
regression,ridge_a100,0,categorical__primary_seller_state_SC,0.856961698093191,
regression,ridge_a100,0,categorical__primary_seller_state_SE,-0.32154664624252943,
regression,ridge_a100,0,categorical__primary_seller_state_SP,1.682801359938693,
regression,ridge_a100,0,categorical__primary_category_agro_industry_and_commerce,-0.6080539997161903,
regression,ridge_a100,0,categorical__primary_category_air_conditioning,-0.3438144090215039,
regression,ridge_a100,0,categorical__primary_category_art,0.0008972687874034747,
regression,ridge_a100,0,categorical__primary_category_arts_and_craftmanship,-0.10862115363959103,
regression,ridge_a100,0,categorical__primary_category_audio,0.4296097214046898,
regression,ridge_a100,0,categorical__primary_category_auto,-0.3310848369833391,
regression,ridge_a100,0,categorical__primary_category_baby,0.1633277243140881,
regression,ridge_a100,0,categorical__primary_category_bed_bath_table,0.9953946344349753,
regression,ridge_a100,0,categorical__primary_category_books_general_interest,-0.15942224976422315,
regression,ridge_a100,0,categorical__primary_category_books_imported,-0.32889035200898026,
regression,ridge_a100,0,categorical__primary_category_books_technical,-0.7737729280124606,
regression,ridge_a100,0,categorical__primary_category_cds_dvds_musicals,-0.06953875764664232,
regression,ridge_a100,0,categorical__primary_category_christmas_supplies,1.1979881460735051,
regression,ridge_a100,0,categorical__primary_category_cine_photo,-0.3230825466107282,
regression,ridge_a100,0,categorical__primary_category_computers,-0.5896455317465276,
regression,ridge_a100,0,categorical__primary_category_computers_accessories,0.45815677124469373,
regression,ridge_a100,0,categorical__primary_category_consoles_games,0.7823637536715679,
regression,ridge_a100,0,categorical__primary_category_construction_tools_construction,-0.28936843111882465,
regression,ridge_a100,0,categorical__primary_category_construction_tools_lights,-0.3925613502685303,
regression,ridge_a100,0,categorical__primary_category_construction_tools_safety,-0.3339291867622006,
regression,ridge_a100,0,categorical__primary_category_cool_stuff,-0.5378336889359571,
regression,ridge_a100,0,categorical__primary_category_costruction_tools_garden,-0.08443730171845264,
regression,ridge_a100,0,categorical__primary_category_costruction_tools_tools,-0.3552889330385578,
regression,ridge_a100,0,categorical__primary_category_diapers_and_hygiene,0.21813200287872517,
regression,ridge_a100,0,categorical__primary_category_drinks,-0.36100685742242045,
regression,ridge_a100,0,categorical__primary_category_dvds_blu_ray,0.44253496219268956,
regression,ridge_a100,0,categorical__primary_category_electronics,-0.13190002789875288,
regression,ridge_a100,0,categorical__primary_category_fashio_female_clothing,0.5037687659771144,
regression,ridge_a100,0,categorical__primary_category_fashion_bags_accessories,-0.8490418578671733,
regression,ridge_a100,0,categorical__primary_category_fashion_childrens_clothes,0.048119218914695366,
regression,ridge_a100,0,categorical__primary_category_fashion_male_clothing,0.4838957565829176,
regression,ridge_a100,0,categorical__primary_category_fashion_shoes,1.275453100426219,
regression,ridge_a100,0,categorical__primary_category_fashion_sport,-0.1947982012694608,
regression,ridge_a100,0,categorical__primary_category_fashion_underwear_beach,0.3730481591272459,
regression,ridge_a100,0,categorical__primary_category_fixed_telephony,0.15962000562744266,
regression,ridge_a100,0,categorical__primary_category_flowers,-0.18332181110218154,
regression,ridge_a100,0,categorical__primary_category_food,-0.4153088560034668,
regression,ridge_a100,0,categorical__primary_category_food_drink,-0.7821121268370588,
regression,ridge_a100,0,categorical__primary_category_furniture_bedroom,0.39091197619661633,
regression,ridge_a100,0,categorical__primary_category_furniture_decor,0.5140480766580043,
regression,ridge_a100,0,categorical__primary_category_furniture_living_room,0.4588373771564673,
regression,ridge_a100,0,categorical__primary_category_furniture_mattress_and_upholstery,0.49998307943085635,
regression,ridge_a100,0,categorical__primary_category_garden_tools,0.34454371687716007,
regression,ridge_a100,0,categorical__primary_category_health_beauty,-0.3843929460892411,
regression,ridge_a100,0,categorical__primary_category_home_appliances,-0.07391856504507867,
regression,ridge_a100,0,categorical__primary_category_home_appliances_2,0.286277873159588,
regression,ridge_a100,0,categorical__primary_category_home_comfort_2,0.21372370733229817,
regression,ridge_a100,0,categorical__primary_category_home_confort,0.6945911339381328,
regression,ridge_a100,0,categorical__primary_category_home_construction,1.1570230789520672,
regression,ridge_a100,0,categorical__primary_category_housewares,-0.4464010565020568,
regression,ridge_a100,0,categorical__primary_category_industry_commerce_and_business,-0.9426342069513524,
regression,ridge_a100,0,categorical__primary_category_kitchen_dining_laundry_garden_furniture,-0.15166439188513342,
regression,ridge_a100,0,categorical__primary_category_la_cuisine,-0.23228857164250552,
regression,ridge_a100,0,categorical__primary_category_luggage_accessories,-1.3369685627755061,
regression,ridge_a100,0,categorical__primary_category_market_place,-0.3652415640555444,
regression,ridge_a100,0,categorical__primary_category_music,0.004165835641906252,
regression,ridge_a100,0,categorical__primary_category_musical_instruments,0.1185914062484109,
regression,ridge_a100,0,categorical__primary_category_office_furniture,5.203324925516308,
regression,ridge_a100,0,categorical__primary_category_party_supplies,-0.5126747201049958,
regression,ridge_a100,0,categorical__primary_category_perfumery,-0.4007082933356927,
regression,ridge_a100,0,categorical__primary_category_pet_shop,-0.639972517457615,
regression,ridge_a100,0,categorical__primary_category_security_and_services,-0.026319781440092282,
regression,ridge_a100,0,categorical__primary_category_signaling_and_security,-0.06162819097296712,
regression,ridge_a100,0,categorical__primary_category_small_appliances,-1.1608931713761965,
regression,ridge_a100,0,categorical__primary_category_small_appliances_home_oven_and_coffee,-0.47128423611432346,
regression,ridge_a100,0,categorical__primary_category_sports_leisure,-0.32328142784347613,
regression,ridge_a100,0,categorical__primary_category_stationery,0.0631641857534326,
regression,ridge_a100,0,categorical__primary_category_tablets_printing_image,-0.26148354160074255,
regression,ridge_a100,0,categorical__primary_category_telephony,-0.37063472312341544,
regression,ridge_a100,0,categorical__primary_category_toys,-0.7975368500073042,
regression,ridge_a100,0,categorical__primary_category_watches_gifts,0.06807116401946307,
regression,ridge_a100,0,categorical__primary_payment_type_boleto,0.9212308603446377,
regression,ridge_a100,0,categorical__primary_payment_type_credit_card,-0.40182824206417006,
regression,ridge_a100,0,categorical__primary_payment_type_debit_card,-0.2919634478989724,
regression,ridge_a100,0,categorical__primary_payment_type_voucher,-0.22819820738516683,
regression,ridge_a100,0,categorical__purchase_month_10,-1.6488973439879735,
regression,ridge_a100,0,categorical__purchase_month_11,1.3215221111234245,
regression,ridge_a100,0,categorical__purchase_month_12,1.8578523863196488,
regression,ridge_a100,0,categorical__purchase_month_2,2.203892658145887,
regression,ridge_a100,0,categorical__purchase_month_3,1.516286694068615,
regression,ridge_a100,0,categorical__purchase_month_4,-1.2804932421004056,
regression,ridge_a100,0,categorical__purchase_month_5,-2.0436352989700572,
regression,ridge_a100,0,categorical__purchase_month_6,-3.301744394346208,
regression,ridge_a100,0,categorical__purchase_month_7,-3.5517201188440337,
regression,ridge_a100,0,categorical__purchase_month_8,-4.053879534577484,
regression,ridge_a100,0,categorical__purchase_month_9,-2.1687282550126734,
regression,ridge_a100,0,categorical__purchase_dayofweek_1,0.036279128095434536,
regression,ridge_a100,0,categorical__purchase_dayofweek_2,0.39025356547211365,
regression,ridge_a100,0,categorical__purchase_dayofweek_3,0.6415366883402295,
regression,ridge_a100,0,categorical__purchase_dayofweek_4,1.117440130126539,
regression,ridge_a100,0,categorical__purchase_dayofweek_5,0.9266550739127836,
regression,ridge_a100,0,categorical__purchase_dayofweek_6,0.004362089148189763,
regression,ridge_a100,0,categorical__purchase_hour_1,-0.337686215950947,
regression,ridge_a100,0,categorical__purchase_hour_10,-0.2408576512459996,
regression,ridge_a100,0,categorical__purchase_hour_11,-0.508184159678822,
regression,ridge_a100,0,categorical__purchase_hour_12,-0.32123244445860066,
regression,ridge_a100,0,categorical__purchase_hour_13,-0.1835505965025674,
regression,ridge_a100,0,categorical__purchase_hour_14,-0.09752607396442647,
regression,ridge_a100,0,categorical__purchase_hour_15,-0.16828801554159287,
regression,ridge_a100,0,categorical__purchase_hour_16,-0.1405735977049474,
regression,ridge_a100,0,categorical__purchase_hour_17,-0.30874278791904264,
regression,ridge_a100,0,categorical__purchase_hour_18,-0.09530609384514276,
regression,ridge_a100,0,categorical__purchase_hour_19,-0.2177189117436804,
regression,ridge_a100,0,categorical__purchase_hour_2,-0.13723204122795676,
regression,ridge_a100,0,categorical__purchase_hour_20,-0.0716200391389542,
regression,ridge_a100,0,categorical__purchase_hour_21,-0.005471067763086803,
regression,ridge_a100,0,categorical__purchase_hour_22,-0.15320593502001673,
regression,ridge_a100,0,categorical__purchase_hour_23,0.10462748314810977,
regression,ridge_a100,0,categorical__purchase_hour_3,0.09907983683916326,
regression,ridge_a100,0,categorical__purchase_hour_4,0.1551588492438392,
regression,ridge_a100,0,categorical__purchase_hour_5,-0.07009520929278898,
regression,ridge_a100,0,categorical__purchase_hour_6,-0.09028596678129833,
regression,ridge_a100,0,categorical__purchase_hour_7,-0.6005484311421122,
regression,ridge_a100,0,categorical__purchase_hour_8,-0.602148126684671,
regression,ridge_a100,0,categorical__purchase_hour_9,-0.603496294874846,
regression,ridge_a100,1,numeric__n_items,-0.31551629784771296,
regression,ridge_a100,1,numeric__has_items,0.0,
regression,ridge_a100,1,numeric__n_products,-0.03900508541597618,
regression,ridge_a100,1,numeric__n_sellers,-0.2690108847211325,
regression,ridge_a100,1,numeric__n_categories,-0.09249841819256135,
regression,ridge_a100,1,numeric__total_price,0.05989279839189798,
regression,ridge_a100,1,numeric__total_freight,0.10104389683864715,
regression,ridge_a100,1,numeric__freight_ratio,0.0015821169631251152,
regression,ridge_a100,1,numeric__freight_ratio_missing,0.0,
regression,ridge_a100,1,numeric__total_weight_g,0.3663467890893695,
regression,ridge_a100,1,numeric__total_volume_cm3,0.11980558009863022,
regression,ridge_a100,1,numeric__weight_missing_fraction,-0.030701210243277252,
regression,ridge_a100,1,numeric__volume_missing_fraction,0.03358158284862772,
regression,ridge_a100,1,numeric__category_missing_fraction,-0.07181124303841777,
regression,ridge_a100,1,numeric__distance_km_max,2.1881497334069073,
regression,ridge_a100,1,numeric__distance_missing_fraction,0.1437088322283109,
regression,ridge_a100,1,numeric__interstate_share,1.5097255290964005,
regression,ridge_a100,1,numeric__payment_installments_max,0.18713384990634785,
regression,ridge_a100,1,numeric__n_payment_methods,0.0001424225343949788,
regression,ridge_a100,1,numeric__payment_missing,0.18994213223550843,
regression,ridge_a100,1,numeric__missingindicator_total_weight_g,-0.030701210243277252,
regression,ridge_a100,1,numeric__missingindicator_total_volume_cm3,0.03358158284862772,
regression,ridge_a100,1,numeric__missingindicator_distance_km_max,-0.03088412182590761,
regression,ridge_a100,1,numeric__missingindicator_payment_installments_max,-0.00948911587081568,
regression,ridge_a100,1,categorical__customer_state_AL,3.7421448691880164,
regression,ridge_a100,1,categorical__customer_state_AM,1.7669254885752057,
regression,ridge_a100,1,categorical__customer_state_AP,1.1383443315397153,
regression,ridge_a100,1,categorical__customer_state_BA,1.735784223103545,
regression,ridge_a100,1,categorical__customer_state_CE,0.4948660001873673,
regression,ridge_a100,1,categorical__customer_state_DF,-2.4167982424268892,
regression,ridge_a100,1,categorical__customer_state_ES,-0.12770362859653778,
regression,ridge_a100,1,categorical__customer_state_GO,-0.16403330820527867,
regression,ridge_a100,1,categorical__customer_state_MA,0.4778897690941597,
regression,ridge_a100,1,categorical__customer_state_MG,-2.304971646223506,
regression,ridge_a100,1,categorical__customer_state_MS,-0.3220697740762326,
regression,ridge_a100,1,categorical__customer_state_MT,0.15267799924788705,
regression,ridge_a100,1,categorical__customer_state_PA,2.1545556745094294,
regression,ridge_a100,1,categorical__customer_state_PB,0.44031629212561346,
regression,ridge_a100,1,categorical__customer_state_PE,-1.38804622928909,
regression,ridge_a100,1,categorical__customer_state_PI,-0.19226217996546419,
regression,ridge_a100,1,categorical__customer_state_PR,-2.010421080171416,
regression,ridge_a100,1,categorical__customer_state_RJ,0.8275489931317527,
regression,ridge_a100,1,categorical__customer_state_RN,-1.426159648975011,
regression,ridge_a100,1,categorical__customer_state_RO,-1.3131805303828303,
regression,ridge_a100,1,categorical__customer_state_RR,0.8971996024629283,
regression,ridge_a100,1,categorical__customer_state_RS,-0.4925456656054134,
regression,ridge_a100,1,categorical__customer_state_SC,0.32010485049890103,
regression,ridge_a100,1,categorical__customer_state_SE,2.2516851125859723,
regression,ridge_a100,1,categorical__customer_state_SP,-2.396771145675618,
regression,ridge_a100,1,categorical__customer_state_TO,-0.35634230176589543,
regression,ridge_a100,1,categorical__primary_seller_state_BA,-0.18089532748874984,
regression,ridge_a100,1,categorical__primary_seller_state_CE,0.36170485890567217,
regression,ridge_a100,1,categorical__primary_seller_state_DF,-0.2826501575651037,
regression,ridge_a100,1,categorical__primary_seller_state_ES,-0.8735041295850514,
regression,ridge_a100,1,categorical__primary_seller_state_GO,-0.01889028818579234,
regression,ridge_a100,1,categorical__primary_seller_state_MA,2.114116498967193,
regression,ridge_a100,1,categorical__primary_seller_state_MG,0.9888221931337098,
regression,ridge_a100,1,categorical__primary_seller_state_MS,-0.3157570507885594,
regression,ridge_a100,1,categorical__primary_seller_state_MT,-0.5132597441192771,
regression,ridge_a100,1,categorical__primary_seller_state_PA,0.05444376983232927,
regression,ridge_a100,1,categorical__primary_seller_state_PB,-0.7440058333169586,
regression,ridge_a100,1,categorical__primary_seller_state_PE,-3.022246218753845,
regression,ridge_a100,1,categorical__primary_seller_state_PI,-0.009660989320065682,
regression,ridge_a100,1,categorical__primary_seller_state_PR,0.6871037935255195,
regression,ridge_a100,1,categorical__primary_seller_state_RJ,0.5151519106129421,
regression,ridge_a100,1,categorical__primary_seller_state_RN,-0.05934213749831458,
regression,ridge_a100,1,categorical__primary_seller_state_RO,-0.12864351316973677,
regression,ridge_a100,1,categorical__primary_seller_state_RS,-1.3963998894176783,
regression,ridge_a100,1,categorical__primary_seller_state_SC,0.8802900525785221,
regression,ridge_a100,1,categorical__primary_seller_state_SE,-0.36813007727055524,
regression,ridge_a100,1,categorical__primary_seller_state_SP,1.6115561771524398,
regression,ridge_a100,1,categorical__primary_category_agro_industry_and_commerce,-0.9855462730146123,
regression,ridge_a100,1,categorical__primary_category_air_conditioning,-0.3652161437576902,
regression,ridge_a100,1,categorical__primary_category_art,-0.04465237902472779,
regression,ridge_a100,1,categorical__primary_category_arts_and_craftmanship,-0.12986409850731312,
regression,ridge_a100,1,categorical__primary_category_audio,0.7367203172640437,
regression,ridge_a100,1,categorical__primary_category_auto,-0.3722445852190555,
regression,ridge_a100,1,categorical__primary_category_baby,0.39186066863924607,
regression,ridge_a100,1,categorical__primary_category_bed_bath_table,1.0693951729045097,
regression,ridge_a100,1,categorical__primary_category_books_general_interest,-0.4117514288058409,
regression,ridge_a100,1,categorical__primary_category_books_imported,-0.20635293083216427,
regression,ridge_a100,1,categorical__primary_category_books_technical,-0.37850007330216046,
regression,ridge_a100,1,categorical__primary_category_cds_dvds_musicals,-0.007053487271890831,
regression,ridge_a100,1,categorical__primary_category_christmas_supplies,0.9591988769521029,
regression,ridge_a100,1,categorical__primary_category_cine_photo,-0.2880302753214065,
regression,ridge_a100,1,categorical__primary_category_computers,-0.6934546755678835,
regression,ridge_a100,1,categorical__primary_category_computers_accessories,0.5701187498348761,
regression,ridge_a100,1,categorical__primary_category_consoles_games,0.7333070936184197,
regression,ridge_a100,1,categorical__primary_category_construction_tools_construction,-0.1756530573769802,
regression,ridge_a100,1,categorical__primary_category_construction_tools_lights,-0.4239431120533915,
regression,ridge_a100,1,categorical__primary_category_construction_tools_safety,-0.6274173846716866,
regression,ridge_a100,1,categorical__primary_category_cool_stuff,-0.5571746674729742,
regression,ridge_a100,1,categorical__primary_category_costruction_tools_garden,-0.5827799118012541,
regression,ridge_a100,1,categorical__primary_category_costruction_tools_tools,-0.4825067547586898,
regression,ridge_a100,1,categorical__primary_category_diapers_and_hygiene,0.29779163313541074,
regression,ridge_a100,1,categorical__primary_category_drinks,-0.45974925518946375,
regression,ridge_a100,1,categorical__primary_category_dvds_blu_ray,0.277799922019392,
regression,ridge_a100,1,categorical__primary_category_electronics,-0.2984519630304532,
regression,ridge_a100,1,categorical__primary_category_fashio_female_clothing,0.5816252708552496,
regression,ridge_a100,1,categorical__primary_category_fashion_bags_accessories,-0.7370413689863143,
regression,ridge_a100,1,categorical__primary_category_fashion_childrens_clothes,-0.08115874678649175,
regression,ridge_a100,1,categorical__primary_category_fashion_male_clothing,0.3728952476047733,
regression,ridge_a100,1,categorical__primary_category_fashion_shoes,1.3470683304302162,
regression,ridge_a100,1,categorical__primary_category_fashion_sport,-0.16447389559593542,
regression,ridge_a100,1,categorical__primary_category_fashion_underwear_beach,1.0264014586256958,
regression,ridge_a100,1,categorical__primary_category_fixed_telephony,-0.22785389796257174,
regression,ridge_a100,1,categorical__primary_category_flowers,-0.1652273450072386,
regression,ridge_a100,1,categorical__primary_category_food,-0.468126564883997,
regression,ridge_a100,1,categorical__primary_category_food_drink,-0.6929171881455618,
regression,ridge_a100,1,categorical__primary_category_furniture_bedroom,0.3686171449391989,
regression,ridge_a100,1,categorical__primary_category_furniture_decor,0.6057050148954175,
regression,ridge_a100,1,categorical__primary_category_furniture_living_room,0.6204005107887169,
regression,ridge_a100,1,categorical__primary_category_furniture_mattress_and_upholstery,-0.01026528597064032,
regression,ridge_a100,1,categorical__primary_category_garden_tools,0.34139840576456165,
regression,ridge_a100,1,categorical__primary_category_health_beauty,-0.5306934910987705,
regression,ridge_a100,1,categorical__primary_category_home_appliances,-0.3249305559988798,
regression,ridge_a100,1,categorical__primary_category_home_appliances_2,0.7628984916464198,
regression,ridge_a100,1,categorical__primary_category_home_comfort_2,0.3716975578293691,
regression,ridge_a100,1,categorical__primary_category_home_confort,0.8234248586562265,
regression,ridge_a100,1,categorical__primary_category_home_construction,0.8952285254840077,
regression,ridge_a100,1,categorical__primary_category_housewares,-0.3809578480177683,
regression,ridge_a100,1,categorical__primary_category_industry_commerce_and_business,-1.1507564077366719,
regression,ridge_a100,1,categorical__primary_category_kitchen_dining_laundry_garden_furniture,-0.20626397063754498,
regression,ridge_a100,1,categorical__primary_category_la_cuisine,-0.13899536163029236,
regression,ridge_a100,1,categorical__primary_category_luggage_accessories,-1.2473643200307556,
regression,ridge_a100,1,categorical__primary_category_market_place,-0.19314252911755184,
regression,ridge_a100,1,categorical__primary_category_music,-0.06391462940790839,
regression,ridge_a100,1,categorical__primary_category_musical_instruments,0.25682900137015713,
regression,ridge_a100,1,categorical__primary_category_office_furniture,5.252240080729991,
regression,ridge_a100,1,categorical__primary_category_party_supplies,-0.5193217585734722,
regression,ridge_a100,1,categorical__primary_category_perfumery,-0.2755530137355952,
regression,ridge_a100,1,categorical__primary_category_pet_shop,-0.592191785437904,
regression,ridge_a100,1,categorical__primary_category_security_and_services,-0.02343054234218951,
regression,ridge_a100,1,categorical__primary_category_signaling_and_security,-0.043257655678462195,
regression,ridge_a100,1,categorical__primary_category_small_appliances,-0.912633130662904,
regression,ridge_a100,1,categorical__primary_category_small_appliances_home_oven_and_coffee,-0.7049509821590846,
regression,ridge_a100,1,categorical__primary_category_sports_leisure,-0.18858247692404523,
regression,ridge_a100,1,categorical__primary_category_stationery,0.08265484291047513,
regression,ridge_a100,1,categorical__primary_category_tablets_printing_image,-0.3176997150392433,
regression,ridge_a100,1,categorical__primary_category_telephony,-0.20853204501211903,
regression,ridge_a100,1,categorical__primary_category_toys,-0.6403394582088625,
regression,ridge_a100,1,categorical__primary_category_watches_gifts,0.2178594563634831,
regression,ridge_a100,1,categorical__primary_payment_type_boleto,0.9714571547991049,
regression,ridge_a100,1,categorical__primary_payment_type_credit_card,-0.3584108369465289,
regression,ridge_a100,1,categorical__primary_payment_type_debit_card,-0.4914862247377746,
regression,ridge_a100,1,categorical__primary_payment_type_voucher,-0.12232469699592796,
regression,ridge_a100,1,categorical__purchase_month_10,-1.61613003655289,
regression,ridge_a100,1,categorical__purchase_month_11,1.1799275057469096,
regression,ridge_a100,1,categorical__purchase_month_12,1.6521736359274666,
regression,ridge_a100,1,categorical__purchase_month_2,2.127820523801721,
regression,ridge_a100,1,categorical__purchase_month_3,1.6764104461799159,
regression,ridge_a100,1,categorical__purchase_month_4,-1.2238210928257798,
regression,ridge_a100,1,categorical__purchase_month_5,-2.107185093322458,
regression,ridge_a100,1,categorical__purchase_month_6,-3.2496243615675295,
regression,ridge_a100,1,categorical__purchase_month_7,-3.575297665127525,
regression,ridge_a100,1,categorical__purchase_month_8,-4.031921923145748,
regression,ridge_a100,1,categorical__purchase_month_9,-2.1772105312998673,
regression,ridge_a100,1,categorical__purchase_dayofweek_1,0.11686746031677502,
regression,ridge_a100,1,categorical__purchase_dayofweek_2,0.4098721717422417,
regression,ridge_a100,1,categorical__purchase_dayofweek_3,0.7040554330707184,
regression,ridge_a100,1,categorical__purchase_dayofweek_4,1.2251356866882324,
regression,ridge_a100,1,categorical__purchase_dayofweek_5,0.9650068685771034,
regression,ridge_a100,1,categorical__purchase_dayofweek_6,-0.04572691174245578,
regression,ridge_a100,1,categorical__purchase_hour_1,0.006394850798912491,
regression,ridge_a100,1,categorical__purchase_hour_10,-0.12126734748856755,
regression,ridge_a100,1,categorical__purchase_hour_11,-0.2844268017687538,
regression,ridge_a100,1,categorical__purchase_hour_12,-0.19739484735145865,
regression,ridge_a100,1,categorical__purchase_hour_13,-0.06897379616547522,
regression,ridge_a100,1,categorical__purchase_hour_14,-0.017096810654061264,
regression,ridge_a100,1,categorical__purchase_hour_15,-0.14791522495876547,
regression,ridge_a100,1,categorical__purchase_hour_16,0.060382961944734165,
regression,ridge_a100,1,categorical__purchase_hour_17,-0.13847661072996448,
regression,ridge_a100,1,categorical__purchase_hour_18,-0.00015314246557641208,
regression,ridge_a100,1,categorical__purchase_hour_19,-0.0905059564162481,
regression,ridge_a100,1,categorical__purchase_hour_2,-0.24695543332954895,
regression,ridge_a100,1,categorical__purchase_hour_20,0.0946850917767883,
regression,ridge_a100,1,categorical__purchase_hour_21,0.08403812679449964,
regression,ridge_a100,1,categorical__purchase_hour_22,-0.04239634959683241,
regression,ridge_a100,1,categorical__purchase_hour_23,0.08280829032714854,
regression,ridge_a100,1,categorical__purchase_hour_3,-0.17237220699041175,
regression,ridge_a100,1,categorical__purchase_hour_4,0.22231182230076804,
regression,ridge_a100,1,categorical__purchase_hour_5,-0.27263579124480475,
regression,ridge_a100,1,categorical__purchase_hour_6,-0.59985035548399,
regression,ridge_a100,1,categorical__purchase_hour_7,-0.28824181220481904,
regression,ridge_a100,1,categorical__purchase_hour_8,-0.5242378664169821,
regression,ridge_a100,1,categorical__purchase_hour_9,-0.2887486748820308,
regression,ridge_a100,2,numeric__n_items,-0.287639426754256,
regression,ridge_a100,2,numeric__has_items,0.0,
regression,ridge_a100,2,numeric__n_products,-0.030210925378056405,
regression,ridge_a100,2,numeric__n_sellers,-0.2946786095999818,
regression,ridge_a100,2,numeric__n_categories,-0.0813942041978568,
regression,ridge_a100,2,numeric__total_price,0.015473742071742496,
regression,ridge_a100,2,numeric__total_freight,0.11004170602074394,
regression,ridge_a100,2,numeric__freight_ratio,-0.04169297358066456,
regression,ridge_a100,2,numeric__freight_ratio_missing,0.0,
regression,ridge_a100,2,numeric__total_weight_g,0.3165021323623071,
regression,ridge_a100,2,numeric__total_volume_cm3,0.12697469476677925,
regression,ridge_a100,2,numeric__weight_missing_fraction,-0.03288894788429361,
regression,ridge_a100,2,numeric__volume_missing_fraction,0.01966150802513522,
regression,ridge_a100,2,numeric__category_missing_fraction,-0.1009268585487102,
regression,ridge_a100,2,numeric__distance_km_max,2.1227318749336193,
regression,ridge_a100,2,numeric__distance_missing_fraction,0.03949882881729811,
regression,ridge_a100,2,numeric__interstate_share,1.5000984573100555,
regression,ridge_a100,2,numeric__payment_installments_max,0.23591246189168838,
regression,ridge_a100,2,numeric__n_payment_methods,-0.057150208507050056,
regression,ridge_a100,2,numeric__payment_missing,0.0,
regression,ridge_a100,2,numeric__missingindicator_total_weight_g,-0.03288894788429361,
regression,ridge_a100,2,numeric__missingindicator_total_volume_cm3,0.01966150802513522,
regression,ridge_a100,2,numeric__missingindicator_distance_km_max,0.11749022198734523,
regression,ridge_a100,2,categorical__customer_state_AL,3.4230932993799317,
regression,ridge_a100,2,categorical__customer_state_AM,2.1321707868736572,
regression,ridge_a100,2,categorical__customer_state_AP,0.712011122891536,
regression,ridge_a100,2,categorical__customer_state_BA,1.6972537976049669,
regression,ridge_a100,2,categorical__customer_state_CE,0.548140697365865,
regression,ridge_a100,2,categorical__customer_state_DF,-2.2398027963394664,
regression,ridge_a100,2,categorical__customer_state_ES,0.23069551189412038,
regression,ridge_a100,2,categorical__customer_state_GO,-0.025154597678318433,
regression,ridge_a100,2,categorical__customer_state_MA,0.6287141821598048,
regression,ridge_a100,2,categorical__customer_state_MG,-2.3519521359461937,
regression,ridge_a100,2,categorical__customer_state_MS,-0.3704863149695509,
regression,ridge_a100,2,categorical__customer_state_MT,0.15421604633990363,
regression,ridge_a100,2,categorical__customer_state_PA,1.882170873054673,
regression,ridge_a100,2,categorical__customer_state_PB,0.661789231203105,
regression,ridge_a100,2,categorical__customer_state_PE,-1.2056704593926368,
regression,ridge_a100,2,categorical__customer_state_PI,-0.3266683279859056,
regression,ridge_a100,2,categorical__customer_state_PR,-1.9561057668993367,
regression,ridge_a100,2,categorical__customer_state_RJ,0.7536704858478387,
regression,ridge_a100,2,categorical__customer_state_RN,-0.8045886510863828,
regression,ridge_a100,2,categorical__customer_state_RO,-0.8054831047087319,
regression,ridge_a100,2,categorical__customer_state_RR,-0.5051526117639134,
regression,ridge_a100,2,categorical__customer_state_RS,-0.25137644264419745,
regression,ridge_a100,2,categorical__customer_state_SC,0.4966193703839293,
regression,ridge_a100,2,categorical__customer_state_SE,1.531684432890821,
regression,ridge_a100,2,categorical__customer_state_SP,-2.4088753548888713,
regression,ridge_a100,2,categorical__customer_state_TO,-0.06676891715666208,
regression,ridge_a100,2,categorical__primary_seller_state_BA,-0.25011773138131216,
regression,ridge_a100,2,categorical__primary_seller_state_CE,0.6593939225041486,
regression,ridge_a100,2,categorical__primary_seller_state_DF,-0.1147607454433299,
regression,ridge_a100,2,categorical__primary_seller_state_ES,-0.8945078623002722,
regression,ridge_a100,2,categorical__primary_seller_state_GO,0.31753470594915517,
regression,ridge_a100,2,categorical__primary_seller_state_MA,1.5445878103411825,
regression,ridge_a100,2,categorical__primary_seller_state_MG,0.7800949597319365,
regression,ridge_a100,2,categorical__primary_seller_state_MS,-0.3989089328427992,
regression,ridge_a100,2,categorical__primary_seller_state_MT,-0.5875590725682324,
regression,ridge_a100,2,categorical__primary_seller_state_PA,0.09884875870645515,
regression,ridge_a100,2,categorical__primary_seller_state_PB,-0.6894775305283485,
regression,ridge_a100,2,categorical__primary_seller_state_PE,-2.8821034362914446,
regression,ridge_a100,2,categorical__primary_seller_state_PI,-0.07277363761954397,
regression,ridge_a100,2,categorical__primary_seller_state_PR,0.6797655039678688,
regression,ridge_a100,2,categorical__primary_seller_state_RJ,0.33605258877112204,
regression,ridge_a100,2,categorical__primary_seller_state_RN,0.07739909746485138,
regression,ridge_a100,2,categorical__primary_seller_state_RO,-0.12767406655006497,
regression,ridge_a100,2,categorical__primary_seller_state_RS,-1.4047996611075002,
regression,ridge_a100,2,categorical__primary_seller_state_SC,0.8797439069335367,
regression,ridge_a100,2,categorical__primary_seller_state_SE,-0.21979856176822718,
regression,ridge_a100,2,categorical__primary_seller_state_SP,1.556396512627603,
regression,ridge_a100,2,categorical__primary_category_agro_industry_and_commerce,-0.8020578420252492,
regression,ridge_a100,2,categorical__primary_category_air_conditioning,0.04356791306248612,
regression,ridge_a100,2,categorical__primary_category_art,-0.15289055280918365,
regression,ridge_a100,2,categorical__primary_category_arts_and_craftmanship,-0.18268170333805123,
regression,ridge_a100,2,categorical__primary_category_audio,0.7465946702523627,
regression,ridge_a100,2,categorical__primary_category_auto,-0.2455184247061298,
regression,ridge_a100,2,categorical__primary_category_baby,0.3458922292807828,
regression,ridge_a100,2,categorical__primary_category_bed_bath_table,1.0119274227220527,
regression,ridge_a100,2,categorical__primary_category_books_general_interest,-0.27093730946608297,
regression,ridge_a100,2,categorical__primary_category_books_imported,-0.42337114108217827,
regression,ridge_a100,2,categorical__primary_category_books_technical,-0.533110704015688,
regression,ridge_a100,2,categorical__primary_category_cds_dvds_musicals,-0.012249110803178894,
regression,ridge_a100,2,categorical__primary_category_christmas_supplies,1.2565148310556895,
regression,ridge_a100,2,categorical__primary_category_cine_photo,-0.35408338795000466,
regression,ridge_a100,2,categorical__primary_category_computers,-0.8711750936453205,
regression,ridge_a100,2,categorical__primary_category_computers_accessories,0.4945508253860266,
regression,ridge_a100,2,categorical__primary_category_consoles_games,0.6858808961056523,
regression,ridge_a100,2,categorical__primary_category_construction_tools_construction,-0.138905442601609,
regression,ridge_a100,2,categorical__primary_category_construction_tools_lights,-0.6949742592583411,
regression,ridge_a100,2,categorical__primary_category_construction_tools_safety,-0.38261981973522197,
regression,ridge_a100,2,categorical__primary_category_cool_stuff,-0.7068203341212416,
regression,ridge_a100,2,categorical__primary_category_costruction_tools_garden,-0.4273546200011474,
regression,ridge_a100,2,categorical__primary_category_costruction_tools_tools,-0.1594140742217972,
regression,ridge_a100,2,categorical__primary_category_diapers_and_hygiene,0.2698933677930117,
regression,ridge_a100,2,categorical__primary_category_drinks,-0.39690361626842086,
regression,ridge_a100,2,categorical__primary_category_dvds_blu_ray,0.315901564913717,
regression,ridge_a100,2,categorical__primary_category_electronics,-0.11002942259209116,
regression,ridge_a100,2,categorical__primary_category_fashio_female_clothing,0.4274846949672995,
regression,ridge_a100,2,categorical__primary_category_fashion_bags_accessories,-0.8291879010163864,
regression,ridge_a100,2,categorical__primary_category_fashion_childrens_clothes,-0.17685174514786614,
regression,ridge_a100,2,categorical__primary_category_fashion_male_clothing,0.5848140332047935,
regression,ridge_a100,2,categorical__primary_category_fashion_shoes,1.4603865035760903,
regression,ridge_a100,2,categorical__primary_category_fashion_sport,-0.11019309790749063,
regression,ridge_a100,2,categorical__primary_category_fashion_underwear_beach,0.7282456808152873,
regression,ridge_a100,2,categorical__primary_category_fixed_telephony,0.08853650383392477,
regression,ridge_a100,2,categorical__primary_category_flowers,-0.12184520898528305,
regression,ridge_a100,2,categorical__primary_category_food,-0.4736160042477044,
regression,ridge_a100,2,categorical__primary_category_food_drink,-0.7520606403269391,
regression,ridge_a100,2,categorical__primary_category_furniture_bedroom,0.5981735687336215,
regression,ridge_a100,2,categorical__primary_category_furniture_decor,0.4426640014364781,
regression,ridge_a100,2,categorical__primary_category_furniture_living_room,0.48083032782898444,
regression,ridge_a100,2,categorical__primary_category_furniture_mattress_and_upholstery,0.39516252041460664,
regression,ridge_a100,2,categorical__primary_category_garden_tools,0.3906816440291241,
regression,ridge_a100,2,categorical__primary_category_health_beauty,-0.390261262301124,
regression,ridge_a100,2,categorical__primary_category_home_appliances,-0.11245447322385702,
regression,ridge_a100,2,categorical__primary_category_home_appliances_2,0.37219571535224344,
regression,ridge_a100,2,categorical__primary_category_home_comfort_2,0.1989059096562534,
regression,ridge_a100,2,categorical__primary_category_home_confort,0.9241735200206467,
regression,ridge_a100,2,categorical__primary_category_home_construction,1.215454615800184,
regression,ridge_a100,2,categorical__primary_category_housewares,-0.3469233990842565,
regression,ridge_a100,2,categorical__primary_category_industry_commerce_and_business,-1.3066968139364186,
regression,ridge_a100,2,categorical__primary_category_kitchen_dining_laundry_garden_furniture,-0.26976488598831383,
regression,ridge_a100,2,categorical__primary_category_la_cuisine,-0.16492641776778716,
regression,ridge_a100,2,categorical__primary_category_luggage_accessories,-1.2505965298699628,
regression,ridge_a100,2,categorical__primary_category_market_place,-0.4564838641050027,
regression,ridge_a100,2,categorical__primary_category_music,-0.16936802000167547,
regression,ridge_a100,2,categorical__primary_category_musical_instruments,-0.11452810300293362,
regression,ridge_a100,2,categorical__primary_category_office_furniture,5.436453568213255,
regression,ridge_a100,2,categorical__primary_category_party_supplies,-0.3774451952617812,
regression,ridge_a100,2,categorical__primary_category_perfumery,-0.42995839446776524,
regression,ridge_a100,2,categorical__primary_category_pet_shop,-0.3724774228172627,
regression,ridge_a100,2,categorical__primary_category_security_and_services,-0.005043428237160819,
regression,ridge_a100,2,categorical__primary_category_signaling_and_security,-0.5125935152485288,
regression,ridge_a100,2,categorical__primary_category_small_appliances,-0.7125823486360502,
regression,ridge_a100,2,categorical__primary_category_small_appliances_home_oven_and_coffee,-0.63743221917269,
regression,ridge_a100,2,categorical__primary_category_sports_leisure,-0.3208580224603221,
regression,ridge_a100,2,categorical__primary_category_stationery,-0.08368892520195326,
regression,ridge_a100,2,categorical__primary_category_tablets_printing_image,-0.6401811678229703,
regression,ridge_a100,2,categorical__primary_category_telephony,-0.378780099192572,
regression,ridge_a100,2,categorical__primary_category_toys,-0.6514718175504745,
regression,ridge_a100,2,categorical__primary_category_watches_gifts,0.1844827451630808,
regression,ridge_a100,2,categorical__primary_payment_type_credit_card,-1.318354672548267,
regression,ridge_a100,2,categorical__primary_payment_type_debit_card,-1.1425256009918179,
regression,ridge_a100,2,categorical__primary_payment_type_voucher,-0.6881234719199751,
regression,ridge_a100,2,categorical__purchase_month_10,-1.5908634483903887,
regression,ridge_a100,2,categorical__purchase_month_11,1.1440267131441582,
regression,ridge_a100,2,categorical__purchase_month_12,1.6833481900714184,
regression,ridge_a100,2,categorical__purchase_month_2,2.2190150883277466,
regression,ridge_a100,2,categorical__purchase_month_3,1.6461967017131063,
regression,ridge_a100,2,categorical__purchase_month_4,-1.196177823978034,
regression,ridge_a100,2,categorical__purchase_month_5,-2.04426652948399,
regression,ridge_a100,2,categorical__purchase_month_6,-3.188966038320903,
regression,ridge_a100,2,categorical__purchase_month_7,-3.525193272440488,
regression,ridge_a100,2,categorical__purchase_month_8,-4.031550360117779,
regression,ridge_a100,2,categorical__purchase_month_9,-2.087353998767441,
regression,ridge_a100,2,categorical__purchase_dayofweek_1,0.04111357933002632,
regression,ridge_a100,2,categorical__purchase_dayofweek_2,0.3239517340209581,
regression,ridge_a100,2,categorical__purchase_dayofweek_3,0.5900136985177313,
regression,ridge_a100,2,categorical__purchase_dayofweek_4,1.0503398278655502,
regression,ridge_a100,2,categorical__purchase_dayofweek_5,0.9104132652729086,
regression,ridge_a100,2,categorical__purchase_dayofweek_6,-0.08690977449863231,
regression,ridge_a100,2,categorical__purchase_hour_1,-0.18904200214615133,
regression,ridge_a100,2,categorical__purchase_hour_10,-0.30259354759230955,
regression,ridge_a100,2,categorical__purchase_hour_11,-0.5461376435557281,
regression,ridge_a100,2,categorical__purchase_hour_12,-0.3178380069419328,
regression,ridge_a100,2,categorical__purchase_hour_13,-0.19194801072304307,
regression,ridge_a100,2,categorical__purchase_hour_14,-0.10996494811919517,
regression,ridge_a100,2,categorical__purchase_hour_15,-0.09879215261248857,
regression,ridge_a100,2,categorical__purchase_hour_16,-0.10255468498712098,
regression,ridge_a100,2,categorical__purchase_hour_17,-0.32691715632632834,
regression,ridge_a100,2,categorical__purchase_hour_18,-0.030667986930813938,
regression,ridge_a100,2,categorical__purchase_hour_19,-0.036500459145840145,
regression,ridge_a100,2,categorical__purchase_hour_2,-0.39544688306527787,
regression,ridge_a100,2,categorical__purchase_hour_20,-0.16870539505242851,
regression,ridge_a100,2,categorical__purchase_hour_21,-0.031043457325877283,
regression,ridge_a100,2,categorical__purchase_hour_22,-0.26346896573524897,
regression,ridge_a100,2,categorical__purchase_hour_23,-0.07792037687202612,
regression,ridge_a100,2,categorical__purchase_hour_3,-0.18205054075446944,
regression,ridge_a100,2,categorical__purchase_hour_4,0.13846054507317632,
regression,ridge_a100,2,categorical__purchase_hour_5,-0.19986063683415667,
regression,ridge_a100,2,categorical__purchase_hour_6,-0.18583534940589236,
regression,ridge_a100,2,categorical__purchase_hour_7,-0.37138880140230146,
regression,ridge_a100,2,categorical__purchase_hour_8,-0.43401926393793877,
regression,ridge_a100,2,categorical__purchase_hour_9,-0.42046658132113,
regression,ridge_a100,3,numeric__n_items,-0.3217135188092915,
regression,ridge_a100,3,numeric__has_items,0.0,
regression,ridge_a100,3,numeric__n_products,-0.026577192201853474,
regression,ridge_a100,3,numeric__n_sellers,-0.2949083221822663,
regression,ridge_a100,3,numeric__n_categories,-0.05332897140131508,
regression,ridge_a100,3,numeric__total_price,0.09077918377659515,
regression,ridge_a100,3,numeric__total_freight,0.06528784990429395,
regression,ridge_a100,3,numeric__freight_ratio,0.011989455735795379,
regression,ridge_a100,3,numeric__freight_ratio_missing,0.0,
regression,ridge_a100,3,numeric__total_weight_g,0.30320099705299774,
regression,ridge_a100,3,numeric__total_volume_cm3,0.11915503227080777,
regression,ridge_a100,3,numeric__weight_missing_fraction,-0.048196293545466166,
regression,ridge_a100,3,numeric__volume_missing_fraction,0.032964504910183205,
regression,ridge_a100,3,numeric__category_missing_fraction,-0.06654738242965251,
regression,ridge_a100,3,numeric__distance_km_max,2.090921111981461,
regression,ridge_a100,3,numeric__distance_missing_fraction,0.07123452167005144,
regression,ridge_a100,3,numeric__interstate_share,1.5449554757224557,
regression,ridge_a100,3,numeric__payment_installments_max,0.2202380995883427,
regression,ridge_a100,3,numeric__n_payment_methods,-0.017422901575876483,
regression,ridge_a100,3,numeric__payment_missing,0.18936516016542115,
regression,ridge_a100,3,numeric__missingindicator_total_weight_g,-0.048196293545466166,
regression,ridge_a100,3,numeric__missingindicator_total_volume_cm3,0.032964504910183205,
regression,ridge_a100,3,numeric__missingindicator_distance_km_max,0.07195477906472131,
regression,ridge_a100,3,numeric__missingindicator_payment_installments_max,-0.00938566013338199,
regression,ridge_a100,3,categorical__customer_state_AL,3.8616094142243345,
regression,ridge_a100,3,categorical__customer_state_AM,1.6532856854667983,
regression,ridge_a100,3,categorical__customer_state_AP,0.9771697551352441,
regression,ridge_a100,3,categorical__customer_state_BA,1.6358280824527365,
regression,ridge_a100,3,categorical__customer_state_CE,0.5223040751274407,
regression,ridge_a100,3,categorical__customer_state_DF,-2.4379442013003194,
regression,ridge_a100,3,categorical__customer_state_ES,-0.06934373724862429,
regression,ridge_a100,3,categorical__customer_state_GO,-0.27351123990724546,
regression,ridge_a100,3,categorical__customer_state_MA,0.7348916706546553,
regression,ridge_a100,3,categorical__customer_state_MG,-2.3993410043352514,
regression,ridge_a100,3,categorical__customer_state_MS,-0.5857931593274426,
regression,ridge_a100,3,categorical__customer_state_MT,0.06231997619719037,
regression,ridge_a100,3,categorical__customer_state_PA,2.1205231758152228,
regression,ridge_a100,3,categorical__customer_state_PB,0.4769634944152819,
regression,ridge_a100,3,categorical__customer_state_PE,-1.3047722607586354,
regression,ridge_a100,3,categorical__customer_state_PI,0.043419323457883845,
regression,ridge_a100,3,categorical__customer_state_PR,-2.151204860113232,
regression,ridge_a100,3,categorical__customer_state_RJ,0.8247690416823391,
regression,ridge_a100,3,categorical__customer_state_RN,-1.5958364603394195,
regression,ridge_a100,3,categorical__customer_state_RO,-0.9062480694307778,
regression,ridge_a100,3,categorical__customer_state_RR,0.8177145538531404,
regression,ridge_a100,3,categorical__customer_state_RS,-0.586884567002424,
regression,ridge_a100,3,categorical__customer_state_SC,0.2630224330408027,
regression,ridge_a100,3,categorical__customer_state_SE,1.8522998869396516,
regression,ridge_a100,3,categorical__customer_state_SP,-2.4939774523804874,
regression,ridge_a100,3,categorical__customer_state_TO,-0.2411075320906717,
regression,ridge_a100,3,categorical__primary_seller_state_BA,-0.4494035520083858,
regression,ridge_a100,3,categorical__primary_seller_state_CE,0.7682043882978853,
regression,ridge_a100,3,categorical__primary_seller_state_DF,-0.2423711610923604,
regression,ridge_a100,3,categorical__primary_seller_state_ES,-0.6567306125281553,
regression,ridge_a100,3,categorical__primary_seller_state_GO,0.1432232894354055,
regression,ridge_a100,3,categorical__primary_seller_state_MA,1.6153270352095108,
regression,ridge_a100,3,categorical__primary_seller_state_MG,0.8767759514376587,
regression,ridge_a100,3,categorical__primary_seller_state_MS,-0.2181394171508822,
regression,ridge_a100,3,categorical__primary_seller_state_MT,-0.22398437119535544,
regression,ridge_a100,3,categorical__primary_seller_state_PA,0.14569459098870907,
regression,ridge_a100,3,categorical__primary_seller_state_PB,-0.55511687688425,
regression,ridge_a100,3,categorical__primary_seller_state_PE,-3.0568908293147494,
regression,ridge_a100,3,categorical__primary_seller_state_PI,-0.05620995743886912,
regression,ridge_a100,3,categorical__primary_seller_state_PR,0.5712796017219294,
regression,ridge_a100,3,categorical__primary_seller_state_RJ,0.08652692602769953,
regression,ridge_a100,3,categorical__primary_seller_state_RN,0.03640093671197084,
regression,ridge_a100,3,categorical__primary_seller_state_RO,-0.07122775248454906,
regression,ridge_a100,3,categorical__primary_seller_state_RS,-1.3621203630745353,
regression,ridge_a100,3,categorical__primary_seller_state_SC,0.8387614159802941,
regression,ridge_a100,3,categorical__primary_seller_state_SE,-0.3225751706148124,
regression,ridge_a100,3,categorical__primary_seller_state_SP,1.5298665909003801,
regression,ridge_a100,3,categorical__primary_category_agro_industry_and_commerce,-0.7041925996552476,
regression,ridge_a100,3,categorical__primary_category_air_conditioning,0.012694460838647377,
regression,ridge_a100,3,categorical__primary_category_art,0.1479084761706822,
regression,ridge_a100,3,categorical__primary_category_arts_and_craftmanship,-0.1239811429516423,
regression,ridge_a100,3,categorical__primary_category_audio,0.730600404273763,
regression,ridge_a100,3,categorical__primary_category_auto,-0.48553120281424944,
regression,ridge_a100,3,categorical__primary_category_baby,0.16921427857517224,
regression,ridge_a100,3,categorical__primary_category_bed_bath_table,0.8961256151713771,
regression,ridge_a100,3,categorical__primary_category_books_general_interest,-0.36770828619531337,
regression,ridge_a100,3,categorical__primary_category_books_imported,-0.2662585761400984,
regression,ridge_a100,3,categorical__primary_category_books_technical,-0.41075155532386326,
regression,ridge_a100,3,categorical__primary_category_cds_dvds_musicals,0.01404196004620735,
regression,ridge_a100,3,categorical__primary_category_christmas_supplies,0.9999256842838311,
regression,ridge_a100,3,categorical__primary_category_cine_photo,-0.45055902341955006,
regression,ridge_a100,3,categorical__primary_category_computers,-0.5823758292039942,
regression,ridge_a100,3,categorical__primary_category_computers_accessories,0.424623656613884,
regression,ridge_a100,3,categorical__primary_category_consoles_games,0.5779265186178938,
regression,ridge_a100,3,categorical__primary_category_construction_tools_construction,0.06742866264801756,
regression,ridge_a100,3,categorical__primary_category_construction_tools_lights,-0.41001314319764587,
regression,ridge_a100,3,categorical__primary_category_construction_tools_safety,-0.6164646969530053,
regression,ridge_a100,3,categorical__primary_category_cool_stuff,-0.8327347973728054,
regression,ridge_a100,3,categorical__primary_category_costruction_tools_garden,-0.29554631348526256,
regression,ridge_a100,3,categorical__primary_category_costruction_tools_tools,-0.24264196786397432,
regression,ridge_a100,3,categorical__primary_category_diapers_and_hygiene,0.251530623438486,
regression,ridge_a100,3,categorical__primary_category_drinks,-0.27323632169917816,
regression,ridge_a100,3,categorical__primary_category_dvds_blu_ray,0.16143780585059211,
regression,ridge_a100,3,categorical__primary_category_electronics,-0.3161380949301388,
regression,ridge_a100,3,categorical__primary_category_fashio_female_clothing,0.23116583420207343,
regression,ridge_a100,3,categorical__primary_category_fashion_bags_accessories,-0.8333569226598302,
regression,ridge_a100,3,categorical__primary_category_fashion_childrens_clothes,-0.036783667300767264,
regression,ridge_a100,3,categorical__primary_category_fashion_male_clothing,0.569408109302103,
regression,ridge_a100,3,categorical__primary_category_fashion_shoes,1.4548959932074297,
regression,ridge_a100,3,categorical__primary_category_fashion_sport,-0.34749538908109273,
regression,ridge_a100,3,categorical__primary_category_fashion_underwear_beach,0.8685249487392602,
regression,ridge_a100,3,categorical__primary_category_fixed_telephony,-0.020354506459848397,
regression,ridge_a100,3,categorical__primary_category_flowers,-0.3233222973625146,
regression,ridge_a100,3,categorical__primary_category_food,-0.2406091109039716,
regression,ridge_a100,3,categorical__primary_category_food_drink,-0.7319752969317023,
regression,ridge_a100,3,categorical__primary_category_furniture_bedroom,0.12331739288285852,
regression,ridge_a100,3,categorical__primary_category_furniture_decor,0.6088381700488301,
regression,ridge_a100,3,categorical__primary_category_furniture_living_room,0.7505714599825047,
regression,ridge_a100,3,categorical__primary_category_furniture_mattress_and_upholstery,0.7078637510903127,
regression,ridge_a100,3,categorical__primary_category_garden_tools,0.334430631067783,
regression,ridge_a100,3,categorical__primary_category_health_beauty,-0.4992615119963106,
regression,ridge_a100,3,categorical__primary_category_home_appliances,-0.25437382773199513,
regression,ridge_a100,3,categorical__primary_category_home_appliances_2,0.7432570703993847,
regression,ridge_a100,3,categorical__primary_category_home_comfort_2,-0.11759986720343554,
regression,ridge_a100,3,categorical__primary_category_home_confort,0.9819022459836704,
regression,ridge_a100,3,categorical__primary_category_home_construction,0.5591895933554955,
regression,ridge_a100,3,categorical__primary_category_housewares,-0.4562084983558267,
regression,ridge_a100,3,categorical__primary_category_industry_commerce_and_business,-0.9189139812665169,
regression,ridge_a100,3,categorical__primary_category_kitchen_dining_laundry_garden_furniture,-0.6281596260820679,
regression,ridge_a100,3,categorical__primary_category_la_cuisine,-0.23683384469642182,
regression,ridge_a100,3,categorical__primary_category_luggage_accessories,-1.2218732997177584,
regression,ridge_a100,3,categorical__primary_category_market_place,-0.2401565342281742,
regression,ridge_a100,3,categorical__primary_category_music,-0.36871126705646845,
regression,ridge_a100,3,categorical__primary_category_musical_instruments,0.1994323746121568,
regression,ridge_a100,3,categorical__primary_category_office_furniture,5.609167929662439,
regression,ridge_a100,3,categorical__primary_category_party_supplies,-0.4710999503239596,
regression,ridge_a100,3,categorical__primary_category_perfumery,-0.4768461235487213,
regression,ridge_a100,3,categorical__primary_category_pet_shop,-0.3150090159211459,
regression,ridge_a100,3,categorical__primary_category_security_and_services,-0.0255262934577885,
regression,ridge_a100,3,categorical__primary_category_signaling_and_security,-0.0488538320571842,
regression,ridge_a100,3,categorical__primary_category_small_appliances,-0.8798409063924382,
regression,ridge_a100,3,categorical__primary_category_small_appliances_home_oven_and_coffee,-0.5273242701991373,
regression,ridge_a100,3,categorical__primary_category_sports_leisure,-0.34601557171355796,
regression,ridge_a100,3,categorical__primary_category_stationery,0.024510704981063735,
regression,ridge_a100,3,categorical__primary_category_tablets_printing_image,-0.21412129385214135,
regression,ridge_a100,3,categorical__primary_category_telephony,-0.28908158632481423,
regression,ridge_a100,3,categorical__primary_category_toys,-0.7285861250687616,
regression,ridge_a100,3,categorical__primary_category_watches_gifts,0.0817101656270558,
regression,ridge_a100,3,categorical__primary_payment_type_boleto,0.9103676723787644,
regression,ridge_a100,3,categorical__primary_payment_type_credit_card,-0.4075110975438115,
regression,ridge_a100,3,categorical__primary_payment_type_debit_card,-0.2904405480481747,
regression,ridge_a100,3,categorical__primary_payment_type_voucher,-0.2131783080908611,
regression,ridge_a100,3,categorical__purchase_month_10,-1.6114713254357869,
regression,ridge_a100,3,categorical__purchase_month_11,1.2100226562987935,
regression,ridge_a100,3,categorical__purchase_month_12,1.8236258881747611,
regression,ridge_a100,3,categorical__purchase_month_2,2.384248066461749,
regression,ridge_a100,3,categorical__purchase_month_3,1.4319224859419397,
regression,ridge_a100,3,categorical__purchase_month_4,-1.2450756933078608,
regression,ridge_a100,3,categorical__purchase_month_5,-1.9477391620551308,
regression,ridge_a100,3,categorical__purchase_month_6,-3.3283217388233663,
regression,ridge_a100,3,categorical__purchase_month_7,-3.604865890352758,
regression,ridge_a100,3,categorical__purchase_month_8,-4.01943028296092,
regression,ridge_a100,3,categorical__purchase_month_9,-2.2197183452092544,
regression,ridge_a100,3,categorical__purchase_dayofweek_1,0.12706006493241465,
regression,ridge_a100,3,categorical__purchase_dayofweek_2,0.3974943708753619,
regression,ridge_a100,3,categorical__purchase_dayofweek_3,0.5783834109722127,
regression,ridge_a100,3,categorical__purchase_dayofweek_4,1.2360113498426262,
regression,ridge_a100,3,categorical__purchase_dayofweek_5,0.9039058717962102,
regression,ridge_a100,3,categorical__purchase_dayofweek_6,-0.010553076756917223,
regression,ridge_a100,3,categorical__purchase_hour_1,-0.263490364095361,
regression,ridge_a100,3,categorical__purchase_hour_10,-0.21269073745722106,
regression,ridge_a100,3,categorical__purchase_hour_11,-0.37310556760374675,
regression,ridge_a100,3,categorical__purchase_hour_12,-0.1477742899862798,
regression,ridge_a100,3,categorical__purchase_hour_13,-0.3615074312431857,
regression,ridge_a100,3,categorical__purchase_hour_14,-0.12639600494544023,
regression,ridge_a100,3,categorical__purchase_hour_15,-0.0023100090952998214,
regression,ridge_a100,3,categorical__purchase_hour_16,-0.09408906210374034,
regression,ridge_a100,3,categorical__purchase_hour_17,-0.20119129281877463,
regression,ridge_a100,3,categorical__purchase_hour_18,0.00025957655362417056,
regression,ridge_a100,3,categorical__purchase_hour_19,0.010699425080404446,
regression,ridge_a100,3,categorical__purchase_hour_2,-0.04747528206346588,
regression,ridge_a100,3,categorical__purchase_hour_20,-0.062299031905375946,
regression,ridge_a100,3,categorical__purchase_hour_21,-0.06568102935364335,
regression,ridge_a100,3,categorical__purchase_hour_22,-0.13525589140786753,
regression,ridge_a100,3,categorical__purchase_hour_23,0.015377114883861006,
regression,ridge_a100,3,categorical__purchase_hour_3,-0.10575584069112925,
regression,ridge_a100,3,categorical__purchase_hour_4,0.00953843459642215,
regression,ridge_a100,3,categorical__purchase_hour_5,-0.38956082848778273,
regression,ridge_a100,3,categorical__purchase_hour_6,0.14121044784008846,
regression,ridge_a100,3,categorical__purchase_hour_7,-0.28574671890776887,
regression,ridge_a100,3,categorical__purchase_hour_8,-0.46116075001831397,
regression,ridge_a100,3,categorical__purchase_hour_9,-0.5132889213094067,
regression,ridge_a100,4,numeric__n_items,-0.2670795067391137,
regression,ridge_a100,4,numeric__has_items,0.0,
regression,ridge_a100,4,numeric__n_products,-0.04450302510235606,
regression,ridge_a100,4,numeric__n_sellers,-0.2902962527186723,
regression,ridge_a100,4,numeric__n_categories,-0.07858256830119487,
regression,ridge_a100,4,numeric__total_price,0.031149095819752292,
regression,ridge_a100,4,numeric__total_freight,0.06615019478508265,
regression,ridge_a100,4,numeric__freight_ratio,0.017481981855301167,
regression,ridge_a100,4,numeric__freight_ratio_missing,0.0,
regression,ridge_a100,4,numeric__total_weight_g,0.431794307902685,
regression,ridge_a100,4,numeric__total_volume_cm3,0.03784990166404786,
regression,ridge_a100,4,numeric__weight_missing_fraction,-0.031700084030842464,
regression,ridge_a100,4,numeric__volume_missing_fraction,0.02901210707771848,
regression,ridge_a100,4,numeric__category_missing_fraction,-0.09798123295227244,
regression,ridge_a100,4,numeric__distance_km_max,2.1473880741732345,
regression,ridge_a100,4,numeric__distance_missing_fraction,0.08200737036246508,
regression,ridge_a100,4,numeric__interstate_share,1.557963056551999,
regression,ridge_a100,4,numeric__payment_installments_max,0.2225909507578073,
regression,ridge_a100,4,numeric__n_payment_methods,-0.050825058943326056,
regression,ridge_a100,4,numeric__payment_missing,0.18581351400643595,
regression,ridge_a100,4,numeric__missingindicator_total_weight_g,-0.031700084030842464,
regression,ridge_a100,4,numeric__missingindicator_total_volume_cm3,0.02901210707771848,
regression,ridge_a100,4,numeric__missingindicator_distance_km_max,0.05244510223304967,
regression,ridge_a100,4,numeric__missingindicator_payment_installments_max,-0.008073842732090565,
regression,ridge_a100,4,categorical__customer_state_AL,3.9464054950339453,
regression,ridge_a100,4,categorical__customer_state_AM,1.425689067151012,
regression,ridge_a100,4,categorical__customer_state_AP,1.0246250378669992,
regression,ridge_a100,4,categorical__customer_state_BA,1.7239505034492737,
regression,ridge_a100,4,categorical__customer_state_CE,0.3611649972995223,
regression,ridge_a100,4,categorical__customer_state_DF,-2.451114481876442,
regression,ridge_a100,4,categorical__customer_state_ES,-0.04946190494165024,
regression,ridge_a100,4,categorical__customer_state_GO,-0.23501474231632474,
regression,ridge_a100,4,categorical__customer_state_MA,0.6966701793383141,
regression,ridge_a100,4,categorical__customer_state_MG,-2.3772806344393973,
regression,ridge_a100,4,categorical__customer_state_MS,-0.2849064812497151,
regression,ridge_a100,4,categorical__customer_state_MT,0.12464605941996895,
regression,ridge_a100,4,categorical__customer_state_PA,1.960067863310629,
regression,ridge_a100,4,categorical__customer_state_PB,0.5338336176021626,
regression,ridge_a100,4,categorical__customer_state_PE,-1.3927430249605048,
regression,ridge_a100,4,categorical__customer_state_PI,0.2518134405122231,
regression,ridge_a100,4,categorical__customer_state_PR,-2.069108202890643,
regression,ridge_a100,4,categorical__customer_state_RJ,0.8245102317811922,
regression,ridge_a100,4,categorical__customer_state_RN,-0.8742277236362497,
regression,ridge_a100,4,categorical__customer_state_RO,-0.952446065336662,
regression,ridge_a100,4,categorical__customer_state_RR,0.5946984020281303,
regression,ridge_a100,4,categorical__customer_state_RS,-0.6098817379578291,
regression,ridge_a100,4,categorical__customer_state_SC,0.2269491363715649,
regression,ridge_a100,4,categorical__customer_state_SE,2.0021251768925397,
regression,ridge_a100,4,categorical__customer_state_SP,-2.4197776959597044,
regression,ridge_a100,4,categorical__customer_state_TO,-0.6280925144311064,
regression,ridge_a100,4,categorical__primary_seller_state_BA,-0.5044969919393945,
regression,ridge_a100,4,categorical__primary_seller_state_CE,-0.0499853540649554,
regression,ridge_a100,4,categorical__primary_seller_state_DF,-0.278033819122918,
regression,ridge_a100,4,categorical__primary_seller_state_ES,-0.7085944485448061,
regression,ridge_a100,4,categorical__primary_seller_state_GO,0.09892886913326669,
regression,ridge_a100,4,categorical__primary_seller_state_MA,1.5471820263498193,
regression,ridge_a100,4,categorical__primary_seller_state_MG,1.1382666005235216,
regression,ridge_a100,4,categorical__primary_seller_state_MS,-0.5627642108947656,
regression,ridge_a100,4,categorical__primary_seller_state_MT,-0.5313227076132908,
regression,ridge_a100,4,categorical__primary_seller_state_PA,0.15045436195129913,
regression,ridge_a100,4,categorical__primary_seller_state_PB,-0.916900604584916,
regression,ridge_a100,4,categorical__primary_seller_state_PE,-3.0135073326422717,
regression,ridge_a100,4,categorical__primary_seller_state_PI,-0.055614458833451265,
regression,ridge_a100,4,categorical__primary_seller_state_PR,0.7755106823237093,
regression,ridge_a100,4,categorical__primary_seller_state_RJ,0.6282658833985679,
regression,ridge_a100,4,categorical__primary_seller_state_RN,-0.07050553962280434,
regression,ridge_a100,4,categorical__primary_seller_state_RO,0.10071314547254252,
regression,ridge_a100,4,categorical__primary_seller_state_RS,-1.218477009534386,
regression,ridge_a100,4,categorical__primary_seller_state_SC,1.271417291569524,
regression,ridge_a100,4,categorical__primary_seller_state_SE,-0.2709769808823406,
regression,ridge_a100,4,categorical__primary_seller_state_SP,1.7597486410792726,
regression,ridge_a100,4,categorical__primary_category_agro_industry_and_commerce,-0.8466530632470992,
regression,ridge_a100,4,categorical__primary_category_air_conditioning,-0.08691218622397717,
regression,ridge_a100,4,categorical__primary_category_art,-0.11920421880340364,
regression,ridge_a100,4,categorical__primary_category_arts_and_craftmanship,-0.13867939556167794,
regression,ridge_a100,4,categorical__primary_category_audio,0.38140624995573585,
regression,ridge_a100,4,categorical__primary_category_auto,-0.40823069249863464,
regression,ridge_a100,4,categorical__primary_category_baby,0.34914978158371474,
regression,ridge_a100,4,categorical__primary_category_bed_bath_table,1.0095859732693837,
regression,ridge_a100,4,categorical__primary_category_books_general_interest,-0.22601923520523962,
regression,ridge_a100,4,categorical__primary_category_books_imported,-0.34127892459529297,
regression,ridge_a100,4,categorical__primary_category_books_technical,-0.47652972611244965,
regression,ridge_a100,4,categorical__primary_category_cds_dvds_musicals,0.02148274227237073,
regression,ridge_a100,4,categorical__primary_category_christmas_supplies,1.1246303352108433,
regression,ridge_a100,4,categorical__primary_category_cine_photo,-0.3690498966332388,
regression,ridge_a100,4,categorical__primary_category_computers,-0.3185322547122874,
regression,ridge_a100,4,categorical__primary_category_computers_accessories,0.46003771173040686,
regression,ridge_a100,4,categorical__primary_category_consoles_games,0.4880972438041013,
regression,ridge_a100,4,categorical__primary_category_construction_tools_construction,-0.39917447655195354,
regression,ridge_a100,4,categorical__primary_category_construction_tools_lights,-0.35481848140657524,
regression,ridge_a100,4,categorical__primary_category_construction_tools_safety,-0.6890141736185221,
regression,ridge_a100,4,categorical__primary_category_cool_stuff,-0.5028313183370391,
regression,ridge_a100,4,categorical__primary_category_costruction_tools_garden,-0.6252040318646883,
regression,ridge_a100,4,categorical__primary_category_costruction_tools_tools,-0.5563466046573308,
regression,ridge_a100,4,categorical__primary_category_diapers_and_hygiene,0.3017701133362074,
regression,ridge_a100,4,categorical__primary_category_drinks,-0.5462366445503957,
regression,ridge_a100,4,categorical__primary_category_dvds_blu_ray,0.18293841334004785,
regression,ridge_a100,4,categorical__primary_category_electronics,-0.12183680942211893,
regression,ridge_a100,4,categorical__primary_category_fashio_female_clothing,0.5593234233801977,
regression,ridge_a100,4,categorical__primary_category_fashion_bags_accessories,-0.9229857163554696,
regression,ridge_a100,4,categorical__primary_category_fashion_childrens_clothes,-0.08350483367004635,
regression,ridge_a100,4,categorical__primary_category_fashion_male_clothing,0.6221253704853633,
regression,ridge_a100,4,categorical__primary_category_fashion_shoes,1.6966605486194315,
regression,ridge_a100,4,categorical__primary_category_fashion_sport,-0.0929997356617942,
regression,ridge_a100,4,categorical__primary_category_fashion_underwear_beach,0.6695442266591721,
regression,ridge_a100,4,categorical__primary_category_fixed_telephony,-0.14877909660794827,
regression,ridge_a100,4,categorical__primary_category_flowers,-0.1346204985070284,
regression,ridge_a100,4,categorical__primary_category_food,-0.7815299917817495,
regression,ridge_a100,4,categorical__primary_category_food_drink,-0.6554842117227224,
regression,ridge_a100,4,categorical__primary_category_furniture_bedroom,0.3493981642652756,
regression,ridge_a100,4,categorical__primary_category_furniture_decor,0.492388194492171,
regression,ridge_a100,4,categorical__primary_category_furniture_living_room,0.59457467808336,
regression,ridge_a100,4,categorical__primary_category_furniture_mattress_and_upholstery,0.6420700501357014,
regression,ridge_a100,4,categorical__primary_category_garden_tools,0.29168903193594237,
regression,ridge_a100,4,categorical__primary_category_health_beauty,-0.39638460994824565,
regression,ridge_a100,4,categorical__primary_category_home_appliances,-0.11070847403678738,
regression,ridge_a100,4,categorical__primary_category_home_appliances_2,-0.2720105469992129,
regression,ridge_a100,4,categorical__primary_category_home_comfort_2,0.33883700344736845,
regression,ridge_a100,4,categorical__primary_category_home_confort,0.9484983663627168,
regression,ridge_a100,4,categorical__primary_category_home_construction,1.091672257219813,
regression,ridge_a100,4,categorical__primary_category_housewares,-0.38007814563854586,
regression,ridge_a100,4,categorical__primary_category_industry_commerce_and_business,-1.0145290860107248,
regression,ridge_a100,4,categorical__primary_category_kitchen_dining_laundry_garden_furniture,-0.3793968290235532,
regression,ridge_a100,4,categorical__primary_category_la_cuisine,-0.19747688590755558,
regression,ridge_a100,4,categorical__primary_category_luggage_accessories,-1.2595342096740716,
regression,ridge_a100,4,categorical__primary_category_market_place,-0.2060879710296234,
regression,ridge_a100,4,categorical__primary_category_music,-0.03325515421401895,
regression,ridge_a100,4,categorical__primary_category_musical_instruments,0.13706841573450207,
regression,ridge_a100,4,categorical__primary_category_office_furniture,5.627886341994276,
regression,ridge_a100,4,categorical__primary_category_party_supplies,-0.39011822673580326,
regression,ridge_a100,4,categorical__primary_category_perfumery,-0.2981339267233392,
regression,ridge_a100,4,categorical__primary_category_pet_shop,-0.5002428302211132,
regression,ridge_a100,4,categorical__primary_category_security_and_services,-0.019120456143171694,
regression,ridge_a100,4,categorical__primary_category_signaling_and_security,0.06271787696016363,
regression,ridge_a100,4,categorical__primary_category_small_appliances,-0.8513923201892873,
regression,ridge_a100,4,categorical__primary_category_small_appliances_home_oven_and_coffee,-0.4646670879545041,
regression,ridge_a100,4,categorical__primary_category_sports_leisure,-0.2007685792689059,
regression,ridge_a100,4,categorical__primary_category_stationery,0.14940475180550192,
regression,ridge_a100,4,categorical__primary_category_tablets_printing_image,-0.6010328565978391,
regression,ridge_a100,4,categorical__primary_category_telephony,-0.32657751405052626,
regression,ridge_a100,4,categorical__primary_category_toys,-0.620211745725755,
regression,ridge_a100,4,categorical__primary_category_watches_gifts,0.07907461260594947,
regression,ridge_a100,4,categorical__primary_payment_type_boleto,0.7936565710908465,
regression,ridge_a100,4,categorical__primary_payment_type_credit_card,-0.44122359164346464,
regression,ridge_a100,4,categorical__primary_payment_type_debit_card,-0.44160436203091546,
regression,ridge_a100,4,categorical__primary_payment_type_voucher,0.08842340433525459,
regression,ridge_a100,4,categorical__purchase_month_10,-1.672773910510208,
regression,ridge_a100,4,categorical__purchase_month_11,1.0847995127834291,
regression,ridge_a100,4,categorical__purchase_month_12,1.7511863984513496,
regression,ridge_a100,4,categorical__purchase_month_2,2.088352961253802,
regression,ridge_a100,4,categorical__purchase_month_3,1.440498920605232,
regression,ridge_a100,4,categorical__purchase_month_4,-1.2940816427203272,
regression,ridge_a100,4,categorical__purchase_month_5,-2.080117238765625,
regression,ridge_a100,4,categorical__purchase_month_6,-3.312521857242181,
regression,ridge_a100,4,categorical__purchase_month_7,-3.6280783234225376,
regression,ridge_a100,4,categorical__purchase_month_8,-4.0348465946052885,
regression,ridge_a100,4,categorical__purchase_month_9,-2.2159354688000583,
regression,ridge_a100,4,categorical__purchase_dayofweek_1,0.06610040953491331,
regression,ridge_a100,4,categorical__purchase_dayofweek_2,0.36788429585514226,
regression,ridge_a100,4,categorical__purchase_dayofweek_3,0.6708992328602009,
regression,ridge_a100,4,categorical__purchase_dayofweek_4,1.2517026710987285,
regression,ridge_a100,4,categorical__purchase_dayofweek_5,0.9777870601449037,
regression,ridge_a100,4,categorical__purchase_dayofweek_6,0.027089789468183627,
regression,ridge_a100,4,categorical__purchase_hour_1,-0.3192210872207429,
regression,ridge_a100,4,categorical__purchase_hour_10,-0.37385920396969474,
regression,ridge_a100,4,categorical__purchase_hour_11,-0.5594850048268077,
regression,ridge_a100,4,categorical__purchase_hour_12,-0.26508422092385725,
regression,ridge_a100,4,categorical__purchase_hour_13,-0.1915032716234743,
regression,ridge_a100,4,categorical__purchase_hour_14,0.006413916978083284,
regression,ridge_a100,4,categorical__purchase_hour_15,-0.14889864201247943,
regression,ridge_a100,4,categorical__purchase_hour_16,-0.1346010281690255,
regression,ridge_a100,4,categorical__purchase_hour_17,-0.2557374602959449,
regression,ridge_a100,4,categorical__purchase_hour_18,0.015779498125209443,
regression,ridge_a100,4,categorical__purchase_hour_19,-0.12844689966316625,
regression,ridge_a100,4,categorical__purchase_hour_2,0.0019670023702067106,
regression,ridge_a100,4,categorical__purchase_hour_20,-0.2167640946183427,
regression,ridge_a100,4,categorical__purchase_hour_21,-0.1375349719714152,
regression,ridge_a100,4,categorical__purchase_hour_22,-0.23147459462565256,
regression,ridge_a100,4,categorical__purchase_hour_23,0.05208081996065161,
regression,ridge_a100,4,categorical__purchase_hour_3,-0.1057880419143775,
regression,ridge_a100,4,categorical__purchase_hour_4,0.12052508258947617,
regression,ridge_a100,4,categorical__purchase_hour_5,-0.2670871340246835,
regression,ridge_a100,4,categorical__purchase_hour_6,-0.2080573844393194,
regression,ridge_a100,4,categorical__purchase_hour_7,-0.4441407747033194,
regression,ridge_a100,4,categorical__purchase_hour_8,-0.46520872132914687,
regression,ridge_a100,4,categorical__purchase_hour_9,-0.3672894782435489,
classification,logistic_c001,0,numeric__n_items,0.15338069288630632,1.1657686943267427
classification,logistic_c001,0,numeric__has_items,-0.038249285824084836,0.9624729801130252
classification,logistic_c001,0,numeric__n_products,0.03862332261352974,1.039378899376948
classification,logistic_c001,0,numeric__n_sellers,0.15881429168694178,1.1721202539926021
classification,logistic_c001,0,numeric__n_categories,0.014736682080525624,1.01484580234453
classification,logistic_c001,0,numeric__total_price,0.04100856376681501,1.041861027762171
classification,logistic_c001,0,numeric__total_freight,0.020008912003688487,1.0202104321053753
classification,logistic_c001,0,numeric__freight_ratio,0.011362893432779624,1.011427696323214
classification,logistic_c001,0,numeric__freight_ratio_missing,0.03824928582408487,1.0389902061277274
classification,logistic_c001,0,numeric__total_weight_g,0.000478585948480783,1.0004787004890077
classification,logistic_c001,0,numeric__total_volume_cm3,0.04133954603748968,1.042205922364718
classification,logistic_c001,0,numeric__weight_missing_fraction,-0.038671383194744204,0.9620668085267986
classification,logistic_c001,0,numeric__volume_missing_fraction,0.013461634156390375,1.013552649901797
classification,logistic_c001,0,numeric__category_missing_fraction,0.06292162625898659,1.0649433723644832
classification,logistic_c001,0,numeric__distance_km_max,0.06637910261811476,1.0686317614830405
classification,logistic_c001,0,numeric__distance_missing_fraction,0.012362809032524855,1.01243954445184
classification,logistic_c001,0,numeric__interstate_share,0.08215233256775899,1.0856211726950045
classification,logistic_c001,0,numeric__payment_installments_max,0.05572985498649225,1.0573120175834332
classification,logistic_c001,0,numeric__n_payment_methods,-0.025103123236383355,0.975209340099468
classification,logistic_c001,0,numeric__payment_missing,0.015659218723183488,1.0157824667710371
classification,logistic_c001,0,numeric__missingindicator_total_price,0.03824928582408487,1.0389902061277274
classification,logistic_c001,0,numeric__missingindicator_total_freight,0.03824928582408487,1.0389902061277274
classification,logistic_c001,0,numeric__missingindicator_freight_ratio,0.03824928582408487,1.0389902061277274
classification,logistic_c001,0,numeric__missingindicator_total_weight_g,0.031187882650759245,1.0316793203240155
classification,logistic_c001,0,numeric__missingindicator_total_volume_cm3,0.03978814444296774,1.0405902960016462
classification,logistic_c001,0,numeric__missingindicator_weight_missing_fraction,0.03824928582408487,1.0389902061277274
classification,logistic_c001,0,numeric__missingindicator_volume_missing_fraction,0.03824928582408487,1.0389902061277274
classification,logistic_c001,0,numeric__missingindicator_category_missing_fraction,0.03824928582408487,1.0389902061277274
classification,logistic_c001,0,numeric__missingindicator_distance_km_max,-0.03350511917398943,0.9670499607217262
classification,logistic_c001,0,numeric__missingindicator_distance_missing_fraction,0.03824928582408487,1.0389902061277274
classification,logistic_c001,0,numeric__missingindicator_interstate_share,0.03824928582408487,1.0389902061277274
classification,logistic_c001,0,numeric__missingindicator_payment_installments_max,-0.013902925932867771,0.9861932734084062
classification,logistic_c001,0,categorical__customer_state_AL,0.17441140394627505,1.1905452601006006
classification,logistic_c001,0,categorical__customer_state_AM,-0.0537697918844089,0.9476502381685632
classification,logistic_c001,0,categorical__customer_state_AP,-0.0606777543555373,0.9411264648210879
classification,logistic_c001,0,categorical__customer_state_BA,0.1460717157005199,1.1572791801619444
classification,logistic_c001,0,categorical__customer_state_CE,-0.003528884182006862,0.9964773350120222
classification,logistic_c001,0,categorical__customer_state_DF,0.024724712941153092,1.0250329033876535
classification,logistic_c001,0,categorical__customer_state_ES,0.05439188024129002,1.0558983067716885
classification,logistic_c001,0,categorical__customer_state_GO,-0.07919043159330269,0.9238639748037164
classification,logistic_c001,0,categorical__customer_state_MA,0.01968703135099667,1.0198820989504862
classification,logistic_c001,0,categorical__customer_state_MG,-0.1538689720600609,0.8573843549576201
classification,logistic_c001,0,categorical__customer_state_MS,-0.010184511286294868,0.9898671752326441
classification,logistic_c001,0,categorical__customer_state_MT,-0.03933508955493927,0.9614284905183397
classification,logistic_c001,0,categorical__customer_state_PA,0.05661532352993988,1.0582486487331249
classification,logistic_c001,0,categorical__customer_state_PB,0.01883217902474548,1.0190106229104274
classification,logistic_c001,0,categorical__customer_state_PE,-0.03970096673578007,0.961076790116148
classification,logistic_c001,0,categorical__customer_state_PI,0.030954056625409506,1.031438115050243
classification,logistic_c001,0,categorical__customer_state_PR,-0.19131991692757977,0.8258683366233412
classification,logistic_c001,0,categorical__customer_state_RJ,0.3898444308367814,1.4767510390882923
classification,logistic_c001,0,categorical__customer_state_RN,-0.1018091557053066,0.9032019061526642
classification,logistic_c001,0,categorical__customer_state_RO,-0.05664116422920657,0.9449330843292014
classification,logistic_c001,0,categorical__customer_state_RR,0.02190235542936493,1.022143972788133
classification,logistic_c001,0,categorical__customer_state_RS,-0.1652502560884116,0.8476815400749173
classification,logistic_c001,0,categorical__customer_state_SC,0.02204541977833581,1.022290215610972
classification,logistic_c001,0,categorical__customer_state_SE,0.09358312128724534,1.0981018751893226
classification,logistic_c001,0,categorical__customer_state_SP,-0.03196421120888585,0.9685412443792135
classification,logistic_c001,0,categorical__customer_state_TO,-0.0583457176077968,0.9433237674207093
classification,logistic_c001,0,categorical__primary_seller_state_BA,-0.03578676815138254,0.9648460074477584
classification,logistic_c001,0,categorical__primary_seller_state_CE,0.019309000726601386,1.019496625148852
classification,logistic_c001,0,categorical__primary_seller_state_DF,0.08575872185610106,1.0895434135760902
classification,logistic_c001,0,categorical__primary_seller_state_ES,0.024249637041094035,1.024546050613653
classification,logistic_c001,0,categorical__primary_seller_state_GO,-0.0699674512965379,0.932424168609805
classification,logistic_c001,0,categorical__primary_seller_state_MA,0.13223237472161767,1.1413735148064368
classification,logistic_c001,0,categorical__primary_seller_state_MG,-0.05016960972813394,0.9510681004180851
classification,logistic_c001,0,categorical__primary_seller_state_MS,-0.015623309465725918,0.9844981013317847
classification,logistic_c001,0,categorical__primary_seller_state_MT,-0.08184095257686155,0.9214184962802927
classification,logistic_c001,0,categorical__primary_seller_state_PA,-0.005477474373665724,0.9945374996366971
classification,logistic_c001,0,categorical__primary_seller_state_PB,0.00469405941356167,1.0047050937690016
classification,logistic_c001,0,categorical__primary_seller_state_PE,-0.1337460531855106,0.8748121921673241
classification,logistic_c001,0,categorical__primary_seller_state_PI,-0.0014526268314055913,0.9985484277202649
classification,logistic_c001,0,categorical__primary_seller_state_PR,-0.013693955335369235,0.9863993803403937
classification,logistic_c001,0,categorical__primary_seller_state_RJ,0.07238138303899885,1.0750652775506797
classification,logistic_c001,0,categorical__primary_seller_state_RN,-0.01636970048395107,0.9837635549550012
classification,logistic_c001,0,categorical__primary_seller_state_RO,0.003952995856707462,1.0039608192500462
classification,logistic_c001,0,categorical__primary_seller_state_RS,-0.17256503496767625,0.8415035598753293
classification,logistic_c001,0,categorical__primary_seller_state_SC,-0.01759609605222244,0.9825578112015
classification,logistic_c001,0,categorical__primary_seller_state_SE,0.0018642744575493562,1.0018660132975663
classification,logistic_c001,0,categorical__primary_seller_state_SP,0.2268112877862884,1.254593088560352
classification,logistic_c001,0,categorical__primary_seller_state_Unknown,0.0030629161476713007,1.0030676116681063
classification,logistic_c001,0,categorical__primary_category_agro_industry_and_commerce,0.023544932897941313,1.0238243031060332
classification,logistic_c001,0,categorical__primary_category_air_conditioning,0.030507986071473373,1.030978123480886
classification,logistic_c001,0,categorical__primary_category_art,0.031854978344262895,1.0323677787639793
classification,logistic_c001,0,categorical__primary_category_arts_and_craftmanship,0.004023539212811069,1.0040316445137292
classification,logistic_c001,0,categorical__primary_category_audio,0.1794135454263243,1.1965154553621486
classification,logistic_c001,0,categorical__primary_category_auto,0.024667415122187324,1.024974172920501
classification,logistic_c001,0,categorical__primary_category_baby,0.08841872859963343,1.09244546442984
classification,logistic_c001,0,categorical__primary_category_bed_bath_table,0.07408874948768256,1.0769023757893854
classification,logistic_c001,0,categorical__primary_category_books_general_interest,-0.11259404791012173,0.8935133100973444
classification,logistic_c001,0,categorical__primary_category_books_imported,0.005406886328885327,1.005421529918952
classification,logistic_c001,0,categorical__primary_category_books_technical,-0.022656611733998314,0.9775981218668018
classification,logistic_c001,0,categorical__primary_category_cds_dvds_musicals,-0.009168262740591323,0.9908736376312688
classification,logistic_c001,0,categorical__primary_category_christmas_supplies,-0.0072204380508124255,0.9928055666858387
classification,logistic_c001,0,categorical__primary_category_cine_photo,0.013234541694069487,1.0133225058678157
classification,logistic_c001,0,categorical__primary_category_computers,-0.007995726131571615,0.9920361546600016
classification,logistic_c001,0,categorical__primary_category_computers_accessories,0.18271030358002682,1.2004665868294757
classification,logistic_c001,0,categorical__primary_category_consoles_games,0.019245467774331605,1.01943185557595
classification,logistic_c001,0,categorical__primary_category_construction_tools_construction,0.05129655010883074,1.052635006027979
classification,logistic_c001,0,categorical__primary_category_construction_tools_lights,-0.041079286427438994,0.9597530315419587
classification,logistic_c001,0,categorical__primary_category_construction_tools_safety,0.06275545635124893,1.0647664255245788
classification,logistic_c001,0,categorical__primary_category_cool_stuff,-0.13118619908400028,0.8770544524506529
classification,logistic_c001,0,categorical__primary_category_costruction_tools_garden,-0.02304585120064933,0.9772176761422963
classification,logistic_c001,0,categorical__primary_category_costruction_tools_tools,-0.026531959284640052,0.9738169208460429
classification,logistic_c001,0,categorical__primary_category_diapers_and_hygiene,0.013902031718692294,1.0139991143217835
classification,logistic_c001,0,categorical__primary_category_drinks,0.014312737432888306,1.0144156550842056
classification,logistic_c001,0,categorical__primary_category_dvds_blu_ray,0.04894899379797014,1.050166784354763
classification,logistic_c001,0,categorical__primary_category_electronics,-0.01145963127626248,0.9886057801960172
classification,logistic_c001,0,categorical__primary_category_fashio_female_clothing,-0.0246174017581137,0.975683135278696
classification,logistic_c001,0,categorical__primary_category_fashion_bags_accessories,-0.08528685741006681,0.9182488401337161
classification,logistic_c001,0,categorical__primary_category_fashion_childrens_clothes,-0.004154322788236678,0.9958542944735854
classification,logistic_c001,0,categorical__primary_category_fashion_male_clothing,0.11838060242679448,1.125672463517628
classification,logistic_c001,0,categorical__primary_category_fashion_shoes,-0.02867060923155198,0.9717364927866121
classification,logistic_c001,0,categorical__primary_category_fashion_sport,-0.0005006735505662829,0.9994994517655208
classification,logistic_c001,0,categorical__primary_category_fashion_underwear_beach,0.03936974949970812,1.0401550093510106
classification,logistic_c001,0,categorical__primary_category_fixed_telephony,0.06936438447803556,1.0718266950113382
classification,logistic_c001,0,categorical__primary_category_flowers,-0.0265984143688402,0.973752207910848
classification,logistic_c001,0,categorical__primary_category_food,0.011393644444059233,1.0114587992259327
classification,logistic_c001,0,categorical__primary_category_food_drink,-0.09306451160147527,0.9111347196402201
classification,logistic_c001,0,categorical__primary_category_furniture_bedroom,0.02577446348635677,1.02610949721545
classification,logistic_c001,0,categorical__primary_category_furniture_decor,0.023558861165919112,1.0238385633045988
classification,logistic_c001,0,categorical__primary_category_furniture_living_room,0.015197211433576246,1.0153132762597976
classification,logistic_c001,0,categorical__primary_category_furniture_mattress_and_upholstery,0.011205872585888586,1.011268893557767
classification,logistic_c001,0,categorical__primary_category_garden_tools,-0.08641316313000343,0.9172151934231202
classification,logistic_c001,0,categorical__primary_category_health_beauty,-0.060089254014419086,0.9416804810700568
classification,logistic_c001,0,categorical__primary_category_home_appliances,-0.014847932917375573,0.985261754092414
classification,logistic_c001,0,categorical__primary_category_home_appliances_2,-0.04162963073833451,0.9592249822389777
classification,logistic_c001,0,categorical__primary_category_home_comfort_2,0.008123055632305597,1.0081561371624106
classification,logistic_c001,0,categorical__primary_category_home_confort,0.06069137022394087,1.0625709225499325
classification,logistic_c001,0,categorical__primary_category_home_construction,0.02137515552427981,1.0216052406049516
classification,logistic_c001,0,categorical__primary_category_housewares,-0.051165306628313055,0.9501215961525191
classification,logistic_c001,0,categorical__primary_category_industry_commerce_and_business,-0.07611515464787133,0.9267094855103047
classification,logistic_c001,0,categorical__primary_category_kitchen_dining_laundry_garden_furniture,-0.010378063592780944,0.989675602698014
classification,logistic_c001,0,categorical__primary_category_la_cuisine,-0.0069115287369281115,0.99311230094636
classification,logistic_c001,0,categorical__primary_category_luggage_accessories,-0.14252440213203862,0.8671663933252403
classification,logistic_c001,0,categorical__primary_category_market_place,-0.015378189031138991,0.9847394515129554
classification,logistic_c001,0,categorical__primary_category_music,-0.03208298361604596,0.9684262152354641
classification,logistic_c001,0,categorical__primary_category_musical_instruments,-0.022450879829747986,0.9777992656801455
classification,logistic_c001,0,categorical__primary_category_office_furniture,0.19251277816870557,1.2122919944800978
classification,logistic_c001,0,categorical__primary_category_party_supplies,0.031095798113436803,1.0315843229850985
classification,logistic_c001,0,categorical__primary_category_perfumery,-0.04385403102116725,0.9570936532603866
classification,logistic_c001,0,categorical__primary_category_pet_shop,-0.12145192189617672,0.8856336319110153
classification,logistic_c001,0,categorical__primary_category_security_and_services,0.007800223341219242,1.007830724336588
classification,logistic_c001,0,categorical__primary_category_signaling_and_security,-0.041967412019982296,0.9589010287108876
classification,logistic_c001,0,categorical__primary_category_small_appliances,0.0025361269962866735,1.0025393456867848
classification,logistic_c001,0,categorical__primary_category_small_appliances_home_oven_and_coffee,-0.003243834940120561,0.9967614206081926
classification,logistic_c001,0,categorical__primary_category_sports_leisure,-0.05371829594409152,0.9476990395651959
classification,logistic_c001,0,categorical__primary_category_stationery,-0.1696314004171655,0.8439758484154111
classification,logistic_c001,0,categorical__primary_category_tablets_printing_image,0.0007255433796839877,1.0007258066499494
classification,logistic_c001,0,categorical__primary_category_telephony,0.11268045309366238,1.1192742151850217
classification,logistic_c001,0,categorical__primary_category_toys,-0.07631587887583853,0.9265234911316894
classification,logistic_c001,0,categorical__primary_category_watches_gifts,0.08488402376000634,1.088590808708191
classification,logistic_c001,0,categorical__primary_payment_type_boleto,-0.02844852799420031,0.9719523211941428
classification,logistic_c001,0,categorical__primary_payment_type_credit_card,-0.04529599545996542,0.9557145527936602
classification,logistic_c001,0,categorical__primary_payment_type_debit_card,-0.041465624064296935,0.9593823144393813
classification,logistic_c001,0,categorical__primary_payment_type_voucher,0.08025993098356546,1.0835686841467806
classification,logistic_c001,0,categorical__purchase_month_10,-0.1137055918620834,0.892520682558279
classification,logistic_c001,0,categorical__purchase_month_11,0.2369234681265488,1.2673441218437387
classification,logistic_c001,0,categorical__purchase_month_12,0.09951022384623724,1.1046297642470801
classification,logistic_c001,0,categorical__purchase_month_2,0.2997096666620893,1.349466955449312
classification,logistic_c001,0,categorical__purchase_month_3,0.3645696362243964,1.439894196483671
classification,logistic_c001,0,categorical__purchase_month_4,-0.06101598251318092,0.9408082031763407
classification,logistic_c001,0,categorical__purchase_month_5,-0.18290339692021745,0.8328486075915659
classification,logistic_c001,0,categorical__purchase_month_6,-0.23769420825585938,0.7884437538250344
classification,logistic_c001,0,categorical__purchase_month_7,-0.24484747115242878,0.7828239323683678
classification,logistic_c001,0,categorical__purchase_month_8,-0.25343858824036264,0.7761274068113767
classification,logistic_c001,0,categorical__purchase_month_9,-0.17833218457599231,0.8366644502964511
classification,logistic_c001,0,categorical__purchase_dayofweek_1,0.011823091850468943,1.0118932608664857
classification,logistic_c001,0,categorical__purchase_dayofweek_2,-0.03685846144458697,0.9638125423303325
classification,logistic_c001,0,categorical__purchase_dayofweek_3,-0.014702078910075316,0.9854054689479271
classification,logistic_c001,0,categorical__purchase_dayofweek_4,0.06167927455887313,1.06362115965197
classification,logistic_c001,0,categorical__purchase_dayofweek_5,-0.017478448935258652,0.9826734130952195
classification,logistic_c001,0,categorical__purchase_dayofweek_6,0.023545643193755465,1.0238250303244083
classification,logistic_c001,0,categorical__purchase_hour_1,0.0847505812124524,1.0884455540692233
classification,logistic_c001,0,categorical__purchase_hour_10,-0.018340086036743183,0.9818270698965662
classification,logistic_c001,0,categorical__purchase_hour_11,-0.04207120154146151,0.9588015099965609
classification,logistic_c001,0,categorical__purchase_hour_12,0.00873497754520353,1.008773238784109
classification,logistic_c001,0,categorical__purchase_hour_13,-0.04597291755849979,0.955067827409031
classification,logistic_c001,0,categorical__purchase_hour_14,-0.04217568141860115,0.958701339765573
classification,logistic_c001,0,categorical__purchase_hour_15,0.007936159516674065,1.0079677343028546
classification,logistic_c001,0,categorical__purchase_hour_16,-0.03322711819800203,0.9673188389271056
classification,logistic_c001,0,categorical__purchase_hour_17,-0.043900443625137044,0.9570492330825319
classification,logistic_c001,0,categorical__purchase_hour_18,0.03499856324938302,1.0356182208734366
classification,logistic_c001,0,categorical__purchase_hour_19,0.029588991277123083,1.0300310951760103
classification,logistic_c001,0,categorical__purchase_hour_2,0.03594372174208168,1.0365975069474618
classification,logistic_c001,0,categorical__purchase_hour_20,-0.024475295687462862,0.975821795627256
classification,logistic_c001,0,categorical__purchase_hour_21,-0.014932221026650415,0.9851787117418114
classification,logistic_c001,0,categorical__purchase_hour_22,-0.11949277070041785,0.8873704228624896
classification,logistic_c001,0,categorical__purchase_hour_23,-0.005948448135088686,0.9940692088546088
classification,logistic_c001,0,categorical__purchase_hour_3,-0.06523672744432926,0.9368456600461377
classification,logistic_c001,0,categorical__purchase_hour_4,0.023767588604603013,1.0240522888099557
classification,logistic_c001,0,categorical__purchase_hour_5,-0.004609773498410368,0.9954008351999506
classification,logistic_c001,0,categorical__purchase_hour_6,0.01901770451088161,1.0191996928897282
classification,logistic_c001,0,categorical__purchase_hour_7,-0.07178262491431171,0.9307331920307007
classification,logistic_c001,0,categorical__purchase_hour_8,-0.06512924501484521,0.9369463599053669
classification,logistic_c001,0,categorical__purchase_hour_9,-0.053948259904353375,0.9474811279977849
classification,logistic_c001,1,numeric__n_items,0.15855909996414247,1.171821176768297
classification,logistic_c001,1,numeric__has_items,-0.03609702384758959,0.9645467049105445
classification,logistic_c001,1,numeric__n_products,0.03632577712455175,1.0369936202682408
classification,logistic_c001,1,numeric__n_sellers,0.17359740252888514,1.1895765488910495
classification,logistic_c001,1,numeric__n_categories,-0.00774879041067171,0.9922811540713196
classification,logistic_c001,1,numeric__total_price,0.036089596085758284,1.0367487309580279
classification,logistic_c001,1,numeric__total_freight,0.03433327063978066,1.0349294608635966
classification,logistic_c001,1,numeric__freight_ratio,0.013869103059224078,1.0139657252399787
classification,logistic_c001,1,numeric__freight_ratio_missing,0.03609702384758877,1.0367564317092792
classification,logistic_c001,1,numeric__total_weight_g,0.020299066585681903,1.0205064937865977
classification,logistic_c001,1,numeric__total_volume_cm3,0.012143913746105982,1.0122179504616
classification,logistic_c001,1,numeric__weight_missing_fraction,-0.03564072712971744,0.9649869248340446
classification,logistic_c001,1,numeric__volume_missing_fraction,0.021927304833866682,1.0221694749897001
classification,logistic_c001,1,numeric__category_missing_fraction,0.05118550208361068,1.0525181194794124
classification,logistic_c001,1,numeric__distance_km_max,0.07741950122133537,1.0804952504096215
classification,logistic_c001,1,numeric__distance_missing_fraction,0.013882128991326174,1.0139789331746922
classification,logistic_c001,1,numeric__interstate_share,0.07738096099204228,1.0804536086773668
classification,logistic_c001,1,numeric__payment_installments_max,0.05778917955523473,1.059491609671567
classification,logistic_c001,1,numeric__n_payment_methods,-0.022397549689252696,0.9778514132428665
classification,logistic_c001,1,numeric__payment_missing,-0.0030072969804570736,0.9969972204075969
classification,logistic_c001,1,numeric__missingindicator_total_price,0.03609702384758877,1.0367564317092792
classification,logistic_c001,1,numeric__missingindicator_total_freight,0.03609702384758877,1.0367564317092792
classification,logistic_c001,1,numeric__missingindicator_freight_ratio,0.03609702384758877,1.0367564317092792
classification,logistic_c001,1,numeric__missingindicator_total_weight_g,0.028517299213237174,1.0289278103221613
classification,logistic_c001,1,numeric__missingindicator_total_volume_cm3,0.03933215920132289,1.0401159103487185
classification,logistic_c001,1,numeric__missingindicator_weight_missing_fraction,0.03609702384758877,1.0367564317092792
classification,logistic_c001,1,numeric__missingindicator_volume_missing_fraction,0.03609702384758877,1.0367564317092792
classification,logistic_c001,1,numeric__missingindicator_category_missing_fraction,0.03609702384758877,1.0367564317092792
classification,logistic_c001,1,numeric__missingindicator_distance_km_max,-0.024361819067112194,0.975932534869727
classification,logistic_c001,1,numeric__missingindicator_distance_missing_fraction,0.03609702384758877,1.0367564317092792
classification,logistic_c001,1,numeric__missingindicator_interstate_share,0.03609702384758877,1.0367564317092792
classification,logistic_c001,1,numeric__missingindicator_payment_installments_max,-0.0030072969804570736,0.9969972204075969
classification,logistic_c001,1,categorical__customer_state_AL,0.17295212537237928,1.1888091899243673
classification,logistic_c001,1,categorical__customer_state_AM,-0.04114002906385807,0.9596947353830607
classification,logistic_c001,1,categorical__customer_state_AP,-0.05749018561240255,0.9441311564100637
classification,logistic_c001,1,categorical__customer_state_BA,0.11975572909607657,1.1272214705394266
classification,logistic_c001,1,categorical__customer_state_CE,0.04090830807911426,1.0417565805041473
classification,logistic_c001,1,categorical__customer_state_DF,0.006374514750683613,1.0063948752095273
classification,logistic_c001,1,categorical__customer_state_ES,0.0003018223190588082,1.0003018678719977
classification,logistic_c001,1,categorical__customer_state_GO,-0.057259226687871714,0.9443492371094367
classification,logistic_c001,1,categorical__customer_state_MA,0.05549636256443994,1.0570651720589836
classification,logistic_c001,1,categorical__customer_state_MG,-0.15821799056218264,0.8536636710604386
classification,logistic_c001,1,categorical__customer_state_MS,-0.0252128846299346,0.9751023056375279
classification,logistic_c001,1,categorical__customer_state_MT,-0.08237289238922205,0.9209284874374363
classification,logistic_c001,1,categorical__customer_state_PA,0.09099267754604164,1.0952609852309656
classification,logistic_c001,1,categorical__customer_state_PB,0.007507310150920202,1.0075355606546195
classification,logistic_c001,1,categorical__customer_state_PE,0.016124913717966483,1.0162556217460013
classification,logistic_c001,1,categorical__customer_state_PI,0.05147696225390707,1.0528249312992966
classification,logistic_c001,1,categorical__customer_state_PR,-0.15752364305565925,0.8542566161329929
classification,logistic_c001,1,categorical__customer_state_RJ,0.38118748665885493,1.4640220642855586
classification,logistic_c001,1,categorical__customer_state_RN,-0.11091736340200006,0.8950127066784271
classification,logistic_c001,1,categorical__customer_state_RO,-0.040457736873577774,0.9603497510366878
classification,logistic_c001,1,categorical__customer_state_RR,-0.00526955637859447,0.9947443033780093
classification,logistic_c001,1,categorical__customer_state_RS,-0.15114495070682762,0.8597230721600885
classification,logistic_c001,1,categorical__customer_state_SC,0.03671244608761166,1.0373946710480375
classification,logistic_c001,1,categorical__customer_state_SE,0.039372341918077106,1.0401577058714588
classification,logistic_c001,1,categorical__customer_state_SP,-0.056842439711292776,0.9447429116063091
classification,logistic_c001,1,categorical__customer_state_TO,-0.07507743517920434,0.9276716491268325
classification,logistic_c001,1,categorical__primary_seller_state_AM,0.00497498817364175,1.0049873839751025
classification,logistic_c001,1,categorical__primary_seller_state_BA,-0.056973957081979484,0.944618669672765
classification,logistic_c001,1,categorical__primary_seller_state_CE,0.006824330298609578,1.0068476691009811
classification,logistic_c001,1,categorical__primary_seller_state_DF,0.10814812371672833,1.1142127745011883
classification,logistic_c001,1,categorical__primary_seller_state_ES,0.024145428110831757,1.0244392893285506
classification,logistic_c001,1,categorical__primary_seller_state_GO,-0.08752128842989915,0.9161993669972687
classification,logistic_c001,1,categorical__primary_seller_state_MA,0.1612988121804707,1.175036031439051
classification,logistic_c001,1,categorical__primary_seller_state_MG,-0.06548040120567547,0.9366174031515908
classification,logistic_c001,1,categorical__primary_seller_state_MS,-0.004176109502267295,0.9958325983172004
classification,logistic_c001,1,categorical__primary_seller_state_MT,-0.059611011150238896,0.9421309407464435
classification,logistic_c001,1,categorical__primary_seller_state_PA,-0.005938836607712218,0.9940787634239407
classification,logistic_c001,1,categorical__primary_seller_state_PB,-0.00024902760658703654,0.9997510033982137
classification,logistic_c001,1,categorical__primary_seller_state_PE,-0.15553033072713116,0.855961114612201
classification,logistic_c001,1,categorical__primary_seller_state_PI,0.007146318427531134,1.0071719142968147
classification,logistic_c001,1,categorical__primary_seller_state_PR,0.0014061190863709774,1.0014071081353326
classification,logistic_c001,1,categorical__primary_seller_state_RJ,0.055694508701678386,1.0572746461921962
classification,logistic_c001,1,categorical__primary_seller_state_RN,-0.005630832017770747,0.9943849914032293
classification,logistic_c001,1,categorical__primary_seller_state_RO,0.013777626880757276,1.0138729757725855
classification,logistic_c001,1,categorical__primary_seller_state_RS,-0.20373900738452425,0.8156752286202718
classification,logistic_c001,1,categorical__primary_seller_state_SC,-0.0033328892676410247,0.9966726586425593
classification,logistic_c001,1,categorical__primary_seller_state_SE,0.003260914173022688,1.0032662367375476
classification,logistic_c001,1,categorical__primary_seller_state_SP,0.23433470077217455,1.2640675057826098
classification,logistic_c001,1,categorical__primary_seller_state_Unknown,0.0029782122562063067,1.0029826515362732
classification,logistic_c001,1,categorical__primary_category_agro_industry_and_commerce,-0.011663641491001814,0.9884041150900771
classification,logistic_c001,1,categorical__primary_category_air_conditioning,0.04284948383287837,1.0437807771446408
classification,logistic_c001,1,categorical__primary_category_art,0.03221867359958819,1.0327433143129758
classification,logistic_c001,1,categorical__primary_category_arts_and_craftmanship,0.005101196665074229,1.005114229921092
classification,logistic_c001,1,categorical__primary_category_audio,0.11578024802762865,1.1227491186886596
classification,logistic_c001,1,categorical__primary_category_auto,0.03839612375495249,1.0391427805013653
classification,logistic_c001,1,categorical__primary_category_baby,0.1088850722828751,1.1150341946427613
classification,logistic_c001,1,categorical__primary_category_bed_bath_table,0.11152979289974294,1.1179870515855055
classification,logistic_c001,1,categorical__primary_category_books_general_interest,-0.14908887691720502,0.8614925446947792
classification,logistic_c001,1,categorical__primary_category_books_imported,-0.0027307977084141,0.9972729275279208
classification,logistic_c001,1,categorical__primary_category_books_technical,-0.032880205644708546,0.9676544721896966
classification,logistic_c001,1,categorical__primary_category_cds_dvds_musicals,-0.011256132693318974,0.9888069805426752
classification,logistic_c001,1,categorical__primary_category_christmas_supplies,-0.028571109142340394,0.9718331854647199
classification,logistic_c001,1,categorical__primary_category_cine_photo,0.01064905080649099,1.0107059537561227
classification,logistic_c001,1,categorical__primary_category_computers,-0.0660622498711265,0.9360725920796968
classification,logistic_c001,1,categorical__primary_category_computers_accessories,0.18561059727195445,1.2039533463678425
classification,logistic_c001,1,categorical__primary_category_consoles_games,0.10062271803135682,1.1058593422588943
classification,logistic_c001,1,categorical__primary_category_construction_tools_construction,-0.005691081193919263,0.9943250823314771
classification,logistic_c001,1,categorical__primary_category_construction_tools_lights,-0.046596415370249375,0.954472530311073
classification,logistic_c001,1,categorical__primary_category_construction_tools_safety,0.05209138543655335,1.0534720101141104
classification,logistic_c001,1,categorical__primary_category_cool_stuff,-0.10771498618904111,0.8978834691544134
classification,logistic_c001,1,categorical__primary_category_costruction_tools_garden,-0.03862307406732688,0.9621132862574759
classification,logistic_c001,1,categorical__primary_category_costruction_tools_tools,-0.023927539109848517,0.9763564548525758
classification,logistic_c001,1,categorical__primary_category_diapers_and_hygiene,0.02220454642805447,1.022452902171563
classification,logistic_c001,1,categorical__primary_category_drinks,-0.008374353435115686,0.9916606137852453
classification,logistic_c001,1,categorical__primary_category_dvds_blu_ray,0.035716923178693266,1.0363624347800966
classification,logistic_c001,1,categorical__primary_category_electronics,-0.005028707728433909,0.994983915054649
classification,logistic_c001,1,categorical__primary_category_fashio_female_clothing,-0.0042458231604164,0.9957631776036816
classification,logistic_c001,1,categorical__primary_category_fashion_bags_accessories,-0.06736975444649046,0.9348494726740398
classification,logistic_c001,1,categorical__primary_category_fashion_childrens_clothes,0.005245591895494805,1.0052593741007319
classification,logistic_c001,1,categorical__primary_category_fashion_male_clothing,0.060474824589137624,1.0623408523662314
classification,logistic_c001,1,categorical__primary_category_fashion_shoes,-0.004702986519726295,0.9953080552049003
classification,logistic_c001,1,categorical__primary_category_fashion_sport,-0.005655390333353366,0.9943605712826595
classification,logistic_c001,1,categorical__primary_category_fashion_underwear_beach,0.07048497447234252,1.0730284464909854
classification,logistic_c001,1,categorical__primary_category_fixed_telephony,0.03236998310325061,1.0328995900139764
classification,logistic_c001,1,categorical__primary_category_flowers,-0.013650415695020702,0.9864423287496261
classification,logistic_c001,1,categorical__primary_category_food,0.0011138153739057878,1.0011144358966106
classification,logistic_c001,1,categorical__primary_category_food_drink,-0.1052278129393364,0.9001194403714966
classification,logistic_c001,1,categorical__primary_category_furniture_bedroom,0.0007124550558657586,1.0007127089122525
classification,logistic_c001,1,categorical__primary_category_furniture_decor,0.05656734739544235,1.0581978792714923
classification,logistic_c001,1,categorical__primary_category_furniture_living_room,0.02355377691435191,1.0238333578650116
classification,logistic_c001,1,categorical__primary_category_furniture_mattress_and_upholstery,0.01326291934403487,1.0133512619872027
classification,logistic_c001,1,categorical__primary_category_garden_tools,-0.11463926022571172,0.8916877531335248
classification,logistic_c001,1,categorical__primary_category_health_beauty,-0.050631074841085026,0.9506293169191266
classification,logistic_c001,1,categorical__primary_category_home_appliances,-0.04650415820645309,0.9545605913017072
classification,logistic_c001,1,categorical__primary_category_home_appliances_2,-0.025767238059666353,0.9745619041306118
classification,logistic_c001,1,categorical__primary_category_home_comfort_2,-0.0015689732458400451,0.9984322569492179
classification,logistic_c001,1,categorical__primary_category_home_confort,0.05510133886292732,1.0566476887253116
classification,logistic_c001,1,categorical__primary_category_home_construction,0.024773527147505976,1.0250829407765756
classification,logistic_c001,1,categorical__primary_category_housewares,-0.01711391785686347,0.9830316933923895
classification,logistic_c001,1,categorical__primary_category_industry_commerce_and_business,-0.05532561846918531,0.9461770050797287
classification,logistic_c001,1,categorical__primary_category_kitchen_dining_laundry_garden_furniture,-0.004390908097865447,0.9956187178450658
classification,logistic_c001,1,categorical__primary_category_la_cuisine,-0.003667238301200159,0.9963394778048167
classification,logistic_c001,1,categorical__primary_category_luggage_accessories,-0.133455630268809,0.8750662945725342
classification,logistic_c001,1,categorical__primary_category_market_place,0.012306926401221533,1.0123829682468886
classification,logistic_c001,1,categorical__primary_category_music,-0.01905796470479791,0.9811224901190236
classification,logistic_c001,1,categorical__primary_category_musical_instruments,-0.054462991122220944,0.9469935553780534
classification,logistic_c001,1,categorical__primary_category_office_furniture,0.19208853108000143,1.2117777922129
classification,logistic_c001,1,categorical__primary_category_party_supplies,0.02769468777162405,1.0280817505697226
classification,logistic_c001,1,categorical__primary_category_perfumery,0.004743928666061973,1.0047551989103536
classification,logistic_c001,1,categorical__primary_category_pet_shop,-0.0661524384997349,0.9359881727832268
classification,logistic_c001,1,categorical__primary_category_security_and_services,0.00783705869955751,1.0078678488262058
classification,logistic_c001,1,categorical__primary_category_signaling_and_security,-0.0308979871246721,0.9695744771114524
classification,logistic_c001,1,categorical__primary_category_small_appliances,-0.0015198730498571945,0.9984812813722542
classification,logistic_c001,1,categorical__primary_category_small_appliances_home_oven_and_coffee,-0.02578823105765594,0.9745414453692639
classification,logistic_c001,1,categorical__primary_category_sports_leisure,-0.08028948092123407,0.922849160490753
classification,logistic_c001,1,categorical__primary_category_stationery,-0.1389166579946233,0.8703005580296163
classification,logistic_c001,1,categorical__primary_category_tablets_printing_image,-0.018476883644337937,0.9816927674886661
classification,logistic_c001,1,categorical__primary_category_telephony,0.10569518977657652,1.111483033475979
classification,logistic_c001,1,categorical__primary_category_toys,-0.023821878456527768,0.976459622763768
classification,logistic_c001,1,categorical__primary_category_watches_gifts,0.10359439277234074,1.1091504842131084
classification,logistic_c001,1,categorical__primary_payment_type_boleto,-0.005976739777695134,0.994041085401657
classification,logistic_c001,1,categorical__primary_payment_type_credit_card,-0.02454742769345844,0.9757514101821954
classification,logistic_c001,1,categorical__primary_payment_type_debit_card,-0.03487834610147654,0.9657228930665006
classification,logistic_c001,1,categorical__primary_payment_type_voucher,0.05076852161665386,1.0520793314718433
classification,logistic_c001,1,categorical__purchase_month_10,-0.12550529110996478,0.8820510973853352
classification,logistic_c001,1,categorical__purchase_month_11,0.22236357723916594,1.249025412532083
classification,logistic_c001,1,categorical__purchase_month_12,0.13896640705572208,1.149085498190123
classification,logistic_c001,1,categorical__purchase_month_2,0.30610362865322466,1.3581230397172914
classification,logistic_c001,1,categorical__purchase_month_3,0.4136019169261318,1.5122550039244318
classification,logistic_c001,1,categorical__purchase_month_4,-0.07325310185207702,0.929365576106878
classification,logistic_c001,1,categorical__purchase_month_5,-0.1591099812507985,0.8529025505213252
classification,logistic_c001,1,categorical__purchase_month_6,-0.24303262064832387,0.7842459307435851
classification,logistic_c001,1,categorical__purchase_month_7,-0.26022270734494657,0.7708798860721805
classification,logistic_c001,1,categorical__purchase_month_8,-0.279230021089629,0.7563659030947778
classification,logistic_c001,1,categorical__purchase_month_9,-0.16850166642921466,0.8449298554019679
classification,logistic_c001,1,categorical__purchase_dayofweek_1,-0.04364660546269841,0.9572921995369954
classification,logistic_c001,1,categorical__purchase_dayofweek_2,-0.07362145928163419,0.9290233004359078
classification,logistic_c001,1,categorical__purchase_dayofweek_3,-0.05035851130032122,0.9508884591264544
classification,logistic_c001,1,categorical__purchase_dayofweek_4,0.023970088678102963,1.0242596804714121
classification,logistic_c001,1,categorical__purchase_dayofweek_5,-0.04937565676918365,0.9518235035881849
classification,logistic_c001,1,categorical__purchase_dayofweek_6,-0.037792389624271845,0.9629128308354715
classification,logistic_c001,1,categorical__purchase_hour_1,0.0774790926267881,1.0805596405587092
classification,logistic_c001,1,categorical__purchase_hour_10,-0.017022090081072232,0.9831219671510818
classification,logistic_c001,1,categorical__purchase_hour_11,-0.0521762429089875,0.9491615691047645
classification,logistic_c001,1,categorical__purchase_hour_12,0.04526539864152505,1.046305511124232
classification,logistic_c001,1,categorical__purchase_hour_13,-0.07539572724016845,0.9273764255918802
classification,logistic_c001,1,categorical__purchase_hour_14,-0.051022354807719134,0.9502574274729108
classification,logistic_c001,1,categorical__purchase_hour_15,0.01905238996853116,1.0192350449106096
classification,logistic_c001,1,categorical__purchase_hour_16,-0.028487762129148445,0.9719141882336717
classification,logistic_c001,1,categorical__purchase_hour_17,-0.08932115875913549,0.9145518100801269
classification,logistic_c001,1,categorical__purchase_hour_18,0.0331299766865891,1.0336848854465666
classification,logistic_c001,1,categorical__purchase_hour_19,0.06703684453655288,1.0693348765967354
classification,logistic_c001,1,categorical__purchase_hour_2,0.04593365788994558,1.047004948135311
classification,logistic_c001,1,categorical__purchase_hour_20,-0.031233927594357874,0.9692488125112383
classification,logistic_c001,1,categorical__purchase_hour_21,-0.02111288768896371,0.9791084290427273
classification,logistic_c001,1,categorical__purchase_hour_22,-0.05977697040916711,0.9419745983672955
classification,logistic_c001,1,categorical__purchase_hour_23,0.02445652120400925,1.0247580348930414
classification,logistic_c001,1,categorical__purchase_hour_3,-0.043562389407893795,0.9573728223041538
classification,logistic_c001,1,categorical__purchase_hour_4,0.08681546115961707,1.0906953854838985
classification,logistic_c001,1,categorical__purchase_hour_5,0.013903339623107788,1.0140004405365697
classification,logistic_c001,1,categorical__purchase_hour_6,0.08065750925020317,1.0839995731563836
classification,logistic_c001,1,categorical__purchase_hour_7,-0.09090721996824751,0.9131024246412847
classification,logistic_c001,1,categorical__purchase_hour_8,-0.07678674473634145,0.9260873255465619
classification,logistic_c001,1,categorical__purchase_hour_9,-0.09554127332006232,0.9088808483493748
classification,logistic_c001,2,numeric__n_items,0.17202445344071213,1.1877068763784866
classification,logistic_c001,2,numeric__has_items,-0.036985259165939914,0.9636903408437525
classification,logistic_c001,2,numeric__n_products,0.025277427093496924,1.0255996101789786
classification,logistic_c001,2,numeric__n_sellers,0.16680109537530555,1.181519232295091
classification,logistic_c001,2,numeric__n_categories,0.0016195877825528262,1.0016209000231795
classification,logistic_c001,2,numeric__total_price,0.04156512513337256,1.0424410487532108
classification,logistic_c001,2,numeric__total_freight,0.016447138002487472,1.016583136750419
classification,logistic_c001,2,numeric__freight_ratio,0.009910984516946348,1.0099602609822136
classification,logistic_c001,2,numeric__freight_ratio_missing,0.03698525916593983,1.0376777244902722
classification,logistic_c001,2,numeric__total_weight_g,0.028308984397532867,1.0287134917386243
classification,logistic_c001,2,numeric__total_volume_cm3,0.014301791388860834,1.0144045513065543
classification,logistic_c001,2,numeric__weight_missing_fraction,-0.04188325953219185,0.9589817260133902
classification,logistic_c001,2,numeric__volume_missing_fraction,0.0192192428541732,1.0194051214074829
classification,logistic_c001,2,numeric__category_missing_fraction,0.05597957678277453,1.0575760844099438
classification,logistic_c001,2,numeric__distance_km_max,0.07460317279413332,1.0774565019857587
classification,logistic_c001,2,numeric__distance_missing_fraction,0.001321143207573564,1.001322016301713
classification,logistic_c001,2,numeric__interstate_share,0.09103366422694209,1.0953058772634514
classification,logistic_c001,2,numeric__payment_installments_max,0.05137106407572381,1.0527134449603304
classification,logistic_c001,2,numeric__n_payment_methods,-0.006944853873427767,0.9930792058948231
classification,logistic_c001,2,numeric__payment_missing,0.012461440799412617,1.012539408077758
classification,logistic_c001,2,numeric__missingindicator_total_price,0.03698525916593983,1.0376777244902722
classification,logistic_c001,2,numeric__missingindicator_total_freight,0.03698525916593983,1.0376777244902722
classification,logistic_c001,2,numeric__missingindicator_freight_ratio,0.03698525916593983,1.0376777244902722
classification,logistic_c001,2,numeric__missingindicator_total_weight_g,0.028179551761744744,1.0285803512564653
classification,logistic_c001,2,numeric__missingindicator_total_volume_cm3,0.03968561376980719,1.0404836090475489
classification,logistic_c001,2,numeric__missingindicator_weight_missing_fraction,0.03698525916593983,1.0376777244902722
classification,logistic_c001,2,numeric__missingindicator_volume_missing_fraction,0.03698525916593983,1.0376777244902722
classification,logistic_c001,2,numeric__missingindicator_category_missing_fraction,0.03698525916593983,1.0376777244902722
classification,logistic_c001,2,numeric__missingindicator_distance_km_max,-0.013441468520477952,0.9866484646220718
classification,logistic_c001,2,numeric__missingindicator_distance_missing_fraction,0.03698525916593983,1.0376777244902722
classification,logistic_c001,2,numeric__missingindicator_interstate_share,0.03698525916593983,1.0376777244902722
classification,logistic_c001,2,numeric__missingindicator_payment_installments_max,-0.013761955312629774,0.9863323074854629
classification,logistic_c001,2,categorical__customer_state_AL,0.12736978533216706,1.1358369559792627
classification,logistic_c001,2,categorical__customer_state_AM,-0.01682917174830741,0.9833116476977282
classification,logistic_c001,2,categorical__customer_state_AP,-0.05746275437890066,0.9441570554474913
classification,logistic_c001,2,categorical__customer_state_BA,0.1739681565567392,1.19001767095683
classification,logistic_c001,2,categorical__customer_state_CE,0.02383625647427344,1.0241226107134596
classification,logistic_c001,2,categorical__customer_state_DF,-0.015850942841976037,0.9842740222099778
classification,logistic_c001,2,categorical__customer_state_ES,0.047050839793597365,1.0481752967408176
classification,logistic_c001,2,categorical__customer_state_GO,0.02042727631910758,1.020637341039892
classification,logistic_c001,2,categorical__customer_state_MA,0.10985844682938266,1.116120068941779
classification,logistic_c001,2,categorical__customer_state_MG,-0.12476954549507327,0.8827003014075673
classification,logistic_c001,2,categorical__customer_state_MS,-0.016887461875163358,0.9832543320075305
classification,logistic_c001,2,categorical__customer_state_MT,-0.09835490137649892,0.9063271899016987
classification,logistic_c001,2,categorical__customer_state_PA,0.04444564720828389,1.0454481521405192
classification,logistic_c001,2,categorical__customer_state_PB,-0.01284595360960069,0.9872362034808059
classification,logistic_c001,2,categorical__customer_state_PE,-0.028497463835639683,0.9719047590532224
classification,logistic_c001,2,categorical__customer_state_PI,0.0134282705262772,1.013518834670188
classification,logistic_c001,2,categorical__customer_state_PR,-0.18364629892389286,0.8322301124613094
classification,logistic_c001,2,categorical__customer_state_RJ,0.37737923324739586,1.458457300006451
classification,logistic_c001,2,categorical__customer_state_RN,-0.11385473177502556,0.8923875820269307
classification,logistic_c001,2,categorical__customer_state_RO,-0.04253802725715424,0.9583540212532026
classification,logistic_c001,2,categorical__customer_state_RR,-0.0017784168778835405,0.9982231635683759
classification,logistic_c001,2,categorical__customer_state_RS,-0.1601832766241254,0.8519876252403176
classification,logistic_c001,2,categorical__customer_state_SC,-0.04828433815723369,0.9528628132988081
classification,logistic_c001,2,categorical__customer_state_SE,0.07587007157845728,1.078822395359922
classification,logistic_c001,2,categorical__customer_state_SP,-0.03359208130925876,0.9669658676487394
classification,logistic_c001,2,categorical__customer_state_TO,-0.10775503125818062,0.8978475140687286
classification,logistic_c001,2,categorical__primary_seller_state_BA,-0.028948525106603746,0.9714664693125427
classification,logistic_c001,2,categorical__primary_seller_state_CE,-0.009159217713453077,0.9908826001507448
classification,logistic_c001,2,categorical__primary_seller_state_DF,0.04701600642807064,1.0481387859034714
classification,logistic_c001,2,categorical__primary_seller_state_ES,-0.015914997577761353,0.9842109768167443
classification,logistic_c001,2,categorical__primary_seller_state_GO,-0.05255718190719816,0.9488000653073084
classification,logistic_c001,2,categorical__primary_seller_state_MA,0.1154012924482292,1.1223237272531865
classification,logistic_c001,2,categorical__primary_seller_state_MG,-0.039272286247613315,0.9614888733034012
classification,logistic_c001,2,categorical__primary_seller_state_MS,-0.025278947868505344,0.9750378893490774
classification,logistic_c001,2,categorical__primary_seller_state_MT,-0.05753610880458185,0.944087799889068
classification,logistic_c001,2,categorical__primary_seller_state_PA,-0.0026499747587819286,0.9973535333248673
classification,logistic_c001,2,categorical__primary_seller_state_PB,0.023547777510351496,1.023827215493494
classification,logistic_c001,2,categorical__primary_seller_state_PE,-0.1341142449435086,0.874490152818127
classification,logistic_c001,2,categorical__primary_seller_state_PI,0.005592427277981487,1.0056080940909662
classification,logistic_c001,2,categorical__primary_seller_state_PR,0.02043882713989334,1.0206491303069931
classification,logistic_c001,2,categorical__primary_seller_state_RJ,0.09204667479273423,1.0964159958759025
classification,logistic_c001,2,categorical__primary_seller_state_RN,-0.00695220556820223,0.9930719051064512
classification,logistic_c001,2,categorical__primary_seller_state_RO,0.006097400830511471,1.0061160278184482
classification,logistic_c001,2,categorical__primary_seller_state_RS,-0.24953677839669627,0.7791616239869948
classification,logistic_c001,2,categorical__primary_seller_state_SC,0.024251362924246397,1.0245478188619466
classification,logistic_c001,2,categorical__primary_seller_state_SE,-0.007652649625989969,0.9923765573460962
classification,logistic_c001,2,categorical__primary_seller_state_SP,0.23169339354702648,1.2607331206528078
classification,logistic_c001,2,categorical__primary_seller_state_Unknown,0.0028530199249071383,1.0028570936594805
classification,logistic_c001,2,categorical__primary_category_agro_industry_and_commerce,0.02766326017998411,1.0280494409440029
classification,logistic_c001,2,categorical__primary_category_air_conditioning,0.04804674723449528,1.0492197022975167
classification,logistic_c001,2,categorical__primary_category_art,0.034164717169550135,1.0347550346120122
classification,logistic_c001,2,categorical__primary_category_arts_and_craftmanship,-0.002663291701239272,0.9973402517136898
classification,logistic_c001,2,categorical__primary_category_audio,0.08873125603811638,1.0927869369695102
classification,logistic_c001,2,categorical__primary_category_auto,0.07867884839403856,1.0818568262167159
classification,logistic_c001,2,categorical__primary_category_baby,0.08602829693068338,1.089837166915576
classification,logistic_c001,2,categorical__primary_category_bed_bath_table,0.09279023251114056,1.097231547619542
classification,logistic_c001,2,categorical__primary_category_books_general_interest,-0.12219606321750326,0.8849748404773181
classification,logistic_c001,2,categorical__primary_category_books_imported,-0.0054513078435685135,0.9945635235725907
classification,logistic_c001,2,categorical__primary_category_books_technical,-0.04091929457554929,0.9599065964910746
classification,logistic_c001,2,categorical__primary_category_cds_dvds_musicals,-0.012239809129408393,0.987834792653626
classification,logistic_c001,2,categorical__primary_category_christmas_supplies,0.018164873566306416,1.018330858390064
classification,logistic_c001,2,categorical__primary_category_cine_photo,0.0022495571096200736,1.002252089261599
classification,logistic_c001,2,categorical__primary_category_computers,-0.008482174517341718,0.9915536976286775
classification,logistic_c001,2,categorical__primary_category_computers_accessories,0.18249690708984603,1.2002104388047838
classification,logistic_c001,2,categorical__primary_category_consoles_games,0.06105298845474719,1.062955237050428
classification,logistic_c001,2,categorical__primary_category_construction_tools_construction,0.031917771817268965,1.0324326067575937
classification,logistic_c001,2,categorical__primary_category_construction_tools_lights,-0.05630307447324847,0.945252610536304
classification,logistic_c001,2,categorical__primary_category_construction_tools_safety,0.08793675497640739,1.0919190613975505
classification,logistic_c001,2,categorical__primary_category_cool_stuff,-0.1093024506050696,0.8964592418515652
classification,logistic_c001,2,categorical__primary_category_costruction_tools_garden,-0.033573830260089116,0.9669835159513848
classification,logistic_c001,2,categorical__primary_category_costruction_tools_tools,-0.02987719612986853,0.9705647153336222
classification,logistic_c001,2,categorical__primary_category_diapers_and_hygiene,0.01479885532029086,1.0149089005574137
classification,logistic_c001,2,categorical__primary_category_drinks,-0.012859865248074849,0.9872224695031857
classification,logistic_c001,2,categorical__primary_category_dvds_blu_ray,0.03839409008660398,1.039140667231732
classification,logistic_c001,2,categorical__primary_category_electronics,-0.009611669379330253,0.9904343750753554
classification,logistic_c001,2,categorical__primary_category_fashio_female_clothing,0.011382105402049458,1.0114471280276947
classification,logistic_c001,2,categorical__primary_category_fashion_bags_accessories,-0.1053337644899587,0.900024076373115
classification,logistic_c001,2,categorical__primary_category_fashion_childrens_clothes,0.0030170660092887786,1.0030216219336303
classification,logistic_c001,2,categorical__primary_category_fashion_male_clothing,0.11703382926053274,1.1241574584628327
classification,logistic_c001,2,categorical__primary_category_fashion_shoes,-0.014286254445759745,0.9858153098542183
classification,logistic_c001,2,categorical__primary_category_fashion_sport,-0.0035745133309923282,0.996431867636569
classification,logistic_c001,2,categorical__primary_category_fashion_underwear_beach,0.05533785434432505,1.0568976318186187
classification,logistic_c001,2,categorical__primary_category_fixed_telephony,0.02661563860855506,1.0269729981239843
classification,logistic_c001,2,categorical__primary_category_flowers,-0.012993458139883902,0.9870905924077433
classification,logistic_c001,2,categorical__primary_category_food,-0.02148854815299421,0.9787406857935615
classification,logistic_c001,2,categorical__primary_category_food_drink,-0.13670292937703757,0.8722293013503041
classification,logistic_c001,2,categorical__primary_category_furniture_bedroom,0.019661979951007276,1.0198565497961058
classification,logistic_c001,2,categorical__primary_category_furniture_decor,0.07500199418943532,1.077886300391961
classification,logistic_c001,2,categorical__primary_category_furniture_living_room,-0.013508947168611545,0.9865818891637322
classification,logistic_c001,2,categorical__primary_category_furniture_mattress_and_upholstery,0.024304775970452663,1.0246025445434557
classification,logistic_c001,2,categorical__primary_category_garden_tools,-0.11728427799570645,0.8893323396097422
classification,logistic_c001,2,categorical__primary_category_health_beauty,-0.05031182012693379,0.9509328582608872
classification,logistic_c001,2,categorical__primary_category_home_appliances,0.006345843155747706,1.0063660206769744
classification,logistic_c001,2,categorical__primary_category_home_appliances_2,-0.04192042517193269,0.9589460855063483
classification,logistic_c001,2,categorical__primary_category_home_comfort_2,0.007813429330316729,1.007844033826028
classification,logistic_c001,2,categorical__primary_category_home_confort,0.07657849258639338,1.0795869265816425
classification,logistic_c001,2,categorical__primary_category_home_construction,0.005038388184691038,1.0050511022061979
classification,logistic_c001,2,categorical__primary_category_housewares,-0.026317142761826333,0.9740261352813904
classification,logistic_c001,2,categorical__primary_category_industry_commerce_and_business,-0.06926439167589092,0.9330799488913756
classification,logistic_c001,2,categorical__primary_category_kitchen_dining_laundry_garden_furniture,-0.029274040892435824,0.9711502931043401
classification,logistic_c001,2,categorical__primary_category_la_cuisine,-0.006193303889219442,0.9938258350857663
classification,logistic_c001,2,categorical__primary_category_luggage_accessories,-0.16174554203173094,0.8506576336161563
classification,logistic_c001,2,categorical__primary_category_market_place,-0.02009619663492468,0.9801043860279577
classification,logistic_c001,2,categorical__primary_category_music,-0.023804813149185425,0.9764762864895232
classification,logistic_c001,2,categorical__primary_category_musical_instruments,-0.037485153543899946,0.9632087178506131
classification,logistic_c001,2,categorical__primary_category_office_furniture,0.21488535588088148,1.2397197622386666
classification,logistic_c001,2,categorical__primary_category_party_supplies,-0.01690006941629989,0.983241935666236
classification,logistic_c001,2,categorical__primary_category_perfumery,0.0015128134479552387,1.0015139583274764
classification,logistic_c001,2,categorical__primary_category_pet_shop,-0.1048461240571313,0.9004630715304677
classification,logistic_c001,2,categorical__primary_category_security_and_services,0.007963408459128346,1.0079952007318562
classification,logistic_c001,2,categorical__primary_category_signaling_and_security,-0.02136148581904776,0.9788650547705657
classification,logistic_c001,2,categorical__primary_category_small_appliances,0.012744404288599716,1.0128259603016039
classification,logistic_c001,2,categorical__primary_category_small_appliances_home_oven_and_coffee,-0.012636394991773625,0.9874431090137378
classification,logistic_c001,2,categorical__primary_category_sports_leisure,-0.029839700471311806,0.9706011079790744
classification,logistic_c001,2,categorical__primary_category_stationery,-0.1522257462365036,0.8587943892555054
classification,logistic_c001,2,categorical__primary_category_tablets_printing_image,-0.010440547351704625,0.9896137659781579
classification,logistic_c001,2,categorical__primary_category_telephony,0.122322430579312,1.1301184277816012
classification,logistic_c001,2,categorical__primary_category_toys,-0.1043305672271153,0.900927431108763
classification,logistic_c001,2,categorical__primary_category_watches_gifts,0.08479331178229779,1.0884920649617058
classification,logistic_c001,2,categorical__primary_payment_type_boleto,-0.0030590574843082042,0.9969456166646598
classification,logistic_c001,2,categorical__primary_payment_type_credit_card,-0.030221988277493672,0.9702301299255385
classification,logistic_c001,2,categorical__primary_payment_type_debit_card,-0.06338926737117916,0.9385780447608381
classification,logistic_c001,2,categorical__primary_payment_type_voucher,0.045734846042644585,1.0467968118381052
classification,logistic_c001,2,categorical__purchase_month_10,-0.12131801626321492,0.8857522311834467
classification,logistic_c001,2,categorical__purchase_month_11,0.22369091823360196,1.2506843959400011
classification,logistic_c001,2,categorical__purchase_month_12,0.1372791909729028,1.1471483772873463
classification,logistic_c001,2,categorical__purchase_month_2,0.2983641130629941,1.3476523963975522
classification,logistic_c001,2,categorical__purchase_month_3,0.341229849961225,1.4066765282524238
classification,logistic_c001,2,categorical__purchase_month_4,-0.057812472917090116,0.9438269239521556
classification,logistic_c001,2,categorical__purchase_month_5,-0.18202055704881673,0.8335842042084223
classification,logistic_c001,2,categorical__purchase_month_6,-0.24503853971193124,0.7826743736157088
classification,logistic_c001,2,categorical__purchase_month_7,-0.2974638373683494,0.742699440701462
classification,logistic_c001,2,categorical__purchase_month_8,-0.2347568553868133,0.7907630960430582
classification,logistic_c001,2,categorical__purchase_month_9,-0.18417235856807013,0.8317924249194444
classification,logistic_c001,2,categorical__purchase_dayofweek_1,-0.013790334291013057,0.9863043167794058
classification,logistic_c001,2,categorical__purchase_dayofweek_2,-0.05303591800334228,0.9483459491775867
classification,logistic_c001,2,categorical__purchase_dayofweek_3,-0.007542473112778957,0.9924858999583602
classification,logistic_c001,2,categorical__purchase_dayofweek_4,0.029122152036646455,1.0295503484663167
classification,logistic_c001,2,categorical__purchase_dayofweek_5,-0.004690707050745881,0.9953202771343294
classification,logistic_c001,2,categorical__purchase_dayofweek_6,-0.008393181460642574,0.991641942949663
classification,logistic_c001,2,categorical__purchase_hour_1,0.03811356240461315,1.0388492003932608
classification,logistic_c001,2,categorical__purchase_hour_10,0.03126382758615762,1.0317576741185988
classification,logistic_c001,2,categorical__purchase_hour_11,-0.006319128316640213,0.9937007953857999
classification,logistic_c001,2,categorical__purchase_hour_12,-0.0022533620689279923,0.9977491748454922
classification,logistic_c001,2,categorical__purchase_hour_13,-0.07431632191200718,0.9283779810918027
classification,logistic_c001,2,categorical__purchase_hour_14,-0.038694742357750285,0.9620443357138695
classification,logistic_c001,2,categorical__purchase_hour_15,-0.039404897852832674,0.9613613771744318
classification,logistic_c001,2,categorical__purchase_hour_16,-0.04629639406407405,0.9547589353679867
classification,logistic_c001,2,categorical__purchase_hour_17,-0.039489317288035855,0.9612802230154869
classification,logistic_c001,2,categorical__purchase_hour_18,0.03447313295679479,1.035074218618781
classification,logistic_c001,2,categorical__purchase_hour_19,0.037119513825830314,1.0378170469123826
classification,logistic_c001,2,categorical__purchase_hour_2,0.0009536891263366067,1.000954144032413
classification,logistic_c001,2,categorical__purchase_hour_20,-0.018845610259186095,0.9813308579646263
classification,logistic_c001,2,categorical__purchase_hour_21,0.028569649513425277,1.0289816764118442
classification,logistic_c001,2,categorical__purchase_hour_22,-0.05917685953984834,0.942540057214428
classification,logistic_c001,2,categorical__purchase_hour_23,0.015714350709788577,1.0158384704201708
classification,logistic_c001,2,categorical__purchase_hour_3,-0.05677733399268486,0.9448044217747791
classification,logistic_c001,2,categorical__purchase_hour_4,0.06595161369061892,1.068175030868032
classification,logistic_c001,2,categorical__purchase_hour_5,-0.008777480817066455,0.9912609288056189
classification,logistic_c001,2,categorical__purchase_hour_6,0.054498914732558044,1.0560113303583878
classification,logistic_c001,2,categorical__purchase_hour_7,-0.10204154233457106,0.9029920384923117
classification,logistic_c001,2,categorical__purchase_hour_8,-0.0720282592576804,0.9305046000703923
classification,logistic_c001,2,categorical__purchase_hour_9,-0.05288500645908373,0.9484890763287666
classification,logistic_c001,3,numeric__n_items,0.16435246018648503,1.1786296619222498
classification,logistic_c001,3,numeric__has_items,-0.03597295403325176,0.9646663834652374
classification,logistic_c001,3,numeric__n_products,0.03084789735532947,1.0313286241446564
classification,logistic_c001,3,numeric__n_sellers,0.16826041982034168,1.1832447109033968
classification,logistic_c001,3,numeric__n_categories,-6.645092289215583e-05,0.9999335512849216
classification,logistic_c001,3,numeric__total_price,0.050868014799458613,1.052184011400478
classification,logistic_c001,3,numeric__total_freight,0.02018284129731846,1.0203878920174767
classification,logistic_c001,3,numeric__freight_ratio,0.01385989182282446,1.0139563854049982
classification,logistic_c001,3,numeric__freight_ratio_missing,0.035972954033251126,1.0366278095105148
classification,logistic_c001,3,numeric__total_weight_g,-0.002639846777631706,0.9973636345538053
classification,logistic_c001,3,numeric__total_volume_cm3,0.037218296813377114,1.0379195706445206
classification,logistic_c001,3,numeric__weight_missing_fraction,-0.03292402967851122,0.9676120665965969
classification,logistic_c001,3,numeric__volume_missing_fraction,0.021883162229934416,1.0221243547632834
classification,logistic_c001,3,numeric__category_missing_fraction,0.05184154450749872,1.053208842564752
classification,logistic_c001,3,numeric__distance_km_max,0.07684664345512084,1.0798764575711304
classification,logistic_c001,3,numeric__distance_missing_fraction,-0.009105015809963956,0.9909363093293639
classification,logistic_c001,3,numeric__interstate_share,0.060635850612657645,1.06251193066297
classification,logistic_c001,3,numeric__payment_installments_max,0.03994725145655308,1.0407558743880008
classification,logistic_c001,3,numeric__n_payment_methods,-0.02285711040030222,0.9774021343954562
classification,logistic_c001,3,numeric__payment_missing,0.015614283938834256,1.0157368238304325
classification,logistic_c001,3,numeric__missingindicator_total_price,0.035972954033251126,1.0366278095105148
classification,logistic_c001,3,numeric__missingindicator_total_freight,0.035972954033251126,1.0366278095105148
classification,logistic_c001,3,numeric__missingindicator_freight_ratio,0.035972954033251126,1.0366278095105148
classification,logistic_c001,3,numeric__missingindicator_total_weight_g,0.029498916907077344,1.0299383199523826
classification,logistic_c001,3,numeric__missingindicator_total_volume_cm3,0.03905071983616249,1.0398232219761634
classification,logistic_c001,3,numeric__missingindicator_weight_missing_fraction,0.035972954033251126,1.0366278095105148
classification,logistic_c001,3,numeric__missingindicator_volume_missing_fraction,0.035972954033251126,1.0366278095105148
classification,logistic_c001,3,numeric__missingindicator_category_missing_fraction,0.035972954033251126,1.0366278095105148
classification,logistic_c001,3,numeric__missingindicator_distance_km_max,0.0021202445371343416,1.0021224938449962
classification,logistic_c001,3,numeric__missingindicator_distance_missing_fraction,0.035972954033251126,1.0366278095105148
classification,logistic_c001,3,numeric__missingindicator_interstate_share,0.035972954033251126,1.0366278095105148
classification,logistic_c001,3,numeric__missingindicator_payment_installments_max,-0.013170853663706177,0.9869155024855866
classification,logistic_c001,3,categorical__customer_state_AL,0.13518534932715606,1.144748943135336
classification,logistic_c001,3,categorical__customer_state_AM,-0.017390190148004882,0.9827601464863615
classification,logistic_c001,3,categorical__customer_state_AP,-0.042009369003904055,0.9588607969598507
classification,logistic_c001,3,categorical__customer_state_BA,0.11643755628615368,1.1234873535539824
classification,logistic_c001,3,categorical__customer_state_CE,0.048936532709176896,1.0501536982147495
classification,logistic_c001,3,categorical__customer_state_DF,0.023985320959078828,1.0242752824014836
classification,logistic_c001,3,categorical__customer_state_ES,-0.011358253208679501,0.9887060082199907
classification,logistic_c001,3,categorical__customer_state_GO,-0.033981208866936036,0.9665896677819187
classification,logistic_c001,3,categorical__customer_state_MA,0.0889672767159273,1.0930448877227352
classification,logistic_c001,3,categorical__customer_state_MG,-0.14146998749922954,0.8680812284824722
classification,logistic_c001,3,categorical__customer_state_MS,-0.03559761860835051,0.9650285248901647
classification,logistic_c001,3,categorical__customer_state_MT,-0.11305061861273576,0.893105451212852
classification,logistic_c001,3,categorical__customer_state_PA,0.029787369394497096,1.0302354510747072
classification,logistic_c001,3,categorical__customer_state_PB,0.0246590457425716,1.0249655945584495
classification,logistic_c001,3,categorical__customer_state_PE,-0.029130671483468915,0.9712895363292514
classification,logistic_c001,3,categorical__customer_state_PI,0.03161104221722064,1.0321159776792839
classification,logistic_c001,3,categorical__customer_state_PR,-0.19615558678633496,0.821884350385076
classification,logistic_c001,3,categorical__customer_state_RJ,0.39856158907526984,1.4896803832707293
classification,logistic_c001,3,categorical__customer_state_RN,-0.08120405327624897,0.9220055339982572
classification,logistic_c001,3,categorical__customer_state_RO,-0.01320264126389947,0.9868841313087788
classification,logistic_c001,3,categorical__customer_state_RR,0.00554437438100362,1.0055597728698173
classification,logistic_c001,3,categorical__customer_state_RS,-0.16739868456852436,0.8458623118527743
classification,logistic_c001,3,categorical__customer_state_SC,-0.013732767048696125,0.9863610972333394
classification,logistic_c001,3,categorical__customer_state_SE,0.11055280647320434,1.1168953267980477
classification,logistic_c001,3,categorical__customer_state_SP,-0.07287999216054182,0.9297123961072309
classification,logistic_c001,3,categorical__customer_state_TO,-0.04784614908360669,0.9532804388650588
classification,logistic_c001,3,categorical__primary_seller_state_AM,0.005093700644078697,1.0051066955919603
classification,logistic_c001,3,categorical__primary_seller_state_BA,-0.050138374675333365,0.951097807544368
classification,logistic_c001,3,categorical__primary_seller_state_CE,0.003309920033914384,1.0033154038679113
classification,logistic_c001,3,categorical__primary_seller_state_DF,0.09620550242475015,1.1009852958955013
classification,logistic_c001,3,categorical__primary_seller_state_ES,-0.017686568250774186,0.9824689210572204
classification,logistic_c001,3,categorical__primary_seller_state_GO,-0.09384473357159691,0.9104241095670602
classification,logistic_c001,3,categorical__primary_seller_state_MA,0.12499387578795862,1.1331415134466754
classification,logistic_c001,3,categorical__primary_seller_state_MG,-0.048969884912659106,0.9522098051481698
classification,logistic_c001,3,categorical__primary_seller_state_MS,-0.0021698235570536874,0.9978325288083671
classification,logistic_c001,3,categorical__primary_seller_state_MT,-0.06392020146418051,0.93807985394288
classification,logistic_c001,3,categorical__primary_seller_state_PA,-0.007216257216886973,0.9928097174497102
classification,logistic_c001,3,categorical__primary_seller_state_PB,0.009728202772405414,1.0097756755537315
classification,logistic_c001,3,categorical__primary_seller_state_PE,-0.1461972621206716,0.8639872544156134
classification,logistic_c001,3,categorical__primary_seller_state_PI,0.011528309291677256,1.011595016342625
classification,logistic_c001,3,categorical__primary_seller_state_PR,-0.006542857129878306,0.9934785007539189
classification,logistic_c001,3,categorical__primary_seller_state_RJ,0.047952140882564,1.049120444144408
classification,logistic_c001,3,categorical__primary_seller_state_RN,-0.004778572403568058,0.995232826808991
classification,logistic_c001,3,categorical__primary_seller_state_RO,0.014602861856264604,1.014710004538119
classification,logistic_c001,3,categorical__primary_seller_state_RS,-0.18205690079260192,0.8335539091882016
classification,logistic_c001,3,categorical__primary_seller_state_SC,0.03798605488111307,1.0387167477489623
classification,logistic_c001,3,categorical__primary_seller_state_SE,0.005289375872537348,1.0053033893176628
classification,logistic_c001,3,categorical__primary_seller_state_SP,0.21349802529305736,1.2380010535763968
classification,logistic_c001,3,categorical__primary_seller_state_Unknown,0.0028295155778548364,1.0028335224353215
classification,logistic_c001,3,categorical__primary_category_agro_industry_and_commerce,-0.0026940185383345933,0.9973096070730556
classification,logistic_c001,3,categorical__primary_category_air_conditioning,0.05595938403029552,1.057554729253454
classification,logistic_c001,3,categorical__primary_category_art,0.007649481641717538,1.007678813670315
classification,logistic_c001,3,categorical__primary_category_arts_and_craftmanship,0.0038495831490820633,1.0038570023114655
classification,logistic_c001,3,categorical__primary_category_audio,0.12186634568522686,1.129603115360201
classification,logistic_c001,3,categorical__primary_category_auto,0.06357682349449388,1.0656413489492236
classification,logistic_c001,3,categorical__primary_category_baby,0.06847690401204412,1.0708758917286638
classification,logistic_c001,3,categorical__primary_category_bed_bath_table,0.10439806319393971,1.1100422339388143
classification,logistic_c001,3,categorical__primary_category_books_general_interest,-0.07357282991776846,0.9290684793465264
classification,logistic_c001,3,categorical__primary_category_books_imported,-0.01790881973098217,0.9822505901483396
classification,logistic_c001,3,categorical__primary_category_books_technical,-0.012413833493194098,0.9876629002894725
classification,logistic_c001,3,categorical__primary_category_cds_dvds_musicals,-0.014537714068715592,0.9855674482729941
classification,logistic_c001,3,categorical__primary_category_christmas_supplies,-0.014620100808468496,0.9854862539288389
classification,logistic_c001,3,categorical__primary_category_cine_photo,-0.0017255823862552392,0.998275905575041
classification,logistic_c001,3,categorical__primary_category_computers,-0.05872396572760187,0.9429670244522468
classification,logistic_c001,3,categorical__primary_category_computers_accessories,0.1531179301375186,1.1654624139814658
classification,logistic_c001,3,categorical__primary_category_consoles_games,0.030143991829310962,1.0306029216699355
classification,logistic_c001,3,categorical__primary_category_construction_tools_construction,0.0384236159254182,1.039171349184531
classification,logistic_c001,3,categorical__primary_category_construction_tools_lights,-0.062313266980209656,0.9395884986308456
classification,logistic_c001,3,categorical__primary_category_construction_tools_safety,0.04205792675379709,1.0429548919922247
classification,logistic_c001,3,categorical__primary_category_cool_stuff,-0.10707782700978676,0.898455746145094
classification,logistic_c001,3,categorical__primary_category_costruction_tools_garden,-0.00888912572251445,0.9911502657505462
classification,logistic_c001,3,categorical__primary_category_costruction_tools_tools,-0.02924577180769091,0.9711777470223226
classification,logistic_c001,3,categorical__primary_category_diapers_and_hygiene,0.015421082956569267,1.015540601434136
classification,logistic_c001,3,categorical__primary_category_drinks,-0.006387670992119497,0.9936326868088571
classification,logistic_c001,3,categorical__primary_category_dvds_blu_ray,0.024243685054739627,1.0245399525476881
classification,logistic_c001,3,categorical__primary_category_electronics,0.012143082061411016,1.0122171086157727
classification,logistic_c001,3,categorical__primary_category_fashio_female_clothing,0.010896311022916988,1.0109558920276138
classification,logistic_c001,3,categorical__primary_category_fashion_bags_accessories,-0.10402206341346054,0.9012054135342007
classification,logistic_c001,3,categorical__primary_category_fashion_childrens_clothes,0.0019127611199812255,1.0019145916144458
classification,logistic_c001,3,categorical__primary_category_fashion_male_clothing,0.12760451542598153,1.1361036023882416
classification,logistic_c001,3,categorical__primary_category_fashion_shoes,-0.0366628718457998,0.9640010724754597
classification,logistic_c001,3,categorical__primary_category_fashion_sport,0.0015439653030242318,1.0015451578311143
classification,logistic_c001,3,categorical__primary_category_fashion_underwear_beach,0.058161790733195044,1.059886461646847
classification,logistic_c001,3,categorical__primary_category_fixed_telephony,0.04119299138334182,1.0420531934280566
classification,logistic_c001,3,categorical__primary_category_flowers,-0.013155422828061631,0.9869307315339986
classification,logistic_c001,3,categorical__primary_category_food,0.005826151881420447,1.005843156912885
classification,logistic_c001,3,categorical__primary_category_food_drink,-0.11903223390498428,0.8877791837108782
classification,logistic_c001,3,categorical__primary_category_furniture_bedroom,0.04013710014276897,1.0409534792803459
classification,logistic_c001,3,categorical__primary_category_furniture_decor,0.0717446073747733,1.0743809200587044
classification,logistic_c001,3,categorical__primary_category_furniture_living_room,0.010617369691265003,1.0106739339715562
classification,logistic_c001,3,categorical__primary_category_furniture_mattress_and_upholstery,-0.011018619717233504,0.9890418629241006
classification,logistic_c001,3,categorical__primary_category_garden_tools,-0.12891758615472837,0.8790464081550734
classification,logistic_c001,3,categorical__primary_category_health_beauty,-0.06810555886439243,0.9341618593074728
classification,logistic_c001,3,categorical__primary_category_home_appliances,-0.0012618316579713921,0.9987389641168487
classification,logistic_c001,3,categorical__primary_category_home_appliances_2,-0.013305437125507745,0.9867826889182116
classification,logistic_c001,3,categorical__primary_category_home_comfort_2,-0.0014009373756081016,0.998600043479065
classification,logistic_c001,3,categorical__primary_category_home_confort,0.07907293606302258,1.082283256671507
classification,logistic_c001,3,categorical__primary_category_home_construction,0.03210099946318716,1.0326217942853624
classification,logistic_c001,3,categorical__primary_category_housewares,-0.028723943240009854,0.9716846675663227
classification,logistic_c001,3,categorical__primary_category_industry_commerce_and_business,-0.03492943291977185,0.9656735586167197
classification,logistic_c001,3,categorical__primary_category_kitchen_dining_laundry_garden_furniture,-0.022238803800947678,0.9780066554557975
classification,logistic_c001,3,categorical__primary_category_la_cuisine,-0.0062676615019606865,0.9937519393165792
classification,logistic_c001,3,categorical__primary_category_luggage_accessories,-0.13397918131448544,0.8746082726083759
classification,logistic_c001,3,categorical__primary_category_market_place,-0.015459249627209935,0.9846596311812267
classification,logistic_c001,3,categorical__primary_category_music,-0.022186194329640245,0.978058109222342
classification,logistic_c001,3,categorical__primary_category_musical_instruments,-0.05303243631216972,0.9483492510310545
classification,logistic_c001,3,categorical__primary_category_office_furniture,0.20371135369477805,1.2259442381057513
classification,logistic_c001,3,categorical__primary_category_party_supplies,0.03389688992267449,1.0344779361288197
classification,logistic_c001,3,categorical__primary_category_perfumery,-0.023794137622063366,0.9764867109442469
classification,logistic_c001,3,categorical__primary_category_pet_shop,-0.07305279958787188,0.9295517487808281
classification,logistic_c001,3,categorical__primary_category_security_and_services,0.00964859586785265,1.0096952936374282
classification,logistic_c001,3,categorical__primary_category_signaling_and_security,-0.03119821356592407,0.9692834289090296
classification,logistic_c001,3,categorical__primary_category_small_appliances,0.010551735100195992,1.010607600978089
classification,logistic_c001,3,categorical__primary_category_small_appliances_home_oven_and_coffee,-0.026126410539592325,0.9742119311687546
classification,logistic_c001,3,categorical__primary_category_sports_leisure,-0.06163513795376946,0.9402258769526216
classification,logistic_c001,3,categorical__primary_category_stationery,-0.1483385949367772,0.8621391495649955
classification,logistic_c001,3,categorical__primary_category_tablets_printing_image,-0.010614701455910128,0.9894414356856839
classification,logistic_c001,3,categorical__primary_category_telephony,0.10301410509314492,1.1085070445608523
classification,logistic_c001,3,categorical__primary_category_toys,-0.07664334928191681,0.9262201317811232
classification,logistic_c001,3,categorical__primary_category_watches_gifts,0.0816637514800437,1.0850908882756203
classification,logistic_c001,3,categorical__primary_payment_type_boleto,-0.024217804622032803,0.9760730933731556
classification,logistic_c001,3,categorical__primary_payment_type_credit_card,-0.02067847055313952,0.9795338629233268
classification,logistic_c001,3,categorical__primary_payment_type_debit_card,-0.09721949797846441,0.9073568212857186
classification,logistic_c001,3,categorical__primary_payment_type_voucher,0.10119856935146543,1.10649633621029
classification,logistic_c001,3,categorical__purchase_month_10,-0.12647914017905354,0.8811925308702125
classification,logistic_c001,3,categorical__purchase_month_11,0.24515090564301356,1.2778141280187394
classification,logistic_c001,3,categorical__purchase_month_12,0.16301180616167685,1.1770505860559564
classification,logistic_c001,3,categorical__purchase_month_2,0.3036331044422616,1.3547719051002738
classification,logistic_c001,3,categorical__purchase_month_3,0.373403489101608,1.4526703582565865
classification,logistic_c001,3,categorical__purchase_month_4,-0.05893546930986619,0.942767604638364
classification,logistic_c001,3,categorical__purchase_month_5,-0.17109109272611298,0.8427448020535776
classification,logistic_c001,3,categorical__purchase_month_6,-0.22325498736261895,0.7999108561282853
classification,logistic_c001,3,categorical__purchase_month_7,-0.23224817084314955,0.7927493616149578
classification,logistic_c001,3,categorical__purchase_month_8,-0.2529839474368873,0.7764803462234583
classification,logistic_c001,3,categorical__purchase_month_9,-0.1733843297069305,0.8408144027855982
classification,logistic_c001,3,categorical__purchase_dayofweek_1,-0.035537972098150454,0.965086087190596
classification,logistic_c001,3,categorical__purchase_dayofweek_2,-0.04548637674398484,0.9555326199487971
classification,logistic_c001,3,categorical__purchase_dayofweek_3,-0.026791780500626316,0.9735639354164348
classification,logistic_c001,3,categorical__purchase_dayofweek_4,0.05088586418000905,1.0522027924009205
classification,logistic_c001,3,categorical__purchase_dayofweek_5,-0.0319395193056412,0.9685651598011656
classification,logistic_c001,3,categorical__purchase_dayofweek_6,-0.018647021899429402,0.9815257582019068
classification,logistic_c001,3,categorical__purchase_hour_1,0.05211955968114316,1.0535016913103126
classification,logistic_c001,3,categorical__purchase_hour_10,-0.03379213575707466,0.9667724411745884
classification,logistic_c001,3,categorical__purchase_hour_11,-0.047018673993861775,0.9540695811345177
classification,logistic_c001,3,categorical__purchase_hour_12,0.038256377481077505,1.0389975743160142
classification,logistic_c001,3,categorical__purchase_hour_13,-0.0828811313738578,0.9204605545989868
classification,logistic_c001,3,categorical__purchase_hour_14,-0.017542037586337794,0.9826109282051154
classification,logistic_c001,3,categorical__purchase_hour_15,-0.005090126573380012,0.9949228061684843
classification,logistic_c001,3,categorical__purchase_hour_16,-0.01436082154832635,0.9857418032035197
classification,logistic_c001,3,categorical__purchase_hour_17,-0.05574764460359286,0.9457777779038858
classification,logistic_c001,3,categorical__purchase_hour_18,0.05971131045128255,1.061530049675276
classification,logistic_c001,3,categorical__purchase_hour_19,0.04233571144821882,1.0432446491413798
classification,logistic_c001,3,categorical__purchase_hour_2,0.0013424347961843769,1.001343336265118
classification,logistic_c001,3,categorical__purchase_hour_20,0.0028940756477876385,1.0028982675276121
classification,logistic_c001,3,categorical__purchase_hour_21,0.005660814562935757,1.0056768672498273
classification,logistic_c001,3,categorical__purchase_hour_22,-0.05211705414499465,0.9492177504675056
classification,logistic_c001,3,categorical__purchase_hour_23,0.030937934633653758,1.0314214863474997
classification,logistic_c001,3,categorical__purchase_hour_3,-0.058282178100438606,0.9433837076524367
classification,logistic_c001,3,categorical__purchase_hour_4,0.05883751345064586,1.060602893034122
classification,logistic_c001,3,categorical__purchase_hour_5,-0.011610051485271344,0.9884570850915875
classification,logistic_c001,3,categorical__purchase_hour_6,0.03431093184076506,1.0349063420405995
classification,logistic_c001,3,categorical__purchase_hour_7,-0.09189760538858394,0.9121985489791664
classification,logistic_c001,3,categorical__purchase_hour_8,-0.07999841423640876,0.923117810232089
classification,logistic_c001,3,categorical__purchase_hour_9,-0.07803709289103623,0.9249301175751664
classification,logistic_c001,4,numeric__n_items,0.16131382806250155,1.1750536757739536
classification,logistic_c001,4,numeric__has_items,-0.03366183505171433,0.9668984205130164
classification,logistic_c001,4,numeric__n_products,0.03883787272870142,1.039601922163443
classification,logistic_c001,4,numeric__n_sellers,0.1570630489671541,1.1700693832414608
classification,logistic_c001,4,numeric__n_categories,-0.009091386172478292,0.9909498155240736
classification,logistic_c001,4,numeric__total_price,0.043238909373515766,1.0441873311942145
classification,logistic_c001,4,numeric__total_freight,0.019999414562398354,1.020200742762705
classification,logistic_c001,4,numeric__freight_ratio,0.0030201377102739247,1.0030247029208663
classification,logistic_c001,4,numeric__freight_ratio_missing,0.033661835051714765,1.0342348056266562
classification,logistic_c001,4,numeric__total_weight_g,0.015698103879727827,1.015821966399242
classification,logistic_c001,4,numeric__total_volume_cm3,0.026870027138159776,1.0272342815072595
classification,logistic_c001,4,numeric__weight_missing_fraction,-0.03719003969662788,0.9634930160291653
classification,logistic_c001,4,numeric__volume_missing_fraction,0.027766145412166383,1.0281552174907582
classification,logistic_c001,4,numeric__category_missing_fraction,0.03723990606200277,1.037941999548911
classification,logistic_c001,4,numeric__distance_km_max,0.07606907670540457,1.079037107911405
classification,logistic_c001,4,numeric__distance_missing_fraction,-0.03260621772883473,0.9679196341457449
classification,logistic_c001,4,numeric__interstate_share,0.08515644366535048,1.0888874029105058
classification,logistic_c001,4,numeric__payment_installments_max,0.05713133092145352,1.0587948537687288
classification,logistic_c001,4,numeric__n_payment_methods,-0.010102183840579865,0.9899486718234352
classification,logistic_c001,4,numeric__payment_missing,0.039267310203017824,1.0400484620608117
classification,logistic_c001,4,numeric__missingindicator_total_price,0.033661835051714765,1.0342348056266562
classification,logistic_c001,4,numeric__missingindicator_total_freight,0.033661835051714765,1.0342348056266562
classification,logistic_c001,4,numeric__missingindicator_freight_ratio,0.033661835051714765,1.0342348056266562
classification,logistic_c001,4,numeric__missingindicator_total_weight_g,0.026276172516749328,1.0266244347799864
classification,logistic_c001,4,numeric__missingindicator_total_volume_cm3,0.037701582993582346,1.0384213040598247
classification,logistic_c001,4,numeric__missingindicator_weight_missing_fraction,0.033661835051714765,1.0342348056266562
classification,logistic_c001,4,numeric__missingindicator_volume_missing_fraction,0.033661835051714765,1.0342348056266562
classification,logistic_c001,4,numeric__missingindicator_category_missing_fraction,0.033661835051714765,1.0342348056266562
classification,logistic_c001,4,numeric__missingindicator_distance_km_max,0.023682516607386652,1.0239651743420461
classification,logistic_c001,4,numeric__missingindicator_distance_missing_fraction,0.033661835051714765,1.0342348056266562
classification,logistic_c001,4,numeric__missingindicator_interstate_share,0.033661835051714765,1.0342348056266562
classification,logistic_c001,4,numeric__missingindicator_payment_installments_max,-0.010219744890026323,0.9898322992592519
classification,logistic_c001,4,categorical__customer_state_AL,0.12407144084335334,1.1320967460565454
classification,logistic_c001,4,categorical__customer_state_AM,-0.055028519226594984,0.946458155313987
classification,logistic_c001,4,categorical__customer_state_AP,-0.045289399714751766,0.9557208564641361
classification,logistic_c001,4,categorical__customer_state_BA,0.13207912726183257,1.1411986156163973
classification,logistic_c001,4,categorical__customer_state_CE,0.010658349486030682,1.0107153520305914
classification,logistic_c001,4,categorical__customer_state_DF,-0.022200405579577066,0.9780442098928628
classification,logistic_c001,4,categorical__customer_state_ES,0.01611341890935274,1.0162439401492658
classification,logistic_c001,4,categorical__customer_state_GO,-0.026065981485849408,0.9742708036526865
classification,logistic_c001,4,categorical__customer_state_MA,0.09486552557863695,1.0995109890801864
classification,logistic_c001,4,categorical__customer_state_MG,-0.15361500305219647,0.8576021316647037
classification,logistic_c001,4,categorical__customer_state_MS,-0.02890087581871312,0.9715127601008677
classification,logistic_c001,4,categorical__customer_state_MT,-0.10295619423124588,0.9021664927126825
classification,logistic_c001,4,categorical__customer_state_PA,0.06125696272526924,1.0631720746834001
classification,logistic_c001,4,categorical__customer_state_PB,-0.004576881768294866,0.9954335761940297
classification,logistic_c001,4,categorical__customer_state_PE,0.008644789018386055,1.0086822631143528
classification,logistic_c001,4,categorical__customer_state_PI,0.05782512140850965,1.0595296904478904
classification,logistic_c001,4,categorical__customer_state_PR,-0.16883302698783428,0.8446499253545372
classification,logistic_c001,4,categorical__customer_state_RJ,0.39017422512897365,1.47723814346968
classification,logistic_c001,4,categorical__customer_state_RN,-0.0907102748822708,0.9132822733863931
classification,logistic_c001,4,categorical__customer_state_RO,-0.0317243543735424,0.9687735834799367
classification,logistic_c001,4,categorical__customer_state_RR,-0.0047404470316446306,0.99527077115398
classification,logistic_c001,4,categorical__customer_state_RS,-0.1693528608346264,0.844210961838579
classification,logistic_c001,4,categorical__customer_state_SC,-0.016794471885456682,0.9833457690690428
classification,logistic_c001,4,categorical__customer_state_SE,0.10892371069616119,1.1150772786271452
classification,logistic_c001,4,categorical__customer_state_SP,-0.047257643498311304,0.9538416148390848
classification,logistic_c001,4,categorical__customer_state_TO,-0.04162014146405474,0.9592340846311176
classification,logistic_c001,4,categorical__primary_seller_state_AM,0.004688387597871402,1.004699395283047
classification,logistic_c001,4,categorical__primary_seller_state_BA,-0.028236432121734146,0.9721584901327196
classification,logistic_c001,4,categorical__primary_seller_state_CE,-0.002932889482373927,0.9970714072363571
classification,logistic_c001,4,categorical__primary_seller_state_DF,0.1202131845917785,1.1277372421582845
classification,logistic_c001,4,categorical__primary_seller_state_ES,0.03895227354835566,1.0397208602786319
classification,logistic_c001,4,categorical__primary_seller_state_GO,-0.09368003333493541,0.9105740689822049
classification,logistic_c001,4,categorical__primary_seller_state_MA,0.12160652442498347,1.1293096585799995
classification,logistic_c001,4,categorical__primary_seller_state_MG,-0.07407239938127516,0.928604461019082
classification,logistic_c001,4,categorical__primary_seller_state_MS,-0.01743250809344312,0.9827185589760588
classification,logistic_c001,4,categorical__primary_seller_state_MT,-0.05942287804271543,0.9423082034419883
classification,logistic_c001,4,categorical__primary_seller_state_PA,-0.006499894349047515,0.9935211842699015
classification,logistic_c001,4,categorical__primary_seller_state_PB,0.005927711660445342,1.005945315309139
classification,logistic_c001,4,categorical__primary_seller_state_PE,-0.11495822401163393,0.8914033823863209
classification,logistic_c001,4,categorical__primary_seller_state_PI,0.00021380644872965736,1.0002138293069576
classification,logistic_c001,4,categorical__primary_seller_state_PR,-0.007338896194884329,0.9926879677463986
classification,logistic_c001,4,categorical__primary_seller_state_RJ,0.04553602533019793,1.046588707638587
classification,logistic_c001,4,categorical__primary_seller_state_RN,0.006699043019033744,1.0067215317974372
classification,logistic_c001,4,categorical__primary_seller_state_RO,0.002674970042751574,1.00267855096736
classification,logistic_c001,4,categorical__primary_seller_state_RS,-0.21948587463273694,0.8029314993152431
classification,logistic_c001,4,categorical__primary_seller_state_SC,0.030922273536384815,1.0314053332817645
classification,logistic_c001,4,categorical__primary_seller_state_SE,0.0034379210043061713,1.0034438374328505
classification,logistic_c001,4,categorical__primary_seller_state_SP,0.210723438427944,1.2345708729817142
classification,logistic_c001,4,categorical__primary_seller_state_Unknown,0.0028019516389933535,1.0028058807743792
classification,logistic_c001,4,categorical__primary_category_agro_industry_and_commerce,0.01526461690344105,1.0153817162348322
classification,logistic_c001,4,categorical__primary_category_air_conditioning,0.026503361531638,1.0268576990705236
classification,logistic_c001,4,categorical__primary_category_art,0.05338295599172951,1.054833522598526
classification,logistic_c001,4,categorical__primary_category_arts_and_craftmanship,-0.008880221146256669,0.9911590915629654
classification,logistic_c001,4,categorical__primary_category_audio,0.07541380899742486,1.0783302813444822
classification,logistic_c001,4,categorical__primary_category_auto,0.05850458274068938,1.0602498445335673
classification,logistic_c001,4,categorical__primary_category_baby,0.050978211576292336,1.0522999650759135
classification,logistic_c001,4,categorical__primary_category_bed_bath_table,0.10031448963026361,1.1055185375275427
classification,logistic_c001,4,categorical__primary_category_books_general_interest,-0.10389037993985399,0.9013240952075239
classification,logistic_c001,4,categorical__primary_category_books_imported,0.026289183328004385,1.0266377920836318
classification,logistic_c001,4,categorical__primary_category_books_technical,-0.013458825516118968,0.9866313395175927
classification,logistic_c001,4,categorical__primary_category_cds_dvds_musicals,-0.00956842234521823,0.990477209350781
classification,logistic_c001,4,categorical__primary_category_christmas_supplies,-0.003099317208593772,0.9969054807169416
classification,logistic_c001,4,categorical__primary_category_cine_photo,0.009135702685837258,1.0091775605876336
classification,logistic_c001,4,categorical__primary_category_computers,-0.0016407196107890705,0.9983606256338079
classification,logistic_c001,4,categorical__primary_category_computers_accessories,0.1653320129796703,1.1797847575459273
classification,logistic_c001,4,categorical__primary_category_consoles_games,0.06919109784287322,1.0716409778614973
classification,logistic_c001,4,categorical__primary_category_construction_tools_construction,0.09418474956022384,1.0987627230965065
classification,logistic_c001,4,categorical__primary_category_construction_tools_lights,-0.03598148222921309,0.9646581566363619
classification,logistic_c001,4,categorical__primary_category_construction_tools_safety,0.0834017078611918,1.0869783686131798
classification,logistic_c001,4,categorical__primary_category_cool_stuff,-0.11281796634969644,0.8933132583896771
classification,logistic_c001,4,categorical__primary_category_costruction_tools_garden,-0.04819133119134578,0.9529514402993807
classification,logistic_c001,4,categorical__primary_category_costruction_tools_tools,-0.017451187532037685,0.9827002025165253
classification,logistic_c001,4,categorical__primary_category_diapers_and_hygiene,0.01290411721008375,1.0129877346130585
classification,logistic_c001,4,categorical__primary_category_drinks,-0.0111299993099062,0.9889317099787808
classification,logistic_c001,4,categorical__primary_category_dvds_blu_ray,0.03304812444213347,1.0336002794812742
classification,logistic_c001,4,categorical__primary_category_electronics,0.008493753558109097,1.0085299278287747
classification,logistic_c001,4,categorical__primary_category_fashio_female_clothing,0.007296945854628113,1.0073236334371545
classification,logistic_c001,4,categorical__primary_category_fashion_bags_accessories,-0.08973386107443895,0.9141744503046244
classification,logistic_c001,4,categorical__primary_category_fashion_childrens_clothes,0.0018546983916928113,1.0018564194085795
classification,logistic_c001,4,categorical__primary_category_fashion_male_clothing,0.11872742435561338,1.1260629391214805
classification,logistic_c001,4,categorical__primary_category_fashion_shoes,-0.02133182318076599,0.9788940909212543
classification,logistic_c001,4,categorical__primary_category_fashion_sport,0.006802137168147097,1.0068253242472571
classification,logistic_c001,4,categorical__primary_category_fashion_underwear_beach,0.050920112102564245,1.052238828777749
classification,logistic_c001,4,categorical__primary_category_fixed_telephony,0.09110190643837354,1.0953806259091872
classification,logistic_c001,4,categorical__primary_category_flowers,-0.01090995368311108,0.9891493440205921
classification,logistic_c001,4,categorical__primary_category_food,-0.032395766004815696,0.968123355937512
classification,logistic_c001,4,categorical__primary_category_food_drink,-0.08160476216178618,0.9216361522004964
classification,logistic_c001,4,categorical__primary_category_furniture_bedroom,0.046143798266437996,1.047224989268255
classification,logistic_c001,4,categorical__primary_category_furniture_decor,0.060206742456874546,1.0620560959360998
classification,logistic_c001,4,categorical__primary_category_furniture_living_room,0.021456903870781932,1.0216887585578298
classification,logistic_c001,4,categorical__primary_category_furniture_mattress_and_upholstery,0.02334826445308896,1.0236229689712237
classification,logistic_c001,4,categorical__primary_category_garden_tools,-0.11657465211413305,0.8899636568282758
classification,logistic_c001,4,categorical__primary_category_health_beauty,-0.06099577083922564,0.9408272186771647
classification,logistic_c001,4,categorical__primary_category_home_appliances,-0.016316309317902143,0.9838160806405081
classification,logistic_c001,4,categorical__primary_category_home_appliances_2,-0.042415951311745075,0.9584710203676272
classification,logistic_c001,4,categorical__primary_category_home_comfort_2,0.008332796424710938,1.0083676108060369
classification,logistic_c001,4,categorical__primary_category_home_confort,0.007706988417369157,1.0077367636960253
classification,logistic_c001,4,categorical__primary_category_home_construction,0.06244255688044278,1.0644333127916168
classification,logistic_c001,4,categorical__primary_category_housewares,-0.05834810840228937,0.9433215121301374
classification,logistic_c001,4,categorical__primary_category_industry_commerce_and_business,-0.07510923810657126,0.9276421469218857
classification,logistic_c001,4,categorical__primary_category_kitchen_dining_laundry_garden_furniture,-0.01254378452721832,0.9875345608134168
classification,logistic_c001,4,categorical__primary_category_la_cuisine,-0.005276866136195011,0.994737032064853
classification,logistic_c001,4,categorical__primary_category_luggage_accessories,-0.1681536849890646,0.8452239264725463
classification,logistic_c001,4,categorical__primary_category_market_place,-0.009499509718020483,0.9905454680893743
classification,logistic_c001,4,categorical__primary_category_music,-0.02048741365348581,0.9797210275052558
classification,logistic_c001,4,categorical__primary_category_musical_instruments,-0.03467927404947689,0.9659151606414017
classification,logistic_c001,4,categorical__primary_category_office_furniture,0.16992672041245951,1.1852179958521563
classification,logistic_c001,4,categorical__primary_category_party_supplies,0.018594289874256154,1.0187682401702587
classification,logistic_c001,4,categorical__primary_category_perfumery,-0.04469020003655505,0.9562936956991785
classification,logistic_c001,4,categorical__primary_category_pet_shop,-0.12041503650607033,0.8865524087357467
classification,logistic_c001,4,categorical__primary_category_security_and_services,-0.0016426976583375082,0.9983586508309731
classification,logistic_c001,4,categorical__primary_category_signaling_and_security,-0.016580111685675844,0.9835565818586827
classification,logistic_c001,4,categorical__primary_category_small_appliances,-0.004833525530535896,0.9951781371557943
classification,logistic_c001,4,categorical__primary_category_small_appliances_home_oven_and_coffee,-0.022891114646039958,0.9773688991381668
classification,logistic_c001,4,categorical__primary_category_sports_leisure,-0.0741814405731462,0.9285032104022201
classification,logistic_c001,4,categorical__primary_category_stationery,-0.17378944804077456,0.8404738424439464
classification,logistic_c001,4,categorical__primary_category_tablets_printing_image,-0.0006458975169132709,0.9993543110299855
classification,logistic_c001,4,categorical__primary_category_telephony,0.12391050261394551,1.1319145630712135
classification,logistic_c001,4,categorical__primary_category_toys,-0.08025292692242732,0.9228828949344251
classification,logistic_c001,4,categorical__primary_category_watches_gifts,0.056626237462378284,1.0582601984504065
classification,logistic_c001,4,categorical__primary_payment_type_boleto,-0.033672599272221514,0.9668880126612264
classification,logistic_c001,4,categorical__primary_payment_type_credit_card,-0.05608495758807259,0.9454588085782385
classification,logistic_c001,4,categorical__primary_payment_type_debit_card,-0.026990464614717356,0.9733705229430448
classification,logistic_c001,4,categorical__primary_payment_type_voucher,0.09629365379663479,1.1010823535375787
classification,logistic_c001,4,categorical__purchase_month_10,-0.1202258255406169,0.8867201700435677
classification,logistic_c001,4,categorical__purchase_month_11,0.23962910125571907,1.2707777330373258
classification,logistic_c001,4,categorical__purchase_month_12,0.13541903134078614,1.1450164816317185
classification,logistic_c001,4,categorical__purchase_month_2,0.3346640672906016,1.397470850191785
classification,logistic_c001,4,categorical__purchase_month_3,0.3914732625076709,1.4791583779934627
classification,logistic_c001,4,categorical__purchase_month_4,-0.04085147219986809,0.9599717018446556
classification,logistic_c001,4,categorical__purchase_month_5,-0.17901038726467144,0.8360972145888709
classification,logistic_c001,4,categorical__purchase_month_6,-0.22082196060324225,0.8018594301514973
classification,logistic_c001,4,categorical__purchase_month_7,-0.23825280631129422,0.7880034536641838
classification,logistic_c001,4,categorical__purchase_month_8,-0.23413933411805454,0.791251559876295
classification,logistic_c001,4,categorical__purchase_month_9,-0.1632892774663402,0.8493454563722657
classification,logistic_c001,4,categorical__purchase_dayofweek_1,-0.018918561956732697,0.9812592708239164
classification,logistic_c001,4,categorical__purchase_dayofweek_2,-0.0654888825779758,0.9366094593843788
classification,logistic_c001,4,categorical__purchase_dayofweek_3,-0.03586884219977245,0.9647668218794389
classification,logistic_c001,4,categorical__purchase_dayofweek_4,0.0530237056330118,1.0544546413378344
classification,logistic_c001,4,categorical__purchase_dayofweek_5,-0.02857734970828357,0.971827120694564
classification,logistic_c001,4,categorical__purchase_dayofweek_6,0.005602032646263136,1.0056177533734474
classification,logistic_c001,4,categorical__purchase_hour_1,0.09054058762718677,1.094765940691782
classification,logistic_c001,4,categorical__purchase_hour_10,-0.056171311692571106,0.94537716785454
classification,logistic_c001,4,categorical__purchase_hour_11,-0.018895154658092415,0.981282239721531
classification,logistic_c001,4,categorical__purchase_hour_12,0.015736026887421744,1.0158604901539532
classification,logistic_c001,4,categorical__purchase_hour_13,-0.050092593576674865,0.9511413508436515
classification,logistic_c001,4,categorical__purchase_hour_14,-0.014927131708378095,0.9851837256425892
classification,logistic_c001,4,categorical__purchase_hour_15,-0.035904997877073234,0.9647319407121363
classification,logistic_c001,4,categorical__purchase_hour_16,-0.036491180379406955,0.9641665974424029
classification,logistic_c001,4,categorical__purchase_hour_17,-0.03562868561635796,0.9649985448069526
classification,logistic_c001,4,categorical__purchase_hour_18,0.053901022304382123,1.0553801378913
classification,logistic_c001,4,categorical__purchase_hour_19,0.03945003325817152,1.0402385202567856
classification,logistic_c001,4,categorical__purchase_hour_2,0.001189820396682324,1.0011905285137868
classification,logistic_c001,4,categorical__purchase_hour_20,-0.032694364745553914,0.9678343186777782
classification,logistic_c001,4,categorical__purchase_hour_21,0.02715014578254862,1.0275220692871447
classification,logistic_c001,4,categorical__purchase_hour_22,-0.1041810801162787,0.9010621182142552
classification,logistic_c001,4,categorical__purchase_hour_23,0.04824954608986805,1.0494325044294623
classification,logistic_c001,4,categorical__purchase_hour_3,-0.08350141959185749,0.9198897808022669
classification,logistic_c001,4,categorical__purchase_hour_4,0.05178821445706417,1.0531526763817458
classification,logistic_c001,4,categorical__purchase_hour_5,-0.010446051056044587,0.9896083194515671
classification,logistic_c001,4,categorical__purchase_hour_6,0.06175076263753435,1.063697198603004
classification,logistic_c001,4,categorical__purchase_hour_7,-0.0714401722368987,0.9310519786858251
classification,logistic_c001,4,categorical__purchase_hour_8,-0.0801570270181432,0.9229714035596313
classification,logistic_c001,4,categorical__purchase_hour_9,-0.06268725956587314,0.939237165200927
classification,logistic_c01,0,numeric__n_items,0.15529147044346447,1.1679983484928849
classification,logistic_c01,0,numeric__has_items,-0.04472204114320451,0.9562632467343926
classification,logistic_c01,0,numeric__n_products,0.038079179324769286,1.0388134821723127
classification,logistic_c01,0,numeric__n_sellers,0.1632048845812678,1.1772778710640996
classification,logistic_c01,0,numeric__n_categories,0.014153624193600087,1.0142542609636518
classification,logistic_c01,0,numeric__total_price,0.04127807999906457,1.0421418640641722
classification,logistic_c01,0,numeric__total_freight,0.019624765751855053,1.0198185973575442
classification,logistic_c01,0,numeric__freight_ratio,0.01033527318928282,1.0103888666002827
classification,logistic_c01,0,numeric__freight_ratio_missing,0.044722041143204584,1.045737147605502
classification,logistic_c01,0,numeric__total_weight_g,-0.004060143015018535,0.9959480882218649
classification,logistic_c01,0,numeric__total_volume_cm3,0.0429795541760547,1.0439165508984027
classification,logistic_c01,0,numeric__weight_missing_fraction,-0.06210315977446848,0.939785933685377
classification,logistic_c01,0,numeric__volume_missing_fraction,0.031873739464804166,1.032387147322007
classification,logistic_c01,0,numeric__category_missing_fraction,0.06029348505976964,1.0621482254420007
classification,logistic_c01,0,numeric__distance_km_max,0.0627431361308224,1.0647533074483224
classification,logistic_c01,0,numeric__distance_missing_fraction,0.10268994215499529,1.1081477658958878
classification,logistic_c01,0,numeric__interstate_share,0.08505205337981701,1.0887737395763795
classification,logistic_c01,0,numeric__payment_installments_max,0.0585762773337352,1.060325861439666
classification,logistic_c01,0,numeric__n_payment_methods,-0.02932218340164446,0.9711035406178115
classification,logistic_c01,0,numeric__payment_missing,0.025920538783055964,1.0262593974127932
classification,logistic_c01,0,numeric__missingindicator_total_price,0.044722041143204584,1.045737147605502
classification,logistic_c01,0,numeric__missingindicator_total_freight,0.044722041143204584,1.045737147605502
classification,logistic_c01,0,numeric__missingindicator_freight_ratio,0.044722041143204584,1.045737147605502
classification,logistic_c01,0,numeric__missingindicator_total_weight_g,0.03361756968862404,1.0341890258607005
classification,logistic_c01,0,numeric__missingindicator_total_volume_cm3,0.04883031937065037,1.0500421638078217
classification,logistic_c01,0,numeric__missingindicator_weight_missing_fraction,0.044722041143204584,1.045737147605502
classification,logistic_c01,0,numeric__missingindicator_volume_missing_fraction,0.044722041143204584,1.045737147605502
classification,logistic_c01,0,numeric__missingindicator_category_missing_fraction,0.044722041143204584,1.045737147605502
classification,logistic_c01,0,numeric__missingindicator_distance_km_max,-0.14910328221639094,0.8614801347263114
classification,logistic_c01,0,numeric__missingindicator_distance_missing_fraction,0.044722041143204584,1.045737147605502
classification,logistic_c01,0,numeric__missingindicator_interstate_share,0.044722041143204584,1.045737147605502
classification,logistic_c01,0,numeric__missingindicator_payment_installments_max,-0.026318708771789483,0.9740246099479525
classification,logistic_c01,0,categorical__customer_state_AL,0.4244577245842055,1.528761185239602
classification,logistic_c01,0,categorical__customer_state_AM,-0.26510802375217757,0.7671230779865985
classification,logistic_c01,0,categorical__customer_state_AP,-0.3571854182578531,0.699642759165509
classification,logistic_c01,0,categorical__customer_state_BA,0.19070935391744392,1.2101076879053754
classification,logistic_c01,0,categorical__customer_state_CE,0.013827724192882243,1.0139237693558083
classification,logistic_c01,0,categorical__customer_state_DF,0.0327494280023291,1.0332915928617046
classification,logistic_c01,0,categorical__customer_state_ES,0.08324491591163484,1.086807952515924
classification,logistic_c01,0,categorical__customer_state_GO,-0.13033110346047536,0.8778047386120262
classification,logistic_c01,0,categorical__customer_state_MA,0.04934656966995869,1.0505843883389197
classification,logistic_c01,0,categorical__customer_state_MG,-0.16932468508969373,0.8442347484464103
classification,logistic_c01,0,categorical__customer_state_MS,-0.0018001451350282837,0.9982014741544275
classification,logistic_c01,0,categorical__customer_state_MT,-0.04913136255930113,0.9520560569635066
classification,logistic_c01,0,categorical__customer_state_PA,0.1090304509820138,1.1151963086471497
classification,logistic_c01,0,categorical__customer_state_PB,0.0570544788336668,1.0587134863003487
classification,logistic_c01,0,categorical__customer_state_PE,-0.05071704897807828,0.9505475908972163
classification,logistic_c01,0,categorical__customer_state_PI,0.08069285711740402,1.0840378909065627
classification,logistic_c01,0,categorical__customer_state_PR,-0.23460695762074837,0.790881638549048
classification,logistic_c01,0,categorical__customer_state_RJ,0.42027339961566107,1.5223777162094714
classification,logistic_c01,0,categorical__customer_state_RN,-0.2600108930126978,0.7710431867745969
classification,logistic_c01,0,categorical__customer_state_RO,-0.222778281010894,0.8002922696181091
classification,logistic_c01,0,categorical__customer_state_RR,0.12533781577990882,1.133531313159701
classification,logistic_c01,0,categorical__customer_state_RS,-0.19181261825413481,0.8254615304235338
classification,logistic_c01,0,categorical__customer_state_SC,0.03467996564650136,1.0352883279451044
classification,logistic_c01,0,categorical__customer_state_SE,0.2820807636895728,1.3258857990917687
classification,logistic_c01,0,categorical__customer_state_SP,-0.033086329545207856,0.967455036030539
classification,logistic_c01,0,categorical__customer_state_TO,-0.2229027117659151,0.8001926948419736
classification,logistic_c01,0,categorical__primary_seller_state_BA,-0.0673387666630754,0.9348784420358706
classification,logistic_c01,0,categorical__primary_seller_state_CE,0.09715897894581753,1.1020355601467626
classification,logistic_c01,0,categorical__primary_seller_state_DF,0.180195683450013,1.1974516616692676
classification,logistic_c01,0,categorical__primary_seller_state_ES,0.1048955303151548,1.1105945808291766
classification,logistic_c01,0,categorical__primary_seller_state_GO,-0.22146178726772808,0.8013465432037865
classification,logistic_c01,0,categorical__primary_seller_state_MA,0.45512257048909116,1.5763665872167658
classification,logistic_c01,0,categorical__primary_seller_state_MG,-0.05011915472722042,0.9511160877705512
classification,logistic_c01,0,categorical__primary_seller_state_MS,-0.10025506094679706,0.9046066587775065
classification,logistic_c01,0,categorical__primary_seller_state_MT,-0.43240736058410284,0.6489449682327031
classification,logistic_c01,0,categorical__primary_seller_state_PA,-0.03799410535759112,0.9627186157564541
classification,logistic_c01,0,categorical__primary_seller_state_PB,0.017632612499320854,1.0177889847427486
classification,logistic_c01,0,categorical__primary_seller_state_PE,-0.4771389675784561,0.6205562860966974
classification,logistic_c01,0,categorical__primary_seller_state_PI,-0.011728311640563878,0.9883401969149477
classification,logistic_c01,0,categorical__primary_seller_state_PR,-0.023060069120413376,0.9772037822385563
classification,logistic_c01,0,categorical__primary_seller_state_RJ,0.10119354704611079,1.1064907790617704
classification,logistic_c01,0,categorical__primary_seller_state_RN,-0.08786458579973748,0.915884892146614
classification,logistic_c01,0,categorical__primary_seller_state_RO,0.02126843883216518,1.0214962240900716
classification,logistic_c01,0,categorical__primary_seller_state_RS,-0.2908979098791034,0.7475919958796156
classification,logistic_c01,0,categorical__primary_seller_state_SC,-0.02275301381865714,0.977503883912336
classification,logistic_c01,0,categorical__primary_seller_state_SE,0.009505491945291471,1.0095508126184638
classification,logistic_c01,0,categorical__primary_seller_state_SP,0.23000968263730545,1.2586121965558859
classification,logistic_c01,0,categorical__primary_seller_state_Unknown,-0.0005283918609200514,0.9994717477134749
classification,logistic_c01,0,categorical__primary_category_agro_industry_and_commerce,0.0955011731510104,1.1002101127457837
classification,logistic_c01,0,categorical__primary_category_air_conditioning,0.09800382348386473,1.1029670022769822
classification,logistic_c01,0,categorical__primary_category_art,0.13595974604641975,1.1456357762973073
classification,logistic_c01,0,categorical__primary_category_arts_and_craftmanship,0.028362139949870625,1.0287681750258222
classification,logistic_c01,0,categorical__primary_category_audio,0.5374531346951592,1.711641984581761
classification,logistic_c01,0,categorical__primary_category_auto,0.015958282683236888,1.0160862961280432
classification,logistic_c01,0,categorical__primary_category_baby,0.11590499130557697,1.1228891828298868
classification,logistic_c01,0,categorical__primary_category_bed_bath_table,0.06233065090910005,1.0643142030124912
classification,logistic_c01,0,categorical__primary_category_books_general_interest,-0.3705175564617568,0.6903769291168871
classification,logistic_c01,0,categorical__primary_category_books_imported,0.024701923176734877,1.0250095433954496
classification,logistic_c01,0,categorical__primary_category_books_technical,-0.10383861230117747,0.9013707558353599
classification,logistic_c01,0,categorical__primary_category_cds_dvds_musicals,-0.06256345124384467,0.9393534577771832
classification,logistic_c01,0,categorical__primary_category_christmas_supplies,-0.051029769190778174,0.9502503819264579
classification,logistic_c01,0,categorical__primary_category_cine_photo,0.0773095655383535,1.080376471955424
classification,logistic_c01,0,categorical__primary_category_computers,0.0011564342374384554,1.0011571031653435
classification,logistic_c01,0,categorical__primary_category_computers_accessories,0.2060277153184358,1.2287872597535707
classification,logistic_c01,0,categorical__primary_category_consoles_games,0.0175076452407683,1.0176618023905208
classification,logistic_c01,0,categorical__primary_category_construction_tools_construction,0.09467088645737391,1.0992970020532518
classification,logistic_c01,0,categorical__primary_category_construction_tools_lights,-0.1787910103987826,0.8362806550959518
classification,logistic_c01,0,categorical__primary_category_construction_tools_safety,0.3109308195484753,1.3646948077174246
classification,logistic_c01,0,categorical__primary_category_cool_stuff,-0.18641969790436375,0.8299252040086649
classification,logistic_c01,0,categorical__primary_category_costruction_tools_garden,-0.10972873546741875,0.8960771762872198
classification,logistic_c01,0,categorical__primary_category_costruction_tools_tools,-0.15232751203194916,0.8587069978081642
classification,logistic_c01,0,categorical__primary_category_diapers_and_hygiene,0.08918299442073513,1.0932807022909408
classification,logistic_c01,0,categorical__primary_category_drinks,0.04462783091406562,1.0456386331098164
classification,logistic_c01,0,categorical__primary_category_dvds_blu_ray,0.3216912425159297,1.379458791971771
classification,logistic_c01,0,categorical__primary_category_electronics,-0.045076166819695514,0.9559246693182558
classification,logistic_c01,0,categorical__primary_category_fashio_female_clothing,-0.15811169077361104,0.8537544201514028
classification,logistic_c01,0,categorical__primary_category_fashion_bags_accessories,-0.15941944983202233,0.8526386448164615
classification,logistic_c01,0,categorical__primary_category_fashion_childrens_clothes,-0.02821102801893049,0.9721831872606472
classification,logistic_c01,0,categorical__primary_category_fashion_male_clothing,0.601767088782683,1.8253414926364548
classification,logistic_c01,0,categorical__primary_category_fashion_shoes,-0.13694495299715267,0.8720182268007645
classification,logistic_c01,0,categorical__primary_category_fashion_sport,-0.006347815851290559,0.9936722889686916
classification,logistic_c01,0,categorical__primary_category_fashion_underwear_beach,0.1940051292075198,1.2141025103239882
classification,logistic_c01,0,categorical__primary_category_fixed_telephony,0.2726013863303553,1.3133766105974165
classification,logistic_c01,0,categorical__primary_category_flowers,-0.17570496705608554,0.8388654397716228
classification,logistic_c01,0,categorical__primary_category_food,0.02291177920534837,1.023176270141836
classification,logistic_c01,0,categorical__primary_category_food_drink,-0.43252994728298944,0.648865421087099
classification,logistic_c01,0,categorical__primary_category_furniture_bedroom,0.13932960611661518,1.1495029207631062
classification,logistic_c01,0,categorical__primary_category_furniture_decor,0.007996003218871284,1.0080280566287083
classification,logistic_c01,0,categorical__primary_category_furniture_living_room,0.022685882776687472,1.0229451643804863
classification,logistic_c01,0,categorical__primary_category_furniture_mattress_and_upholstery,0.05932875320138868,1.0611240313263757
classification,logistic_c01,0,categorical__primary_category_garden_tools,-0.13510211650264253,0.8736266954301334
classification,logistic_c01,0,categorical__primary_category_health_beauty,-0.10417286211038222,0.9010695231784828
classification,logistic_c01,0,categorical__primary_category_home_appliances,-0.03999139594212694,0.9607977058758251
classification,logistic_c01,0,categorical__primary_category_home_appliances_2,-0.19319780720165833,0.8243189017959597
classification,logistic_c01,0,categorical__primary_category_home_comfort_2,0.051743052244757545,1.053105114750986
classification,logistic_c01,0,categorical__primary_category_home_confort,0.16827305357572236,1.18325965982206
classification,logistic_c01,0,categorical__primary_category_home_construction,0.040768209850430136,1.0416106424755671
classification,logistic_c01,0,categorical__primary_category_housewares,-0.0721800648896223,0.9303633549527272
classification,logistic_c01,0,categorical__primary_category_industry_commerce_and_business,-0.3407994895315464,0.7112014972560132
classification,logistic_c01,0,categorical__primary_category_kitchen_dining_laundry_garden_furniture,-0.0451007358273092,0.9559011834862902
classification,logistic_c01,0,categorical__primary_category_la_cuisine,-0.045893544092270845,0.9551436374615897
classification,logistic_c01,0,categorical__primary_category_luggage_accessories,-0.2857235907537683,0.7514703005819364
classification,logistic_c01,0,categorical__primary_category_market_place,-0.07550561447106925,0.9272745243633936
classification,logistic_c01,0,categorical__primary_category_music,-0.20454966366915553,0.815014264313604
classification,logistic_c01,0,categorical__primary_category_musical_instruments,-0.07042002534288232,0.9320022731075864
classification,logistic_c01,0,categorical__primary_category_office_furniture,0.2923449108603415,1.3395649684745439
classification,logistic_c01,0,categorical__primary_category_party_supplies,0.19446819382732608,1.2146648484307294
classification,logistic_c01,0,categorical__primary_category_perfumery,-0.07581408784148494,0.9269885289788106
classification,logistic_c01,0,categorical__primary_category_pet_shop,-0.21178671455663634,0.8091372563621714
classification,logistic_c01,0,categorical__primary_category_security_and_services,0.053553793436257165,1.0550137430556916
classification,logistic_c01,0,categorical__primary_category_signaling_and_security,-0.22194850161111443,0.8009566112476217
classification,logistic_c01,0,categorical__primary_category_small_appliances,-0.0005674961915590884,0.9994326648039484
classification,logistic_c01,0,categorical__primary_category_small_appliances_home_oven_and_coffee,-0.020238457004606875,0.9799649659328865
classification,logistic_c01,0,categorical__primary_category_sports_leisure,-0.07863090890418542,0.9243810423012858
classification,logistic_c01,0,categorical__primary_category_stationery,-0.3038974528272001,0.7379365358761418
classification,logistic_c01,0,categorical__primary_category_tablets_printing_image,-0.008791432298388099,0.9912470993437568
classification,logistic_c01,0,categorical__primary_category_telephony,0.1180232923230802,1.1252703212219715
classification,logistic_c01,0,categorical__primary_category_toys,-0.11675926119029784,0.8897993766240434
classification,logistic_c01,0,categorical__primary_category_watches_gifts,0.08086103376689115,1.0842202160979626
classification,logistic_c01,0,categorical__primary_payment_type_boleto,-0.17337317930738763,0.8408237782544006
classification,logistic_c01,0,categorical__primary_payment_type_credit_card,-0.19302552609144852,0.824460928605445
classification,logistic_c01,0,categorical__primary_payment_type_debit_card,-0.19611183623023656,0.8219203090690544
classification,logistic_c01,0,categorical__primary_payment_type_voucher,-0.016810972586833263,0.983329543308026
classification,logistic_c01,0,categorical__purchase_month_10,-0.18744073734050676,0.829078250106571
classification,logistic_c01,0,categorical__purchase_month_11,0.23124406023156782,1.2601667585120147
classification,logistic_c01,0,categorical__purchase_month_12,0.08065320990821502,1.083994912681522
classification,logistic_c01,0,categorical__purchase_month_2,0.2907388484244459,1.337415270235115
classification,logistic_c01,0,categorical__purchase_month_3,0.3515785465274727,1.4213093816977511
classification,logistic_c01,0,categorical__purchase_month_4,-0.10751181349309928,0.8980659130926689
classification,logistic_c01,0,categorical__purchase_month_5,-0.24483011411754818,0.7828375199885873
classification,logistic_c01,0,categorical__purchase_month_6,-0.3180592246387946,0.7275596976782949
classification,logistic_c01,0,categorical__purchase_month_7,-0.3226897159715158,0.7241985267462886
classification,logistic_c01,0,categorical__purchase_month_8,-0.3287809406724062,0.7198006785304433
classification,logistic_c01,0,categorical__purchase_month_9,-0.2716423755970432,0.7621267674896648
classification,logistic_c01,0,categorical__purchase_dayofweek_1,0.02047723001027721,1.0206883269158782
classification,logistic_c01,0,categorical__purchase_dayofweek_2,-0.03429751254981623,0.9662839802577587
classification,logistic_c01,0,categorical__purchase_dayofweek_3,-0.011974929295364152,0.9880964848265268
classification,logistic_c01,0,categorical__purchase_dayofweek_4,0.07007224626553449,1.072585668764125
classification,logistic_c01,0,categorical__purchase_dayofweek_5,-0.018276137263911755,0.9818898585404258
classification,logistic_c01,0,categorical__purchase_dayofweek_6,0.03222846631406363,1.032753427722898
classification,logistic_c01,0,categorical__purchase_hour_1,0.07540198871246949,1.078317535248612
classification,logistic_c01,0,categorical__purchase_hour_10,-0.1021790671715506,0.9028678631982134
classification,logistic_c01,0,categorical__purchase_hour_11,-0.12800582897717355,0.879848250514328
classification,logistic_c01,0,categorical__purchase_hour_12,-0.07019165022007039,0.9322151435473996
classification,logistic_c01,0,categorical__purchase_hour_13,-0.132082778349615,0.8762684560204739
classification,logistic_c01,0,categorical__purchase_hour_14,-0.1317621693168241,0.876549440643321
classification,logistic_c01,0,categorical__purchase_hour_15,-0.07431582343884559,0.9283784438634254
classification,logistic_c01,0,categorical__purchase_hour_16,-0.1169466739802985,0.8896326324658115
classification,logistic_c01,0,categorical__purchase_hour_17,-0.12998136136315522,0.878111797574939
classification,logistic_c01,0,categorical__purchase_hour_18,-0.03792685205055907,0.9627833639443455
classification,logistic_c01,0,categorical__purchase_hour_19,-0.04703177765097736,0.9540570794157713
classification,logistic_c01,0,categorical__purchase_hour_2,0.014361873725188557,1.014465500932958
classification,logistic_c01,0,categorical__purchase_hour_20,-0.10622896314831083,0.8992187365508073
classification,logistic_c01,0,categorical__purchase_hour_21,-0.09831411458539002,0.9063641568333457
classification,logistic_c01,0,categorical__purchase_hour_22,-0.22447919846016204,0.798932195546966
classification,logistic_c01,0,categorical__purchase_hour_23,-0.08875851704844807,0.9150665198600799
classification,logistic_c01,0,categorical__purchase_hour_3,-0.32107286158489284,0.7253703974278765
classification,logistic_c01,0,categorical__purchase_hour_4,0.05311810644380619,1.0545541874094635
classification,logistic_c01,0,categorical__purchase_hour_5,-0.06172163269750609,0.9401445558733137
classification,logistic_c01,0,categorical__purchase_hour_6,-0.011994363785381093,0.9880772818618572
classification,logistic_c01,0,categorical__purchase_hour_7,-0.1862034568601145,0.830104687306557
classification,logistic_c01,0,categorical__purchase_hour_8,-0.16639967474525338,0.8467077588460612
classification,logistic_c01,0,categorical__purchase_hour_9,-0.14872396580266414,0.8618069702646359
classification,logistic_c01,1,numeric__n_items,0.1599570179911627,1.1734604322211701
classification,logistic_c01,1,numeric__has_items,-0.0411190632823354,0.9597148563441363
classification,logistic_c01,1,numeric__n_products,0.03446168619013355,1.035062370433535
classification,logistic_c01,1,numeric__n_sellers,0.17958685228368168,1.1967228376653656
classification,logistic_c01,1,numeric__n_categories,-0.006743637769161489,0.9932790495290656
classification,logistic_c01,1,numeric__total_price,0.04231086989616771,1.043218733647018
classification,logistic_c01,1,numeric__total_freight,0.03618248565753043,1.0368450385765995
classification,logistic_c01,1,numeric__freight_ratio,0.014048734921371089,1.0141478821514596
classification,logistic_c01,1,numeric__freight_ratio_missing,0.04111906328233216,1.0419761592618453
classification,logistic_c01,1,numeric__total_weight_g,0.016530053262910998,1.0166674305005157
classification,logistic_c01,1,numeric__total_volume_cm3,0.009282139477665015,1.0093253521327865
classification,logistic_c01,1,numeric__weight_missing_fraction,-0.06396117016762567,0.938041422814778
classification,logistic_c01,1,numeric__volume_missing_fraction,0.045409268917677624,1.0464560542161359
classification,logistic_c01,1,numeric__category_missing_fraction,0.051862018777458885,1.0532304064676707
classification,logistic_c01,1,numeric__distance_km_max,0.06116745168322278,1.0630769133021813
classification,logistic_c01,1,numeric__distance_missing_fraction,0.08469595817500242,1.0883861014907161
classification,logistic_c01,1,numeric__interstate_share,0.08226711856127152,1.085745793952141
classification,logistic_c01,1,numeric__payment_installments_max,0.05795079201232188,1.059662850550826
classification,logistic_c01,1,numeric__n_payment_methods,-0.024726798716993296,0.9755764043489924
classification,logistic_c01,1,numeric__payment_missing,-0.003445343958366858,0.9965605844287303
classification,logistic_c01,1,numeric__missingindicator_total_price,0.04111906328233216,1.0419761592618453
classification,logistic_c01,1,numeric__missingindicator_total_freight,0.04111906328233216,1.0419761592618453
classification,logistic_c01,1,numeric__missingindicator_freight_ratio,0.04111906328233216,1.0419761592618453
classification,logistic_c01,1,numeric__missingindicator_total_weight_g,0.027958161003241458,1.0283526582778098
classification,logistic_c01,1,numeric__missingindicator_total_volume_cm3,0.04831017472698014,1.0494961320207545
classification,logistic_c01,1,numeric__missingindicator_weight_missing_fraction,0.04111906328233216,1.0419761592618453
classification,logistic_c01,1,numeric__missingindicator_volume_missing_fraction,0.04111906328233216,1.0419761592618453
classification,logistic_c01,1,numeric__missingindicator_category_missing_fraction,0.04111906328233216,1.0419761592618453
classification,logistic_c01,1,numeric__missingindicator_distance_km_max,-0.11337378723700485,0.8928168741848884
classification,logistic_c01,1,numeric__missingindicator_distance_missing_fraction,0.04111906328233216,1.0419761592618453
classification,logistic_c01,1,numeric__missingindicator_interstate_share,0.04111906328233216,1.0419761592618453
classification,logistic_c01,1,numeric__missingindicator_payment_installments_max,-0.003445343958366858,0.9965605844287303
classification,logistic_c01,1,categorical__customer_state_AL,0.4606053038969024,1.5850331214057993
classification,logistic_c01,1,categorical__customer_state_AM,-0.17833188382389176,0.8366647019250798
classification,logistic_c01,1,categorical__customer_state_AP,-0.3087010583656789,0.7344002800342477
classification,logistic_c01,1,categorical__customer_state_BA,0.154025966467864,1.1665211768198256
classification,logistic_c01,1,categorical__customer_state_CE,0.0952554361143693,1.0999397835892981
classification,logistic_c01,1,categorical__customer_state_DF,-0.014764209438282149,0.9853442470875364
classification,logistic_c01,1,categorical__customer_state_ES,-0.024057953490220208,0.9762291322330251
classification,logistic_c01,1,categorical__customer_state_GO,-0.12013002111643985,0.8868051258283699
classification,logistic_c01,1,categorical__customer_state_MA,0.1269298664440835,1.1353373897409127
classification,logistic_c01,1,categorical__customer_state_MG,-0.19995406146273031,0.8187683652351131
classification,logistic_c01,1,categorical__customer_state_MS,-0.06849584384010599,0.933797341106516
classification,logistic_c01,1,categorical__customer_state_MT,-0.16939673339916836,0.8441739249511263
classification,logistic_c01,1,categorical__customer_state_PA,0.19082286977394528,1.2102450621129546
classification,logistic_c01,1,categorical__customer_state_PB,0.036922242106140445,1.037612335151399
classification,logistic_c01,1,categorical__customer_state_PE,0.03994530138311586,1.0407538448395943
classification,logistic_c01,1,categorical__customer_state_PI,0.14195254933149862,1.1525219593020635
classification,logistic_c01,1,categorical__customer_state_PR,-0.21807438716319671,0.8040656272808386
classification,logistic_c01,1,categorical__customer_state_RJ,0.38203551061895114,1.4652641166448277
classification,logistic_c01,1,categorical__customer_state_RN,-0.3013027790200631,0.7398537266438463
classification,logistic_c01,1,categorical__customer_state_RO,-0.14717763898139463,0.8631406363736036
classification,logistic_c01,1,categorical__customer_state_RR,-0.022868166560463078,0.9773913281406548
classification,logistic_c01,1,categorical__customer_state_RS,-0.19471013002212068,0.823073207692666
classification,logistic_c01,1,categorical__customer_state_SC,0.030012371541810596,1.030467282343726
classification,logistic_c01,1,categorical__customer_state_SE,0.13295116389850561,1.1421942166561347
classification,logistic_c01,1,categorical__customer_state_SP,-0.08389438925589567,0.9195283630419119
classification,logistic_c01,1,categorical__customer_state_TO,-0.2938802416224743,0.7453657498913288
classification,logistic_c01,1,categorical__primary_seller_state_AM,0.024149055480712844,1.0244430053555134
classification,logistic_c01,1,categorical__primary_seller_state_BA,-0.126685743792227,0.8810104921150131
classification,logistic_c01,1,categorical__primary_seller_state_CE,0.02915749935864682,1.0295867409571842
classification,logistic_c01,1,categorical__primary_seller_state_DF,0.20621425320002781,1.2290164965059367
classification,logistic_c01,1,categorical__primary_seller_state_ES,0.0912691457275435,1.095563831905628
classification,logistic_c01,1,categorical__primary_seller_state_GO,-0.3292419962558155,0.7194688869017339
classification,logistic_c01,1,categorical__primary_seller_state_MA,0.5398540022778174,1.7157563473794704
classification,logistic_c01,1,categorical__primary_seller_state_MG,-0.0956032365171172,0.9088245329310288
classification,logistic_c01,1,categorical__primary_seller_state_MS,-0.02692448982193804,0.973434742980022
classification,logistic_c01,1,categorical__primary_seller_state_MT,-0.315592744963693,0.7293564237683645
classification,logistic_c01,1,categorical__primary_seller_state_PA,-0.03889792218484752,0.9618488875683119
classification,logistic_c01,1,categorical__primary_seller_state_PB,-0.0152736401985665,0.9848424102550134
classification,logistic_c01,1,categorical__primary_seller_state_PE,-0.5883760219363918,0.5552282314458172
classification,logistic_c01,1,categorical__primary_seller_state_PI,0.03953903554239468,1.040331107981424
classification,logistic_c01,1,categorical__primary_seller_state_PR,-0.02875199442010546,0.9716574110470072
classification,logistic_c01,1,categorical__primary_seller_state_RJ,0.05580711116986999,1.057393704629925
classification,logistic_c01,1,categorical__primary_seller_state_RN,-0.01716937412268607,0.9829771796370672
classification,logistic_c01,1,categorical__primary_seller_state_RO,0.08182404140080142,1.0852648313484052
classification,logistic_c01,1,categorical__primary_seller_state_RS,-0.40016359691040393,0.6702103927168427
classification,logistic_c01,1,categorical__primary_seller_state_SC,-0.01591626631160107,0.9842097281157648
classification,logistic_c01,1,categorical__primary_seller_state_SE,0.015600503960318663,1.0157228270952603
classification,logistic_c01,1,categorical__primary_seller_state_SP,0.21280763431822092,1.2371466437945078
classification,logistic_c01,1,categorical__primary_seller_state_Unknown,-0.0012130056702266097,0.9987877297237756
classification,logistic_c01,1,categorical__primary_category_agro_industry_and_commerce,-0.05682397453136702,0.9447603566152176
classification,logistic_c01,1,categorical__primary_category_air_conditioning,0.1674973884676592,1.1823422024559904
classification,logistic_c01,1,categorical__primary_category_art,0.14702969023717405,1.1583883553443046
classification,logistic_c01,1,categorical__primary_category_arts_and_craftmanship,0.03347271705272782,1.0340392317035907
classification,logistic_c01,1,categorical__primary_category_audio,0.3785705732429496,1.4601958539185347
classification,logistic_c01,1,categorical__primary_category_auto,0.052513608292688925,1.053916903990652
classification,logistic_c01,1,categorical__primary_category_baby,0.16636328960822017,1.1810020695779404
classification,logistic_c01,1,categorical__primary_category_bed_bath_table,0.12694348086402507,1.1353528468061314
classification,logistic_c01,1,categorical__primary_category_books_general_interest,-0.5054607472274502,0.6032275759550728
classification,logistic_c01,1,categorical__primary_category_books_imported,-0.018937236918635542,0.981240946015525
classification,logistic_c01,1,categorical__primary_category_books_technical,-0.13826352867278863,0.8708691625087907
classification,logistic_c01,1,categorical__primary_category_cds_dvds_musicals,-0.07036053094270305,0.9320577236732734
classification,logistic_c01,1,categorical__primary_category_christmas_supplies,-0.14826345570230076,0.8622039324745446
classification,logistic_c01,1,categorical__primary_category_cine_photo,0.059215446510642436,1.0610038056852282
classification,logistic_c01,1,categorical__primary_category_computers,-0.28089004882470026,0.7551113562971132
classification,logistic_c01,1,categorical__primary_category_computers_accessories,0.2335488819838202,1.263074567972507
classification,logistic_c01,1,categorical__primary_category_consoles_games,0.1967689476939168,1.217462710639316
classification,logistic_c01,1,categorical__primary_category_construction_tools_construction,-0.005282106334982241,0.9947318194587215
classification,logistic_c01,1,categorical__primary_category_construction_tools_lights,-0.19340581164986986,0.8241474576288341
classification,logistic_c01,1,categorical__primary_category_construction_tools_safety,0.26559028646253574,1.3042006005654199
classification,logistic_c01,1,categorical__primary_category_cool_stuff,-0.1370497784249781,0.8719268219079307
classification,logistic_c01,1,categorical__primary_category_costruction_tools_garden,-0.17232661103602567,0.8417042183825173
classification,logistic_c01,1,categorical__primary_category_costruction_tools_tools,-0.13034163412564082,0.8777954947929152
classification,logistic_c01,1,categorical__primary_category_diapers_and_hygiene,0.13555001421867718,1.14516646900839
classification,logistic_c01,1,categorical__primary_category_drinks,-0.029556570022542243,0.9708759536131005
classification,logistic_c01,1,categorical__primary_category_dvds_blu_ray,0.22475779314401595,1.2520194317743634
classification,logistic_c01,1,categorical__primary_category_electronics,-0.020892542425039858,0.9793241947185343
classification,logistic_c01,1,categorical__primary_category_fashio_female_clothing,-0.023279057970341705,0.9769898089358771
classification,logistic_c01,1,categorical__primary_category_fashion_bags_accessories,-0.12488747826413207,0.8825962082548907
classification,logistic_c01,1,categorical__primary_category_fashion_childrens_clothes,0.0352129503382597,1.0358402678501493
classification,logistic_c01,1,categorical__primary_category_fashion_male_clothing,0.3066588039388651,1.358877245402608
classification,logistic_c01,1,categorical__primary_category_fashion_shoes,-0.01343854016997832,0.9866513538788265
classification,logistic_c01,1,categorical__primary_category_fashion_sport,-0.03500486763709819,0.9656007160522595
classification,logistic_c01,1,categorical__primary_category_fashion_underwear_beach,0.3460945271588524,1.4135362270661112
classification,logistic_c01,1,categorical__primary_category_fixed_telephony,0.132011258122474,1.1411211660767648
classification,logistic_c01,1,categorical__primary_category_flowers,-0.08606170312743779,0.9175376145330971
classification,logistic_c01,1,categorical__primary_category_food,0.0053882611705504515,1.0054028039581513
classification,logistic_c01,1,categorical__primary_category_food_drink,-0.47859961203395435,0.6196505356488041
classification,logistic_c01,1,categorical__primary_category_furniture_bedroom,0.011017159393913036,1.0110780717827776
classification,logistic_c01,1,categorical__primary_category_furniture_decor,0.06958839565113632,1.0720668230613273
classification,logistic_c01,1,categorical__primary_category_furniture_living_room,0.0769747019900887,1.0800147538230518
classification,logistic_c01,1,categorical__primary_category_furniture_mattress_and_upholstery,0.07127061579067777,1.0738717932149353
classification,logistic_c01,1,categorical__primary_category_garden_tools,-0.15693468113013023,0.8547598889442407
classification,logistic_c01,1,categorical__primary_category_health_beauty,-0.07972783245649927,0.9233676228881001
classification,logistic_c01,1,categorical__primary_category_home_appliances,-0.09946204999335186,0.9053243062800328
classification,logistic_c01,1,categorical__primary_category_home_appliances_2,-0.11264721628277997,0.8934658047116012
classification,logistic_c01,1,categorical__primary_category_home_comfort_2,-0.008605843884927465,0.9914310803921187
classification,logistic_c01,1,categorical__primary_category_home_confort,0.18320971187178814,1.2010662595252155
classification,logistic_c01,1,categorical__primary_category_home_construction,0.07816260724288919,1.0812984713386538
classification,logistic_c01,1,categorical__primary_category_housewares,-0.00655595692353667,0.9934654864757974
classification,logistic_c01,1,categorical__primary_category_industry_commerce_and_business,-0.24661744765453344,0.7814395779016396
classification,logistic_c01,1,categorical__primary_category_kitchen_dining_laundry_garden_furniture,-0.0011419873247342067,0.998858664494644
classification,logistic_c01,1,categorical__primary_category_la_cuisine,-0.022493168841434926,0.9777579163898882
classification,logistic_c01,1,categorical__primary_category_luggage_accessories,-0.2784158807737503,0.7569819418069921
classification,logistic_c01,1,categorical__primary_category_market_place,0.0475473010458561,1.0486958043564645
classification,logistic_c01,1,categorical__primary_category_music,-0.11128802863238718,0.8946810180638228
classification,logistic_c01,1,categorical__primary_category_musical_instruments,-0.14444613982231044,0.8655015272138009
classification,logistic_c01,1,categorical__primary_category_office_furniture,0.3302473157207233,1.39131217929181
classification,logistic_c01,1,categorical__primary_category_party_supplies,0.16368510611597728,1.1778433610194812
classification,logistic_c01,1,categorical__primary_category_perfumery,0.005936647020007688,1.0059543038323893
classification,logistic_c01,1,categorical__primary_category_pet_shop,-0.11059892691103593,0.8952977567668764
classification,logistic_c01,1,categorical__primary_category_security_and_services,0.05020968065933425,1.0514915507043479
classification,logistic_c01,1,categorical__primary_category_signaling_and_security,-0.1457274372399877,0.8643932724955611
classification,logistic_c01,1,categorical__primary_category_small_appliances,0.007485118877954011,1.0075132024060496
classification,logistic_c01,1,categorical__primary_category_small_appliances_home_oven_and_coffee,-0.1376444223102607,0.8714084900815684
classification,logistic_c01,1,categorical__primary_category_sports_leisure,-0.08664525694570482,0.917002338151211
classification,logistic_c01,1,categorical__primary_category_stationery,-0.2458586815845214,0.7820327327435422
classification,logistic_c01,1,categorical__primary_category_tablets_printing_image,-0.10303258757546291,0.9020975758296927
classification,logistic_c01,1,categorical__primary_category_telephony,0.13099210458789348,1.1399587808321
classification,logistic_c01,1,categorical__primary_category_toys,-0.02996307760140502,0.9704813653868072
classification,logistic_c01,1,categorical__primary_category_watches_gifts,0.12077583547410817,1.1283719430533858
classification,logistic_c01,1,categorical__primary_payment_type_boleto,-0.1598957336450586,0.8522326435251628
classification,logistic_c01,1,categorical__primary_payment_type_credit_card,-0.18325629868298954,0.8325547457050632
classification,logistic_c01,1,categorical__primary_payment_type_debit_card,-0.22062315157203988,0.8020188628957758
classification,logistic_c01,1,categorical__primary_payment_type_voucher,-0.07833040724204846,0.9246588620815075
classification,logistic_c01,1,categorical__purchase_month_10,-0.2044449269929925,0.8150996306690897
classification,logistic_c01,1,categorical__purchase_month_11,0.2191440050014125,1.2450105515252157
classification,logistic_c01,1,categorical__purchase_month_12,0.13252044492840154,1.141702357873536
classification,logistic_c01,1,categorical__purchase_month_2,0.3042404750219602,1.3555950036352478
classification,logistic_c01,1,categorical__purchase_month_3,0.4114867899303576,1.5090597728920692
classification,logistic_c01,1,categorical__purchase_month_4,-0.11955840805865398,0.8873121801236267
classification,logistic_c01,1,categorical__purchase_month_5,-0.2151657594612215,0.8064077593824847
classification,logistic_c01,1,categorical__purchase_month_6,-0.31659365450770455,0.7286267691828631
classification,logistic_c01,1,categorical__purchase_month_7,-0.33610367534402685,0.7145490208601704
classification,logistic_c01,1,categorical__purchase_month_8,-0.35463620844346716,0.7014285705906568
classification,logistic_c01,1,categorical__purchase_month_9,-0.2601773067792756,0.7709148852495578
classification,logistic_c01,1,categorical__purchase_dayofweek_1,-0.05299567992049002,0.9483841095682076
classification,logistic_c01,1,categorical__purchase_dayofweek_2,-0.08695949904422813,0.916714222683495
classification,logistic_c01,1,categorical__purchase_dayofweek_3,-0.06591537816049987,0.9362100847592116
classification,logistic_c01,1,categorical__purchase_dayofweek_4,0.011341364807970962,1.0114059219102063
classification,logistic_c01,1,categorical__purchase_dayofweek_5,-0.06914349164490108,0.9331927651057171
classification,logistic_c01,1,categorical__purchase_dayofweek_6,-0.05080945592294417,0.9504597577566505
classification,logistic_c01,1,categorical__purchase_hour_1,0.08135031790178446,1.0847508376501978
classification,logistic_c01,1,categorical__purchase_hour_10,-0.0842144159555884,0.9192341364972999
classification,logistic_c01,1,categorical__purchase_hour_11,-0.12723182677231526,0.8805295186176628
classification,logistic_c01,1,categorical__purchase_hour_12,-0.013101761500112554,0.9869836929686242
classification,logistic_c01,1,categorical__purchase_hour_13,-0.1526900515537475,0.8583957390090312
classification,logistic_c01,1,categorical__purchase_hour_14,-0.12581896918833124,0.8817744606817893
classification,logistic_c01,1,categorical__purchase_hour_15,-0.04442217747757583,0.9565500383339055
classification,logistic_c01,1,categorical__purchase_hour_16,-0.09786614760258255,0.9067702690056381
classification,logistic_c01,1,categorical__purchase_hour_17,-0.1712643846392554,0.8425987738476579
classification,logistic_c01,1,categorical__purchase_hour_18,-0.022976684205716705,0.9772852696899443
classification,logistic_c01,1,categorical__purchase_hour_19,0.01293182136526416,1.013015798971202
classification,logistic_c01,1,categorical__purchase_hour_2,0.05944383350647727,1.0612461528303927
classification,logistic_c01,1,categorical__purchase_hour_20,-0.10073715950760659,0.9041706543162173
classification,logistic_c01,1,categorical__purchase_hour_21,-0.09001968128572682,0.9139131981074421
classification,logistic_c01,1,categorical__purchase_hour_22,-0.1355649733954133,0.8732224248593725
classification,logistic_c01,1,categorical__purchase_hour_23,-0.033823204224510406,0.9667424055030656
classification,logistic_c01,1,categorical__purchase_hour_3,-0.2271560437498677,0.7967964374847908
classification,logistic_c01,1,categorical__purchase_hour_4,0.339059755231398,1.4036272167759538
classification,logistic_c01,1,categorical__purchase_hour_5,0.023836900941909073,1.0241232707275496
classification,logistic_c01,1,categorical__purchase_hour_6,0.16480461049158,1.1791627001811065
classification,logistic_c01,1,categorical__purchase_hour_7,-0.22740984953379412,0.7965942316019419
classification,logistic_c01,1,categorical__purchase_hour_8,-0.17146470386665097,0.8424300020169619
classification,logistic_c01,1,categorical__purchase_hour_9,-0.1886466905075822,0.8280790231966298
classification,logistic_c01,2,numeric__n_items,0.17496496766266978,1.191204485204033
classification,logistic_c01,2,numeric__has_items,-0.04064234078064464,0.9601724830831776
classification,logistic_c01,2,numeric__n_products,0.023215676531238936,1.0234872579260315
classification,logistic_c01,2,numeric__n_sellers,0.1711325077522383,1.186647978660759
classification,logistic_c01,2,numeric__n_categories,0.0026902001030258806,1.0026938219384154
classification,logistic_c01,2,numeric__total_price,0.04370280685045712,1.044671839434996
classification,logistic_c01,2,numeric__total_freight,0.01640372025162414,1.0165389999552228
classification,logistic_c01,2,numeric__freight_ratio,0.009033262953889839,1.0090741860037624
classification,logistic_c01,2,numeric__freight_ratio_missing,0.040642340780642536,1.0414795441637021
classification,logistic_c01,2,numeric__total_weight_g,0.02538191552302015,1.025706779070423
classification,logistic_c01,2,numeric__total_volume_cm3,0.013758110758221956,1.0138531890964353
classification,logistic_c01,2,numeric__weight_missing_fraction,-0.07120396802809485,0.9312719230566764
classification,logistic_c01,2,numeric__volume_missing_fraction,0.044299263755776086,1.0452951270310362
classification,logistic_c01,2,numeric__category_missing_fraction,0.0562298159977169,1.0578407645343404
classification,logistic_c01,2,numeric__distance_km_max,0.07037732766032655,1.0729129446163341
classification,logistic_c01,2,numeric__distance_missing_fraction,0.05122182741998428,1.052556353248565
classification,logistic_c01,2,numeric__interstate_share,0.0959888955172275,1.1007468407017829
classification,logistic_c01,2,numeric__payment_installments_max,0.05180790107247981,1.0531734095975425
classification,logistic_c01,2,numeric__n_payment_methods,-0.008707025624503373,0.9913307707455729
classification,logistic_c01,2,numeric__payment_missing,0.022089672285274614,1.0223354555168143
classification,logistic_c01,2,numeric__missingindicator_total_price,0.040642340780642536,1.0414795441637021
classification,logistic_c01,2,numeric__missingindicator_total_freight,0.040642340780642536,1.0414795441637021
classification,logistic_c01,2,numeric__missingindicator_freight_ratio,0.040642340780642536,1.0414795441637021
classification,logistic_c01,2,numeric__missingindicator_total_weight_g,0.026086927237835438,1.0264301693349756
classification,logistic_c01,2,numeric__missingindicator_total_volume_cm3,0.04748424522477832,1.0486296800662425
classification,logistic_c01,2,numeric__missingindicator_weight_missing_fraction,0.040642340780642536,1.0414795441637021
classification,logistic_c01,2,numeric__missingindicator_volume_missing_fraction,0.040642340780642536,1.0414795441637021
classification,logistic_c01,2,numeric__missingindicator_category_missing_fraction,0.040642340780642536,1.0414795441637021
classification,logistic_c01,2,numeric__missingindicator_distance_km_max,-0.07453106490479934,0.9281786398300363
classification,logistic_c01,2,numeric__missingindicator_distance_missing_fraction,0.040642340780642536,1.0414795441637021
classification,logistic_c01,2,numeric__missingindicator_interstate_share,0.040642340780642536,1.0414795441637021
classification,logistic_c01,2,numeric__missingindicator_payment_installments_max,-0.025756423957614318,0.9745724431994843
classification,logistic_c01,2,categorical__customer_state_AL,0.3302747940993241,1.3913504108198922
classification,logistic_c01,2,categorical__customer_state_AM,-0.07927691189791965,0.923784082220368
classification,logistic_c01,2,categorical__customer_state_AP,-0.3034559774796814,0.7382623885874416
classification,logistic_c01,2,categorical__customer_state_BA,0.2187088296380608,1.2444688714775334
classification,logistic_c01,2,categorical__customer_state_CE,0.04711810927901589,1.0482458093253038
classification,logistic_c01,2,categorical__customer_state_DF,-0.039510434305105285,0.9612599238589385
classification,logistic_c01,2,categorical__customer_state_ES,0.0651982446072268,1.067370603877384
classification,logistic_c01,2,categorical__customer_state_GO,0.021047815771025588,1.021270883324769
classification,logistic_c01,2,categorical__customer_state_MA,0.19490447491739624,1.215194899352062
classification,logistic_c01,2,categorical__customer_state_MG,-0.15080048460046314,0.8600192686312009
classification,logistic_c01,2,categorical__customer_state_MS,-0.02224434205503533,0.978001239021439
classification,logistic_c01,2,categorical__customer_state_MT,-0.16692084092824375,0.8462665983642227
classification,logistic_c01,2,categorical__customer_state_PA,0.07687948039138064,1.0799119179877386
classification,logistic_c01,2,categorical__customer_state_PB,-0.026098025611028024,0.9742395844972943
classification,logistic_c01,2,categorical__customer_state_PE,-0.0424289344387196,0.9584585764974487
classification,logistic_c01,2,categorical__customer_state_PI,0.03600205342527586,1.0366579751884268
classification,logistic_c01,2,categorical__customer_state_PR,-0.2375466718756521,0.7885600865439139
classification,logistic_c01,2,categorical__customer_state_RJ,0.3897926829978897,1.4766746223906548
classification,logistic_c01,2,categorical__customer_state_RN,-0.30806121668051456,0.7348703303098537
classification,logistic_c01,2,categorical__customer_state_RO,-0.17219771692615699,0.8418127160907259
classification,logistic_c01,2,categorical__customer_state_RR,-0.011230573022566045,0.988832254446531
classification,logistic_c01,2,categorical__customer_state_RS,-0.19718599077777738,0.8210379136307311
classification,logistic_c01,2,categorical__customer_state_SC,-0.07041966306036897,0.9320026107557735
classification,logistic_c01,2,categorical__customer_state_SE,0.23875676253340108,1.2696696677877175
classification,logistic_c01,2,categorical__customer_state_SP,-0.041077260503281254,0.9597549759307804
classification,logistic_c01,2,categorical__customer_state_TO,-0.42059776573314456,0.6566541771069696
classification,logistic_c01,2,categorical__primary_seller_state_BA,-0.055206315577431816,0.9462898934663669
classification,logistic_c01,2,categorical__primary_seller_state_CE,-0.0461078264067105,0.9549389889993882
classification,logistic_c01,2,categorical__primary_seller_state_DF,0.09738097139572136,1.1022802308771633
classification,logistic_c01,2,categorical__primary_seller_state_ES,-0.04135312518331752,0.9594902499473852
classification,logistic_c01,2,categorical__primary_seller_state_GO,-0.16744674272477428,0.8458216622464058
classification,logistic_c01,2,categorical__primary_seller_state_MA,0.40130257600585134,1.4937691788396965
classification,logistic_c01,2,categorical__primary_seller_state_MG,-0.052519254198820524,0.9488360518019324
classification,logistic_c01,2,categorical__primary_seller_state_MS,-0.14490168997190417,0.8651073376569779
classification,logistic_c01,2,categorical__primary_seller_state_MT,-0.28485042943174466,0.7521267419309455
classification,logistic_c01,2,categorical__primary_seller_state_PA,-0.016778007570370953,0.9833619593169033
classification,logistic_c01,2,categorical__primary_seller_state_PB,0.1283849770054246,1.1369906337020768
classification,logistic_c01,2,categorical__primary_seller_state_PE,-0.46610058259400594,0.6274441709110483
classification,logistic_c01,2,categorical__primary_seller_state_PI,0.029241304897858745,1.02967302964486
classification,logistic_c01,2,categorical__primary_seller_state_PR,0.0032813967313778,1.0032867864072412
classification,logistic_c01,2,categorical__primary_seller_state_RJ,0.1063925037522771,1.1122583564193216
classification,logistic_c01,2,categorical__primary_seller_state_RN,-0.02550696620733795,0.9748155881745846
classification,logistic_c01,2,categorical__primary_seller_state_RO,0.03204703292373555,1.0325660687642328
classification,logistic_c01,2,categorical__primary_seller_state_RS,-0.4398176657564973,0.6441538616831639
classification,logistic_c01,2,categorical__primary_seller_state_SC,0.023276079924701508,1.0235490818967459
classification,logistic_c01,2,categorical__primary_seller_state_SE,-0.04688781107721899,0.9541944416322113
classification,logistic_c01,2,categorical__primary_seller_state_SP,0.2279515105841579,1.2560244200653108
classification,logistic_c01,2,categorical__primary_seller_state_Unknown,-0.0017162914050721256,0.9982851805807821
classification,logistic_c01,2,categorical__primary_category_agro_industry_and_commerce,0.1202396259560257,1.1277670614637094
classification,logistic_c01,2,categorical__primary_category_air_conditioning,0.17664279653512974,1.1932048001061017
classification,logistic_c01,2,categorical__primary_category_art,0.1461066155606915,1.157319569748303
classification,logistic_c01,2,categorical__primary_category_arts_and_craftmanship,-0.013704220842356023,0.9863892545026366
classification,logistic_c01,2,categorical__primary_category_audio,0.2786742588147428,1.321376846897769
classification,logistic_c01,2,categorical__primary_category_auto,0.0964326548913042,1.101235415827708
classification,logistic_c01,2,categorical__primary_category_baby,0.12527098000399042,1.133455555246556
classification,logistic_c01,2,categorical__primary_category_bed_bath_table,0.09857087632829749,1.1035926202153907
classification,logistic_c01,2,categorical__primary_category_books_general_interest,-0.40016037043831043,0.6702125551354601
classification,logistic_c01,2,categorical__primary_category_books_imported,-0.032800681341364116,0.9677314272973357
classification,logistic_c01,2,categorical__primary_category_books_technical,-0.16663438678276593,0.8465090496634355
classification,logistic_c01,2,categorical__primary_category_cds_dvds_musicals,-0.07256683622777113,0.930003586651486
classification,logistic_c01,2,categorical__primary_category_christmas_supplies,0.08276800621052127,1.0862897668338325
classification,logistic_c01,2,categorical__primary_category_cine_photo,0.012565250354012635,1.0126445247986913
classification,logistic_c01,2,categorical__primary_category_computers,-0.009349716297656593,0.9906938563965839
classification,logistic_c01,2,categorical__primary_category_computers_accessories,0.21795781604493042,1.2435346093045339
classification,logistic_c01,2,categorical__primary_category_consoles_games,0.10473163742117246,1.110412577184243
classification,logistic_c01,2,categorical__primary_category_construction_tools_construction,0.07353847738262732,1.07630994946491
classification,logistic_c01,2,categorical__primary_category_construction_tools_lights,-0.2368266197034307,0.7891280954206281
classification,logistic_c01,2,categorical__primary_category_construction_tools_safety,0.42051718043273434,1.5227488879334579
classification,logistic_c01,2,categorical__primary_category_cool_stuff,-0.15233437501334016,0.8587011045382407
classification,logistic_c01,2,categorical__primary_category_costruction_tools_garden,-0.14374725912782776,0.8661066209417493
classification,logistic_c01,2,categorical__primary_category_costruction_tools_tools,-0.15825375965330415,0.8536331368328954
classification,logistic_c01,2,categorical__primary_category_diapers_and_hygiene,0.08660896672228814,1.0904701862059751
classification,logistic_c01,2,categorical__primary_category_drinks,-0.04948610447472714,0.9517183826714201
classification,logistic_c01,2,categorical__primary_category_dvds_blu_ray,0.2256367977369057,1.2531204464328596
classification,logistic_c01,2,categorical__primary_category_electronics,-0.034977637222087105,0.9656270101184902
classification,logistic_c01,2,categorical__primary_category_fashio_female_clothing,0.0677851110495065,1.0701353235124897
classification,logistic_c01,2,categorical__primary_category_fashion_bags_accessories,-0.18450716798952327,0.8315139795945482
classification,logistic_c01,2,categorical__primary_category_fashion_childrens_clothes,0.020249545826918673,1.0204559587819788
classification,logistic_c01,2,categorical__primary_category_fashion_male_clothing,0.5619043428047381,1.754009557317264
classification,logistic_c01,2,categorical__primary_category_fashion_shoes,-0.05509136375222762,0.9463986774691332
classification,logistic_c01,2,categorical__primary_category_fashion_sport,-0.022919487109605664,0.9773411691680713
classification,logistic_c01,2,categorical__primary_category_fashion_underwear_beach,0.26316350238066033,1.3010394246055659
classification,logistic_c01,2,categorical__primary_category_fixed_telephony,0.10632896306831094,1.1121876850078862
classification,logistic_c01,2,categorical__primary_category_flowers,-0.07921548067007307,0.9238408331539258
classification,logistic_c01,2,categorical__primary_category_food,-0.0637773257314916,0.9382138923645236
classification,logistic_c01,2,categorical__primary_category_food_drink,-0.6143790643618265,0.540976702755284
classification,logistic_c01,2,categorical__primary_category_furniture_bedroom,0.10587746588179638,1.1116856487397386
classification,logistic_c01,2,categorical__primary_category_furniture_decor,0.08096439911713903,1.084332292692664
classification,logistic_c01,2,categorical__primary_category_furniture_living_room,-0.05186582285256593,0.9494562536282259
classification,logistic_c01,2,categorical__primary_category_furniture_mattress_and_upholstery,0.13097295586302535,1.13993695228404
classification,logistic_c01,2,categorical__primary_category_garden_tools,-0.16717179778952831,0.8460542486013167
classification,logistic_c01,2,categorical__primary_category_health_beauty,-0.08054949736413858,0.9226092357282482
classification,logistic_c01,2,categorical__primary_category_home_appliances,0.01898434459773573,1.0191656930436144
classification,logistic_c01,2,categorical__primary_category_home_appliances_2,-0.17704685757230926,0.837740529115875
classification,logistic_c01,2,categorical__primary_category_home_comfort_2,0.044375734793082766,1.0453750648901183
classification,logistic_c01,2,categorical__primary_category_home_confort,0.2240629157746511,1.2511497340068616
classification,logistic_c01,2,categorical__primary_category_home_construction,0.014081530617781739,1.0141811423829115
classification,logistic_c01,2,categorical__primary_category_housewares,-0.03117652685538527,0.9693044497061176
classification,logistic_c01,2,categorical__primary_category_industry_commerce_and_business,-0.28370042330040596,0.7529921898355277
classification,logistic_c01,2,categorical__primary_category_kitchen_dining_laundry_garden_furniture,-0.10077649235714167,0.904135091407317
classification,logistic_c01,2,categorical__primary_category_la_cuisine,-0.036823173266643715,0.9638465541189338
classification,logistic_c01,2,categorical__primary_category_luggage_accessories,-0.3214929850446031,0.7250657163132611
classification,logistic_c01,2,categorical__primary_category_market_place,-0.07980811525455478,0.9232934953273246
classification,logistic_c01,2,categorical__primary_category_music,-0.13576645600652193,0.873046503448281
classification,logistic_c01,2,categorical__primary_category_musical_instruments,-0.09508746125021392,0.9092934030524814
classification,logistic_c01,2,categorical__primary_category_office_furniture,0.33095042628222776,1.392290769567684
classification,logistic_c01,2,categorical__primary_category_party_supplies,-0.09881015496557127,0.9059146751021683
classification,logistic_c01,2,categorical__primary_category_perfumery,-0.005476115889021932,0.9945388507015357
classification,logistic_c01,2,categorical__primary_category_pet_shop,-0.17438968851526482,0.8399695074022557
classification,logistic_c01,2,categorical__primary_category_security_and_services,0.04868750069413347,1.0498922088841365
classification,logistic_c01,2,categorical__primary_category_signaling_and_security,-0.08984373638327357,0.9140740106225901
classification,logistic_c01,2,categorical__primary_category_small_appliances,0.039032220474974136,1.0398039860887345
classification,logistic_c01,2,categorical__primary_category_small_appliances_home_oven_and_coffee,-0.06545423498727916,0.9366419112077556
classification,logistic_c01,2,categorical__primary_category_sports_leisure,-0.03622938800506224,0.9644190419477926
classification,logistic_c01,2,categorical__primary_category_stationery,-0.2675478478127239,0.7652537140304255
classification,logistic_c01,2,categorical__primary_category_tablets_printing_image,-0.06080186208867153,0.9410096709966046
classification,logistic_c01,2,categorical__primary_category_telephony,0.14075077220967971,1.1511377167211143
classification,logistic_c01,2,categorical__primary_category_toys,-0.14641838589700468,0.8637962274122979
classification,logistic_c01,2,categorical__primary_category_watches_gifts,0.09167692124029525,1.0960106671069705
classification,logistic_c01,2,categorical__primary_payment_type_boleto,-0.16057380367415652,0.8516549659868158
classification,logistic_c01,2,categorical__primary_payment_type_credit_card,-0.18928830415901451,0.8275478868012841
classification,logistic_c01,2,categorical__primary_payment_type_debit_card,-0.2397922904662305,0.786791268142842
classification,logistic_c01,2,categorical__primary_payment_type_voucher,-0.09032016520033656,0.9136386231468067
classification,logistic_c01,2,categorical__purchase_month_10,-0.20496658905424153,0.8146745350034124
classification,logistic_c01,2,categorical__purchase_month_11,0.20520824160857376,1.2277807133746645
classification,logistic_c01,2,categorical__purchase_month_12,0.11653351516946467,1.123595167318605
classification,logistic_c01,2,categorical__purchase_month_2,0.298172315016631,1.347393944086863
classification,logistic_c01,2,categorical__purchase_month_3,0.3248378038331206,1.3838061797194054
classification,logistic_c01,2,categorical__purchase_month_4,-0.11319644311789816,0.8929752240477579
classification,logistic_c01,2,categorical__purchase_month_5,-0.25625577751620104,0.7739439860031361
classification,logistic_c01,2,categorical__purchase_month_6,-0.3286599445887795,0.7198877768627095
classification,logistic_c01,2,categorical__purchase_month_7,-0.38889204837361796,0.6778074364798224
classification,logistic_c01,2,categorical__purchase_month_8,-0.31724729978627925,0.7281506613551119
classification,logistic_c01,2,categorical__purchase_month_9,-0.2878713171009755,0.7498580799423333
classification,logistic_c01,2,categorical__purchase_dayofweek_1,-0.01547083279233887,0.9846482257721784
classification,logistic_c01,2,categorical__purchase_dayofweek_2,-0.05881445999951721,0.9428816951988914
classification,logistic_c01,2,categorical__purchase_dayofweek_3,-0.01422910880378602,0.9858716465126494
classification,logistic_c01,2,categorical__purchase_dayofweek_4,0.024631868759470356,1.024937739464317
classification,logistic_c01,2,categorical__purchase_dayofweek_5,-0.01692819863256155,0.9832142782301829
classification,logistic_c01,2,categorical__purchase_dayofweek_6,-0.012553504107449258,0.9875249624386684
classification,logistic_c01,2,categorical__purchase_hour_1,0.008170185616676191,1.0082036526650917
classification,logistic_c01,2,categorical__purchase_hour_10,-0.025700825314321236,0.9746266296114486
classification,logistic_c01,2,categorical__purchase_hour_11,-0.07138551841597912,0.9311028656245052
classification,logistic_c01,2,categorical__purchase_hour_12,-0.06643272416988392,0.9357258654731739
classification,logistic_c01,2,categorical__purchase_hour_13,-0.1501646711683649,0.8605662543060526
classification,logistic_c01,2,categorical__purchase_hour_14,-0.10857740744454562,0.8971094491792623
classification,logistic_c01,2,categorical__purchase_hour_15,-0.1090108821110769,0.8967206592313216
classification,logistic_c01,2,categorical__purchase_hour_16,-0.1164970088112677,0.8900327592286567
classification,logistic_c01,2,categorical__purchase_hour_17,-0.11019886554350393,0.8956560024671512
classification,logistic_c01,2,categorical__purchase_hour_18,-0.02162861183222697,0.9786036093720325
classification,logistic_c01,2,categorical__purchase_hour_19,-0.019289357168936656,0.9808954920322492
classification,logistic_c01,2,categorical__purchase_hour_2,-0.05082806430674839,0.9504420714012455
classification,logistic_c01,2,categorical__purchase_hour_20,-0.08198796655084913,0.9212830448423199
classification,logistic_c01,2,categorical__purchase_hour_21,-0.02953713415994873,0.9708948236081071
classification,logistic_c01,2,categorical__purchase_hour_22,-0.1367400279711067,0.8721969434697378
classification,logistic_c01,2,categorical__purchase_hour_23,-0.04295393410581238,0.9579555181281582
classification,logistic_c01,2,categorical__purchase_hour_3,-0.25945103285200616,0.7714749839987978
classification,logistic_c01,2,categorical__purchase_hour_4,0.24302310878437527,1.275098089744814
classification,logistic_c01,2,categorical__purchase_hour_5,-0.07260933303294159,0.9299640653100275
classification,logistic_c01,2,categorical__purchase_hour_6,0.09524460401998378,1.099927869002274
classification,logistic_c01,2,categorical__purchase_hour_7,-0.22565970184741116,0.7979896098562055
classification,logistic_c01,2,categorical__purchase_hour_8,-0.16195105589824577,0.8504828296397272
classification,logistic_c01,2,categorical__purchase_hour_9,-0.13282872076821509,0.875615053939509
classification,logistic_c01,3,numeric__n_items,0.1663177118326688,1.1809482433573364
classification,logistic_c01,3,numeric__has_items,-0.037107222951054994,0.9635728126893393
classification,logistic_c01,3,numeric__n_products,0.030178651359638663,1.0306386425021852
classification,logistic_c01,3,numeric__n_sellers,0.1709407508352234,1.1864204525183422
classification,logistic_c01,3,numeric__n_categories,0.002442263436861736,1.002445248191567
classification,logistic_c01,3,numeric__total_price,0.05397877598700297,1.05546220077389
classification,logistic_c01,3,numeric__total_freight,0.02115757731142456,1.0213829857422418
classification,logistic_c01,3,numeric__freight_ratio,0.011833133913454258,1.0119034224133672
classification,logistic_c01,3,numeric__freight_ratio_missing,0.03710722295105472,1.0378042913114078
classification,logistic_c01,3,numeric__total_weight_g,-0.007168331486688378,0.9928572997205657
classification,logistic_c01,3,numeric__total_volume_cm3,0.03591562296059505,1.0365683802298389
classification,logistic_c01,3,numeric__weight_missing_fraction,-0.05974419678214668,0.9420054707973431
classification,logistic_c01,3,numeric__volume_missing_fraction,0.04640891356735432,1.0475026614423566
classification,logistic_c01,3,numeric__category_missing_fraction,0.05288262280982664,1.0543058863937442
classification,logistic_c01,3,numeric__distance_km_max,0.05857766808416225,1.0603273360893362
classification,logistic_c01,3,numeric__distance_missing_fraction,0.004574556275089493,1.004585035530868
classification,logistic_c01,3,numeric__interstate_share,0.06499412415698924,1.06715275394372
classification,logistic_c01,3,numeric__payment_installments_max,0.0401200739464241,1.0409357559529027
classification,logistic_c01,3,numeric__n_payment_methods,-0.025964836121128664,0.9743693516122094
classification,logistic_c01,3,numeric__payment_missing,0.02709729547166831,1.0274677658613356
classification,logistic_c01,3,numeric__missingindicator_total_price,0.03710722295105472,1.0378042913114078
classification,logistic_c01,3,numeric__missingindicator_total_freight,0.03710722295105472,1.0378042913114078
classification,logistic_c01,3,numeric__missingindicator_freight_ratio,0.03710722295105472,1.0378042913114078
classification,logistic_c01,3,numeric__missingindicator_total_weight_g,0.025808399144326158,1.0261443195072422
classification,logistic_c01,3,numeric__missingindicator_total_volume_cm3,0.044144175618209214,1.0451330267268193
classification,logistic_c01,3,numeric__missingindicator_weight_missing_fraction,0.03710722295105472,1.0378042913114078
classification,logistic_c01,3,numeric__missingindicator_volume_missing_fraction,0.03710722295105472,1.0378042913114078
classification,logistic_c01,3,numeric__missingindicator_category_missing_fraction,0.03710722295105472,1.0378042913114078
classification,logistic_c01,3,numeric__missingindicator_distance_km_max,-0.015002734466258584,0.9851092458513859
classification,logistic_c01,3,numeric__missingindicator_distance_missing_fraction,0.03710722295105472,1.0378042913114078
classification,logistic_c01,3,numeric__missingindicator_interstate_share,0.03710722295105472,1.0378042913114078
classification,logistic_c01,3,numeric__missingindicator_payment_installments_max,-0.027051484707016227,0.973311129596006
classification,logistic_c01,3,categorical__customer_state_AL,0.35272814570465016,1.4229442573392603
classification,logistic_c01,3,categorical__customer_state_AM,-0.08130006022615328,0.9219170193082239
classification,logistic_c01,3,categorical__customer_state_AP,-0.23278100146618186,0.7923270729928458
classification,logistic_c01,3,categorical__customer_state_BA,0.14166310474219337,1.1521884163303209
classification,logistic_c01,3,categorical__customer_state_CE,0.10589171210733728,1.111701486177033
classification,logistic_c01,3,categorical__customer_state_DF,0.0020545348836410334,1.002056646886582
classification,logistic_c01,3,categorical__customer_state_ES,-0.05207261845311648,0.9492599305521343
classification,logistic_c01,3,categorical__customer_state_GO,-0.0952565306583262,0.9091396823501271
classification,logistic_c01,3,categorical__customer_state_MA,0.17877041844557184,1.1957461913836427
classification,logistic_c01,3,categorical__customer_state_MG,-0.19701386124260745,0.8211792506689516
classification,logistic_c01,3,categorical__customer_state_MS,-0.08164209075170989,0.9216017494646189
classification,logistic_c01,3,categorical__customer_state_MT,-0.217795524159774,0.8042898827034282
classification,logistic_c01,3,categorical__customer_state_PA,0.0731063893683895,1.0758449892952333
classification,logistic_c01,3,categorical__customer_state_PB,0.07074216601211053,1.0733044558214642
classification,logistic_c01,3,categorical__customer_state_PE,-0.03581452587078077,0.9648192258947202
classification,logistic_c01,3,categorical__customer_state_PI,0.0860490304745755,1.0898597633365625
classification,logistic_c01,3,categorical__customer_state_PR,-0.28329655879221344,0.753296358073192
classification,logistic_c01,3,categorical__customer_state_RJ,0.3825818881246503,1.4660649227493696
classification,logistic_c01,3,categorical__customer_state_RN,-0.21114534177533995,0.8096563814332847
classification,logistic_c01,3,categorical__customer_state_RO,-0.04070676287823046,0.9601106287501875
classification,logistic_c01,3,categorical__customer_state_RR,0.03642333068244079,1.0370947876199437
classification,logistic_c01,3,categorical__customer_state_RS,-0.2268107232020544,0.7970716351800534
classification,logistic_c01,3,categorical__customer_state_SC,-0.05297926404720702,0.9483996782493603
classification,logistic_c01,3,categorical__customer_state_SE,0.3261785890512301,1.3856628109836395
classification,logistic_c01,3,categorical__customer_state_SP,-0.11772781064926777,0.888937979139595
classification,logistic_c01,3,categorical__customer_state_TO,-0.18921514273471562,0.827608433598176
classification,logistic_c01,3,categorical__primary_seller_state_AM,0.026226786452673113,1.0265737350918076
classification,logistic_c01,3,categorical__primary_seller_state_BA,-0.08651082912904268,0.9171256170592743
classification,logistic_c01,3,categorical__primary_seller_state_CE,0.012046306908986809,1.0121191558905716
classification,logistic_c01,3,categorical__primary_seller_state_DF,0.18310348730091192,1.200938683553175
classification,logistic_c01,3,categorical__primary_seller_state_ES,-0.061478670622956796,0.9403730030958667
classification,logistic_c01,3,categorical__primary_seller_state_GO,-0.3251272052591025,0.7224354502082675
classification,logistic_c01,3,categorical__primary_seller_state_MA,0.4546074671655991,1.575554804642549
classification,logistic_c01,3,categorical__primary_seller_state_MG,-0.06963849724091983,0.9327309437763268
classification,logistic_c01,3,categorical__primary_seller_state_MS,-0.015942620491319545,0.9841837904174943
classification,logistic_c01,3,categorical__primary_seller_state_MT,-0.32077320708843216,0.7255877904988441
classification,logistic_c01,3,categorical__primary_seller_state_PA,-0.04758508033606499,0.9535293430844319
classification,logistic_c01,3,categorical__primary_seller_state_PB,0.04934323879580659,1.0505808889803638
classification,logistic_c01,3,categorical__primary_seller_state_PE,-0.5360115688510141,0.5850771448822331
classification,logistic_c01,3,categorical__primary_seller_state_PI,0.07139781526328445,1.0740083978285129
classification,logistic_c01,3,categorical__primary_seller_state_PR,-0.03182652933739949,0.9686746041307508
classification,logistic_c01,3,categorical__primary_seller_state_RJ,0.04306733699331993,1.0440081928564662
classification,logistic_c01,3,categorical__primary_seller_state_RN,-0.022670144260027027,0.977584892584285
classification,logistic_c01,3,categorical__primary_seller_state_RO,0.09193284208094228,1.0962911949731873
classification,logistic_c01,3,categorical__primary_seller_state_RS,-0.33900174726020416,0.7124812041980498
classification,logistic_c01,3,categorical__primary_seller_state_SC,0.03340227817295264,1.0339663977036688
classification,logistic_c01,3,categorical__primary_seller_state_SE,0.030866155851927084,1.031347454826741
classification,logistic_c01,3,categorical__primary_seller_state_SP,0.1945526899241121,1.2147674872055518
classification,logistic_c01,3,categorical__primary_seller_state_Unknown,-0.001400456759258434,0.998600523422688
classification,logistic_c01,3,categorical__primary_category_agro_industry_and_commerce,-0.018317048100177414,0.9818496894268737
classification,logistic_c01,3,categorical__primary_category_air_conditioning,0.20618466689188378,1.2289801349830611
classification,logistic_c01,3,categorical__primary_category_art,0.03478328228488172,1.0353952959805959
classification,logistic_c01,3,categorical__primary_category_arts_and_craftmanship,0.02645294809619432,1.0268059329510666
classification,logistic_c01,3,categorical__primary_category_audio,0.3766803314103237,1.4574383376389974
classification,logistic_c01,3,categorical__primary_category_auto,0.08186229114965245,1.085306343249546
classification,logistic_c01,3,categorical__primary_category_baby,0.10918864266784553,1.11537273738566
classification,logistic_c01,3,categorical__primary_category_bed_bath_table,0.11417684894032559,1.120950346236908
classification,logistic_c01,3,categorical__primary_category_books_general_interest,-0.2336684240230938,0.7916242559697833
classification,logistic_c01,3,categorical__primary_category_books_imported,-0.11130501577725488,0.8946658201168438
classification,logistic_c01,3,categorical__primary_category_books_technical,-0.05126266969137962,0.9500290939068561
classification,logistic_c01,3,categorical__primary_category_cds_dvds_musicals,-0.09371682785459481,0.9105405654630991
classification,logistic_c01,3,categorical__primary_category_christmas_supplies,-0.08200674665689654,0.9212657432115018
classification,logistic_c01,3,categorical__primary_category_cine_photo,-0.012099575355115615,0.9879733301685697
classification,logistic_c01,3,categorical__primary_category_computers,-0.24121956672730094,0.785669100655411
classification,logistic_c01,3,categorical__primary_category_computers_accessories,0.18591500857814686,1.2043198991671826
classification,logistic_c01,3,categorical__primary_category_consoles_games,0.053036402758734315,1.0544680299659823
classification,logistic_c01,3,categorical__primary_category_construction_tools_construction,0.0917692736998972,1.0961118910618965
classification,logistic_c01,3,categorical__primary_category_construction_tools_lights,-0.26846716730899955,0.7645505246488989
classification,logistic_c01,3,categorical__primary_category_construction_tools_safety,0.2175212655628985,1.2429918621483045
classification,logistic_c01,3,categorical__primary_category_cool_stuff,-0.15250622682639986,0.8585535478758525
classification,logistic_c01,3,categorical__primary_category_costruction_tools_garden,-0.04321338792244192,0.9577070051530324
classification,logistic_c01,3,categorical__primary_category_costruction_tools_tools,-0.15781609292008164,0.854006825428832
classification,logistic_c01,3,categorical__primary_category_diapers_and_hygiene,0.09627050182861896,1.101056861609242
classification,logistic_c01,3,categorical__primary_category_drinks,-0.0230335549482842,0.9772296923313346
classification,logistic_c01,3,categorical__primary_category_dvds_blu_ray,0.17140065856157366,1.186966221943323
classification,logistic_c01,3,categorical__primary_category_electronics,-0.0019737987142347865,0.9980281479454652
classification,logistic_c01,3,categorical__primary_category_fashio_female_clothing,0.06833799966077919,1.0707271527381237
classification,logistic_c01,3,categorical__primary_category_fashion_bags_accessories,-0.193555948531192,0.8240237319879194
classification,logistic_c01,3,categorical__primary_category_fashion_childrens_clothes,0.014127484960734404,1.0142277494818357
classification,logistic_c01,3,categorical__primary_category_fashion_male_clothing,0.63285535568289,1.882979486724564
classification,logistic_c01,3,categorical__primary_category_fashion_shoes,-0.161120909279654,0.85118914821835
classification,logistic_c01,3,categorical__primary_category_fashion_sport,0.009507238453591953,1.0095525758088777
classification,logistic_c01,3,categorical__primary_category_fashion_underwear_beach,0.29662996308605144,1.3453173902360207
classification,logistic_c01,3,categorical__primary_category_fixed_telephony,0.1667457714838626,1.1814538678614697
classification,logistic_c01,3,categorical__primary_category_flowers,-0.08511804730786666,0.9184038628986004
classification,logistic_c01,3,categorical__primary_category_food,0.025608515910047057,1.0259392309593858
classification,logistic_c01,3,categorical__primary_category_food_drink,-0.5536979836770101,0.5748201994593414
classification,logistic_c01,3,categorical__primary_category_furniture_bedroom,0.22146862299695005,1.247908091990457
classification,logistic_c01,3,categorical__primary_category_furniture_decor,0.07957780607091318,1.0828298069846638
classification,logistic_c01,3,categorical__primary_category_furniture_living_room,0.02620862709928713,1.0265550933458367
classification,logistic_c01,3,categorical__primary_category_furniture_mattress_and_upholstery,-0.07412866650379218,0.9285522125880522
classification,logistic_c01,3,categorical__primary_category_garden_tools,-0.1863240780809378,0.8300045651043155
classification,logistic_c01,3,categorical__primary_category_health_beauty,-0.10120387184173876,0.9037487651777779
classification,logistic_c01,3,categorical__primary_category_home_appliances,0.002758373083360824,1.002762180894711
classification,logistic_c01,3,categorical__primary_category_home_appliances_2,-0.06434505376373224,0.9376813932092422
classification,logistic_c01,3,categorical__primary_category_home_comfort_2,-0.009543340805026179,0.9905020523562658
classification,logistic_c01,3,categorical__primary_category_home_confort,0.24654167119489384,1.279592504255249
classification,logistic_c01,3,categorical__primary_category_home_construction,0.08875334363589095,1.092811074274394
classification,logistic_c01,3,categorical__primary_category_housewares,-0.027375843113845232,0.9729954791433677
classification,logistic_c01,3,categorical__primary_category_industry_commerce_and_business,-0.1573723070594883,0.8543859056918164
classification,logistic_c01,3,categorical__primary_category_kitchen_dining_laundry_garden_furniture,-0.08049048046703929,0.922663686869329
classification,logistic_c01,3,categorical__primary_category_la_cuisine,-0.04028623423282436,0.9605144676793034
classification,logistic_c01,3,categorical__primary_category_luggage_accessories,-0.26754932592215686,0.7652525829025282
classification,logistic_c01,3,categorical__primary_category_market_place,-0.07233987399847124,0.9302146862936858
classification,logistic_c01,3,categorical__primary_category_music,-0.13494879655602637,0.873760650097138
classification,logistic_c01,3,categorical__primary_category_musical_instruments,-0.13844886475737014,0.8707077739840491
classification,logistic_c01,3,categorical__primary_category_office_furniture,0.3321504704434818,1.3939625829007538
classification,logistic_c01,3,categorical__primary_category_party_supplies,0.2061166313202432,1.2288965234613538
classification,logistic_c01,3,categorical__primary_category_perfumery,-0.03838928973581666,0.9623382395631953
classification,logistic_c01,3,categorical__primary_category_pet_shop,-0.12408500061562378,0.8833047562436117
classification,logistic_c01,3,categorical__primary_category_security_and_services,0.06317901846175196,1.0652175157645898
classification,logistic_c01,3,categorical__primary_category_signaling_and_security,-0.15453281905500638,0.8568153718098401
classification,logistic_c01,3,categorical__primary_category_small_appliances,0.02706388933711737,1.0274334427082077
classification,logistic_c01,3,categorical__primary_category_small_appliances_home_oven_and_coffee,-0.1500791965939216,0.860639813984116
classification,logistic_c01,3,categorical__primary_category_sports_leisure,-0.07052176961711384,0.9319074520365593
classification,logistic_c01,3,categorical__primary_category_stationery,-0.2725267197720824,0.761453083050554
classification,logistic_c01,3,categorical__primary_category_tablets_printing_image,-0.06645855569235207,0.9357016945616431
classification,logistic_c01,3,categorical__primary_category_telephony,0.12069843778711987,1.1282846130545445
classification,logistic_c01,3,categorical__primary_category_toys,-0.1085026409797228,0.8971765253888309
classification,logistic_c01,3,categorical__primary_category_watches_gifts,0.08868870057105631,1.0927404339004974
classification,logistic_c01,3,categorical__primary_payment_type_boleto,-0.15445379873420642,0.8568830803105254
classification,logistic_c01,3,categorical__primary_payment_type_credit_card,-0.15456221137801074,0.8567901883857783
classification,logistic_c01,3,categorical__primary_payment_type_debit_card,-0.2995378488736177,0.7411606697823742
classification,logistic_c01,3,categorical__primary_payment_type_voucher,0.005060397742681033,1.0050732231801502
classification,logistic_c01,3,categorical__purchase_month_10,-0.19612806447961545,0.8219069708495376
classification,logistic_c01,3,categorical__purchase_month_11,0.24733524121985212,1.2806083535312438
classification,logistic_c01,3,categorical__purchase_month_12,0.16488501862516455,1.179257518265042
classification,logistic_c01,3,categorical__purchase_month_2,0.3120787485261515,1.3662622799341504
classification,logistic_c01,3,categorical__purchase_month_3,0.3750027469957819,1.4549954114789696
classification,logistic_c01,3,categorical__purchase_month_4,-0.09784553293663593,0.9067889619644978
classification,logistic_c01,3,categorical__purchase_month_5,-0.2239280158204237,0.7993726744844998
classification,logistic_c01,3,categorical__purchase_month_6,-0.28649973884426394,0.7508872746295835
classification,logistic_c01,3,categorical__purchase_month_7,-0.29854167595908826,0.7418993618383476
classification,logistic_c01,3,categorical__purchase_month_8,-0.31817584848271113,0.7274748518172943
classification,logistic_c01,3,categorical__purchase_month_9,-0.263146856909444,0.768629010541265
classification,logistic_c01,3,categorical__purchase_dayofweek_1,-0.03380385102636275,0.966761115241443
classification,logistic_c01,3,categorical__purchase_dayofweek_2,-0.04571304347634834,0.9553160570368976
classification,logistic_c01,3,categorical__purchase_dayofweek_3,-0.032170537165255184,0.9683414297948603
classification,logistic_c01,3,categorical__purchase_dayofweek_4,0.04583123506715158,1.0468977164246245
classification,logistic_c01,3,categorical__purchase_dayofweek_5,-0.042302644290856645,0.9585796280164413
classification,logistic_c01,3,categorical__purchase_dayofweek_6,-0.0205302606086532,0.979679050341617
classification,logistic_c01,3,categorical__purchase_hour_1,0.038397832011861095,1.0391445556257153
classification,logistic_c01,3,categorical__purchase_hour_10,-0.1035022734381497,0.9016739728395168
classification,logistic_c01,3,categorical__purchase_hour_11,-0.11811277969180126,0.8885958313992636
classification,logistic_c01,3,categorical__purchase_hour_12,-0.017652684304391326,0.9825022115454677
classification,logistic_c01,3,categorical__purchase_hour_13,-0.1583942651836748,0.8535132050819971
classification,logistic_c01,3,categorical__purchase_hour_14,-0.08347538227380875,0.9199137325768781
classification,logistic_c01,3,categorical__purchase_hour_15,-0.06841614709837496,0.933871764677658
classification,logistic_c01,3,categorical__purchase_hour_16,-0.07901988069373217,0.924021554072961
classification,logistic_c01,3,categorical__purchase_hour_17,-0.12805194632895944,0.8798076751786617
classification,logistic_c01,3,categorical__purchase_hour_18,0.010420655689673345,1.0104751398111387
classification,logistic_c01,3,categorical__purchase_hour_19,-0.012298597135259721,0.987776721523015
classification,logistic_c01,3,categorical__purchase_hour_2,-0.053074952945068234,0.9483089312712251
classification,logistic_c01,3,categorical__purchase_hour_20,-0.05802777740954243,0.9436237356497933
classification,logistic_c01,3,categorical__purchase_hour_21,-0.05559857665120232,0.9459187735693609
classification,logistic_c01,3,categorical__purchase_hour_22,-0.1248004781911798,0.8826729975296841
classification,logistic_c01,3,categorical__purchase_hour_23,-0.021411741709062872,0.9788158622721502
classification,logistic_c01,3,categorical__purchase_hour_3,-0.27648719022267143,0.7584433345596762
classification,logistic_c01,3,categorical__purchase_hour_4,0.21211507849399716,1.2362901473009802
classification,logistic_c01,3,categorical__purchase_hour_5,-0.0885607361428386,0.9152475204437104
classification,logistic_c01,3,categorical__purchase_hour_6,0.052173918820020405,1.0535589603115907
classification,logistic_c01,3,categorical__purchase_hour_7,-0.21070235441668547,0.810015128429439
classification,logistic_c01,3,categorical__purchase_hour_8,-0.17985189076537994,0.8353939318048254
classification,logistic_c01,3,categorical__purchase_hour_9,-0.16234772779134188,0.8501455339079393
classification,logistic_c01,4,numeric__n_items,0.16466401995203755,1.1789969327138214
classification,logistic_c01,4,numeric__has_items,-0.030367960888643172,0.9700885132363878
classification,logistic_c01,4,numeric__n_products,0.03773995917866387,1.0384611554726497
classification,logistic_c01,4,numeric__n_sellers,0.16058059186549467,1.1741923996834402
classification,logistic_c01,4,numeric__n_categories,-0.010225181326953412,0.9898269181130157
classification,logistic_c01,4,numeric__total_price,0.04487317214503441,1.0458952028514934
classification,logistic_c01,4,numeric__total_freight,0.01789465193409176,1.0180557205391492
classification,logistic_c01,4,numeric__freight_ratio,0.0006572585247539725,1.0006574745664674
classification,logistic_c01,4,numeric__freight_ratio_missing,0.03036796088864279,1.0308337706874002
classification,logistic_c01,4,numeric__total_weight_g,0.01125352894773035,1.011317088102457
classification,logistic_c01,4,numeric__total_volume_cm3,0.02906784076542634,1.0294944337965184
classification,logistic_c01,4,numeric__weight_missing_fraction,-0.062221005573895115,0.9396751903861764
classification,logistic_c01,4,numeric__volume_missing_fraction,0.051785042464955945,1.0531493357950656
classification,logistic_c01,4,numeric__category_missing_fraction,0.03293462750566489,1.0334829756729573
classification,logistic_c01,4,numeric__distance_km_max,0.06427194739980611,1.066382359242514
classification,logistic_c01,4,numeric__distance_missing_fraction,-0.07900006980784181,0.9240398599398562
classification,logistic_c01,4,numeric__interstate_share,0.09032213401180962,1.0945268112343443
classification,logistic_c01,4,numeric__payment_installments_max,0.05881591557680419,1.060579986514009
classification,logistic_c01,4,numeric__n_payment_methods,-0.01697680805315925,0.9831664859153825
classification,logistic_c01,4,numeric__payment_missing,0.05792352264153758,1.0596339546056368
classification,logistic_c01,4,numeric__missingindicator_total_price,0.03036796088864279,1.0308337706874002
classification,logistic_c01,4,numeric__missingindicator_total_freight,0.03036796088864279,1.0308337706874002
classification,logistic_c01,4,numeric__missingindicator_freight_ratio,0.03036796088864279,1.0308337706874002
classification,logistic_c01,4,numeric__missingindicator_total_weight_g,0.018444907354298518,1.0186160653696998
classification,logistic_c01,4,numeric__missingindicator_total_volume_cm3,0.03831885774419541,1.0390624931858892
classification,logistic_c01,4,numeric__missingindicator_weight_missing_fraction,0.03036796088864279,1.0308337706874002
classification,logistic_c01,4,numeric__missingindicator_volume_missing_fraction,0.03036796088864279,1.0308337706874002
classification,logistic_c01,4,numeric__missingindicator_category_missing_fraction,0.03036796088864279,1.0308337706874002
classification,logistic_c01,4,numeric__missingindicator_distance_km_max,0.08316224838973374,1.0867181125091836
classification,logistic_c01,4,numeric__missingindicator_distance_missing_fraction,0.03036796088864279,1.0308337706874002
classification,logistic_c01,4,numeric__missingindicator_interstate_share,0.03036796088864279,1.0308337706874002
classification,logistic_c01,4,numeric__missingindicator_payment_installments_max,-0.021806542742088174,0.9784295010315106
classification,logistic_c01,4,categorical__customer_state_AL,0.32597702832065506,1.385383543920709
classification,logistic_c01,4,categorical__customer_state_AM,-0.2550454226081245,0.7748813000320618
classification,logistic_c01,4,categorical__customer_state_AP,-0.25168457384482396,0.7774899400578333
classification,logistic_c01,4,categorical__customer_state_BA,0.1550751211620937,1.167745680222831
classification,logistic_c01,4,categorical__customer_state_CE,0.03423888563053096,1.0348317836465653
classification,logistic_c01,4,categorical__customer_state_DF,-0.060034030429824,0.9417324854776864
classification,logistic_c01,4,categorical__customer_state_ES,0.00102747305263781,1.0010280010839052
classification,logistic_c01,4,categorical__customer_state_GO,-0.06739926646490588,0.9348218837862905
classification,logistic_c01,4,categorical__customer_state_MA,0.18669051451433483,1.2052542186363777
classification,logistic_c01,4,categorical__customer_state_MG,-0.19478608074173015,0.8230106970641442
classification,logistic_c01,4,categorical__customer_state_MS,-0.07187242954565223,0.9306496116325237
classification,logistic_c01,4,categorical__customer_state_MT,-0.1974195649215305,0.820846162797956
classification,logistic_c01,4,categorical__customer_state_PA,0.12186164172413541,1.1295978017635953
classification,logistic_c01,4,categorical__customer_state_PB,0.00040075672503825637,1.000400837038743
classification,logistic_c01,4,categorical__customer_state_PE,0.02101359139745104,1.0212359315666417
classification,logistic_c01,4,categorical__customer_state_PI,0.15376394328095547,1.1662155612644085
classification,logistic_c01,4,categorical__customer_state_PR,-0.23522402467107942,0.7903937620909118
classification,logistic_c01,4,categorical__customer_state_RJ,0.3921788588127811,1.4802024349777063
classification,logistic_c01,4,categorical__customer_state_RN,-0.23739010118974652,0.788683561603577
classification,logistic_c01,4,categorical__customer_state_RO,-0.11622008393611766,0.8902792655696791
classification,logistic_c01,4,categorical__customer_state_RR,-0.021371010488895,0.9788557314484949
classification,logistic_c01,4,categorical__customer_state_RS,-0.22284081164854322,0.8002422283967551
classification,logistic_c01,4,categorical__customer_state_SC,-0.04276336876818667,0.9581380886401537
classification,logistic_c01,4,categorical__customer_state_SE,0.31014859665223465,1.3636277295933272
classification,logistic_c01,4,categorical__customer_state_SP,-0.07437233582124163,0.9283259804682272
classification,logistic_c01,4,categorical__customer_state_TO,-0.16660205207862866,0.8465364217256373
classification,logistic_c01,4,categorical__primary_seller_state_AM,0.022846549346449627,1.0231095306748328
classification,logistic_c01,4,categorical__primary_seller_state_BA,-0.08903163665056632,0.9148166313825381
classification,logistic_c01,4,categorical__primary_seller_state_CE,-0.02319681125384005,0.9770701664442429
classification,logistic_c01,4,categorical__primary_seller_state_DF,0.22591486575240521,1.2534689475998495
classification,logistic_c01,4,categorical__primary_seller_state_ES,0.14053760332123524,1.1508923561261462
classification,logistic_c01,4,categorical__primary_seller_state_GO,-0.3336684315979325,0.7162912424005455
classification,logistic_c01,4,categorical__primary_seller_state_MA,0.43321321694859927,1.5422050098939966
classification,logistic_c01,4,categorical__primary_seller_state_MG,-0.09594228987201439,0.9085164451561739
classification,logistic_c01,4,categorical__primary_seller_state_MS,-0.11181181185078568,0.8942125218666752
classification,logistic_c01,4,categorical__primary_seller_state_MT,-0.3204009926006917,0.7258579150556135
classification,logistic_c01,4,categorical__primary_seller_state_PA,-0.04334427425048635,0.9575816626027776
classification,logistic_c01,4,categorical__primary_seller_state_PB,0.024866246166082608,1.0251779898671654
classification,logistic_c01,4,categorical__primary_seller_state_PE,-0.4098551532417363,0.6637463846858933
classification,logistic_c01,4,categorical__primary_seller_state_PI,-0.00432018794215598,0.9956891306455918
classification,logistic_c01,4,categorical__primary_seller_state_PR,-0.030517036416062078,0.9699439075584857
classification,logistic_c01,4,categorical__primary_seller_state_RJ,0.04823542689092235,1.0494176873877548
classification,logistic_c01,4,categorical__primary_seller_state_RN,0.045195853368147916,1.046232748051618
classification,logistic_c01,4,categorical__primary_seller_state_RO,0.012770700180948367,1.0128525938141983
classification,logistic_c01,4,categorical__primary_seller_state_RS,-0.40534129275127734,0.6667492153482165
classification,logistic_c01,4,categorical__primary_seller_state_SC,0.03251353472118618,1.0330478750643126
classification,logistic_c01,4,categorical__primary_seller_state_SE,0.017368998233281387,1.0175207164077864
classification,logistic_c01,4,categorical__primary_seller_state_SP,0.19789535858221083,1.218834846542002
classification,logistic_c01,4,categorical__primary_seller_state_Unknown,-0.002049954701682548,0.9979521450204335
classification,logistic_c01,4,categorical__primary_category_agro_industry_and_commerce,0.0568803343891245,1.0585291332808406
classification,logistic_c01,4,categorical__primary_category_air_conditioning,0.08335193657397846,1.0869242696468997
classification,logistic_c01,4,categorical__primary_category_art,0.23239538657816144,1.2616184572313238
classification,logistic_c01,4,categorical__primary_category_arts_and_craftmanship,-0.055188885325849805,0.9463063876810283
classification,logistic_c01,4,categorical__primary_category_audio,0.222113799456777,1.2487134726938356
classification,logistic_c01,4,categorical__primary_category_auto,0.05028864752426668,1.0515745869741238
classification,logistic_c01,4,categorical__primary_category_baby,0.05698394083446824,1.058638809403111
classification,logistic_c01,4,categorical__primary_category_bed_bath_table,0.08271259930620742,1.0862295805480477
classification,logistic_c01,4,categorical__primary_category_books_general_interest,-0.36640446952060607,0.6932223571835652
classification,logistic_c01,4,categorical__primary_category_books_imported,0.15480832333948408,1.1674341697749882
classification,logistic_c01,4,categorical__primary_category_books_technical,-0.06624002515563995,0.9359061962992814
classification,logistic_c01,4,categorical__primary_category_cds_dvds_musicals,-0.06244732536877356,0.9394625473534073
classification,logistic_c01,4,categorical__primary_category_christmas_supplies,-0.02613626571101139,0.9742023301904841
classification,logistic_c01,4,categorical__primary_category_cine_photo,0.04825628261386255,1.0494395739805211
classification,logistic_c01,4,categorical__primary_category_computers,0.01521320880771566,1.0153295187360647
classification,logistic_c01,4,categorical__primary_category_computers_accessories,0.18167083795223615,1.199219391395846
classification,logistic_c01,4,categorical__primary_category_consoles_games,0.10787091972446335,1.1139039530771073
classification,logistic_c01,4,categorical__primary_category_construction_tools_construction,0.17760509253289775,1.1943535689489433
classification,logistic_c01,4,categorical__primary_category_construction_tools_lights,-0.1680908320162734,0.8452770529785613
classification,logistic_c01,4,categorical__primary_category_construction_tools_safety,0.3963523485676288,1.4863929537229226
classification,logistic_c01,4,categorical__primary_category_cool_stuff,-0.1662876489258778,0.8468026172897157
classification,logistic_c01,4,categorical__primary_category_costruction_tools_garden,-0.23560355087676801,0.7900938438623992
classification,logistic_c01,4,categorical__primary_category_costruction_tools_tools,-0.09842054959933551,0.9062676930853246
classification,logistic_c01,4,categorical__primary_category_diapers_and_hygiene,0.07939978497954744,1.082637057597898
classification,logistic_c01,4,categorical__primary_category_drinks,-0.061177621687774277,0.9406561440046193
classification,logistic_c01,4,categorical__primary_category_dvds_blu_ray,0.21503418082965065,1.239904277198644
classification,logistic_c01,4,categorical__primary_category_electronics,-0.018700483658358146,0.9814732855110931
classification,logistic_c01,4,categorical__primary_category_fashio_female_clothing,0.042801149642209116,1.043730328064759
classification,logistic_c01,4,categorical__primary_category_fashion_bags_accessories,-0.18422888823990957,0.8317454052956397
classification,logistic_c01,4,categorical__primary_category_fashion_childrens_clothes,0.013342374656080581,1.0134317813267382
classification,logistic_c01,4,categorical__primary_category_fashion_male_clothing,0.5890677719378072,1.8023074704069335
classification,logistic_c01,4,categorical__primary_category_fashion_shoes,-0.10680402904826398,0.8987017751764936
classification,logistic_c01,4,categorical__primary_category_fashion_sport,0.03963463483713193,1.0404305676557017
classification,logistic_c01,4,categorical__primary_category_fashion_underwear_beach,0.25477038960126724,1.2901653514801403
classification,logistic_c01,4,categorical__primary_category_fixed_telephony,0.34735801494504215,1.4153233415852837
classification,logistic_c01,4,categorical__primary_category_flowers,-0.0717036444112698,0.9308067047094011
classification,logistic_c01,4,categorical__primary_category_food,-0.12182189832695339,0.8853060289473296
classification,logistic_c01,4,categorical__primary_category_food_drink,-0.3889205727882719,0.6777881026951925
classification,logistic_c01,4,categorical__primary_category_furniture_bedroom,0.24530861923280967,1.2780156725647007
classification,logistic_c01,4,categorical__primary_category_furniture_decor,0.042114549056678385,1.0430139481719434
classification,logistic_c01,4,categorical__primary_category_furniture_living_room,0.03919848840888393,1.0399768865226733
classification,logistic_c01,4,categorical__primary_category_furniture_mattress_and_upholstery,0.12929662423000687,1.1380276406781118
classification,logistic_c01,4,categorical__primary_category_garden_tools,-0.18500695211381793,0.8310985059406342
classification,logistic_c01,4,categorical__primary_category_health_beauty,-0.11268630596359565,0.8934308801010757
classification,logistic_c01,4,categorical__primary_category_home_appliances,-0.05288274629948565,0.9484912200678787
classification,logistic_c01,4,categorical__primary_category_home_appliances_2,-0.19897009448265873,0.8195744027629545
classification,logistic_c01,4,categorical__primary_category_home_comfort_2,0.052645269090747,1.054055672666315
classification,logistic_c01,4,categorical__primary_category_home_confort,0.007836595216354894,1.0078673816964958
classification,logistic_c01,4,categorical__primary_category_home_construction,0.15170323148660733,1.1638148015890233
classification,logistic_c01,4,categorical__primary_category_housewares,-0.08914717371107733,0.9147109422636642
classification,logistic_c01,4,categorical__primary_category_industry_commerce_and_business,-0.34123615962274273,0.7108910046297029
classification,logistic_c01,4,categorical__primary_category_kitchen_dining_laundry_garden_furniture,-0.04924282476409043,0.9519499446101827
classification,logistic_c01,4,categorical__primary_category_la_cuisine,-0.034573289557294426,0.966017538094309
classification,logistic_c01,4,categorical__primary_category_luggage_accessories,-0.3758920256009203,0.6866764725191287
classification,logistic_c01,4,categorical__primary_category_market_place,-0.05177230169428975,0.9495450520289977
classification,logistic_c01,4,categorical__primary_category_music,-0.12687983071106435,0.8808395160957763
classification,logistic_c01,4,categorical__primary_category_musical_instruments,-0.11312093250432406,0.8930426557007028
classification,logistic_c01,4,categorical__primary_category_office_furniture,0.25561723010284865,1.2912583784979637
classification,logistic_c01,4,categorical__primary_category_party_supplies,0.1090327690437738,1.115198893744064
classification,logistic_c01,4,categorical__primary_category_perfumery,-0.08844457656825508,0.9153538413813016
classification,logistic_c01,4,categorical__primary_category_pet_shop,-0.2273131263911856,0.7966712844257419
classification,logistic_c01,4,categorical__primary_category_security_and_services,-0.010563472600380115,0.9894921249364131
classification,logistic_c01,4,categorical__primary_category_signaling_and_security,-0.08195152994564664,0.9213166138804717
classification,logistic_c01,4,categorical__primary_category_small_appliances,-0.025325918114884126,0.9749920926547354
classification,logistic_c01,4,categorical__primary_category_small_appliances_home_oven_and_coffee,-0.1311739533237871,0.8770651927149328
classification,logistic_c01,4,categorical__primary_category_sports_leisure,-0.1118411771726231,0.8941862634137254
classification,logistic_c01,4,categorical__primary_category_stationery,-0.32472353601439297,0.7227271340487414
classification,logistic_c01,4,categorical__primary_category_tablets_printing_image,-0.02274054472800978,0.9775160725728632
classification,logistic_c01,4,categorical__primary_category_telephony,0.12336883265874234,1.1313016049860174
classification,logistic_c01,4,categorical__primary_category_toys,-0.1300616339306138,0.8780413121154942
classification,logistic_c01,4,categorical__primary_category_watches_gifts,0.03722878911565428,1.0379304608675266
classification,logistic_c01,4,categorical__primary_payment_type_boleto,-0.19236487894428903,0.8250057863254046
classification,logistic_c01,4,categorical__primary_payment_type_credit_card,-0.21884739527590183,0.8034443181972224
classification,logistic_c01,4,categorical__primary_payment_type_debit_card,-0.19639496709986906,0.8216876309979058
classification,logistic_c01,4,categorical__primary_payment_type_voucher,0.0014686615577743263,1.0014697405693296
classification,logistic_c01,4,categorical__purchase_month_10,-0.18056244244564892,0.8348005520813403
classification,logistic_c01,4,categorical__purchase_month_11,0.2517438314876842,1.2862664941031134
classification,logistic_c01,4,categorical__purchase_month_12,0.14191094285807404,1.1524740079253433
classification,logistic_c01,4,categorical__purchase_month_2,0.3484617660599693,1.416886368739341
classification,logistic_c01,4,categorical__purchase_month_3,0.40348984277506217,1.4970400263294399
classification,logistic_c01,4,categorical__purchase_month_4,-0.06715669667522059,0.9350486708387656
classification,logistic_c01,4,categorical__purchase_month_5,-0.22327280863770638,0.799896600823897
classification,logistic_c01,4,categorical__purchase_month_6,-0.2783275759275241,0.7570487899324226
classification,logistic_c01,4,categorical__purchase_month_7,-0.29689506215825073,0.743121989888247
classification,logistic_c01,4,categorical__purchase_month_8,-0.28903779073227176,0.7489839002177869
classification,logistic_c01,4,categorical__purchase_month_9,-0.23426005870459937,0.7911560421246625
classification,logistic_c01,4,categorical__purchase_dayofweek_1,-0.01726195463518674,0.9828861793184931
classification,logistic_c01,4,categorical__purchase_dayofweek_2,-0.069871126004987,0.932513988965612
classification,logistic_c01,4,categorical__purchase_dayofweek_3,-0.04067133636530638,0.9601446427242802
classification,logistic_c01,4,categorical__purchase_dayofweek_4,0.0543001559335045,1.0558014596720926
classification,logistic_c01,4,categorical__purchase_dayofweek_5,-0.03506730188221869,0.9655404313823985
classification,logistic_c01,4,categorical__purchase_dayofweek_6,0.006966036914476482,1.0069903561864761
classification,logistic_c01,4,categorical__purchase_hour_1,0.10523549608292561,1.1109722091552452
classification,logistic_c01,4,categorical__purchase_hour_10,-0.13346898899006282,0.8750546048839062
classification,logistic_c01,4,categorical__purchase_hour_11,-0.08858340858076602,0.9152267697863498
classification,logistic_c01,4,categorical__purchase_hour_12,-0.04553800837738527,0.9554832855124815
classification,logistic_c01,4,categorical__purchase_hour_13,-0.12374465057671832,0.8836054402177632
classification,logistic_c01,4,categorical__purchase_hour_14,-0.08416003546046319,0.9192841262640004
classification,logistic_c01,4,categorical__purchase_hour_15,-0.11100983432823618,0.8949299478508992
classification,logistic_c01,4,categorical__purchase_hour_16,-0.10656452033248903,0.8989170478633441
classification,logistic_c01,4,categorical__purchase_hour_17,-0.10595918675051655,0.8994613572675831
classification,logistic_c01,4,categorical__purchase_hour_18,-0.0017526758178556328,0.9982488592214659
classification,logistic_c01,4,categorical__purchase_hour_19,-0.020792283534526747,0.9794223855979215
classification,logistic_c01,4,categorical__purchase_hour_2,-0.05171993782101013,0.9495947751876128
classification,logistic_c01,4,categorical__purchase_hour_20,-0.1033677463680012,0.901795280556715
classification,logistic_c01,4,categorical__purchase_hour_21,-0.032989736490802196,0.9675484899808978
classification,logistic_c01,4,categorical__purchase_hour_22,-0.19619147647265828,0.8218548537428625
classification,logistic_c01,4,categorical__purchase_hour_23,-0.005772172035389556,0.9942444549429713
classification,logistic_c01,4,categorical__purchase_hour_3,-0.38769102173082576,0.6786219903222369
classification,logistic_c01,4,categorical__purchase_hour_4,0.2056005345909592,1.2282624576186947
classification,logistic_c01,4,categorical__purchase_hour_5,-0.0867101908129317,0.9169427955763245
classification,logistic_c01,4,categorical__purchase_hour_6,0.1148045359134841,1.1216541730351461
classification,logistic_c01,4,categorical__purchase_hour_7,-0.18764064948037884,0.8289125238653665
classification,logistic_c01,4,categorical__purchase_hour_8,-0.17303622111398845,0.8411071484549626
classification,logistic_c01,4,categorical__purchase_hour_9,-0.14312262812456797,0.8666477869862674
classification,logistic_c1,0,numeric__n_items,0.15734060078083414,1.1703941831932336
classification,logistic_c1,0,numeric__has_items,-0.0488209858736833,0.9523515988292691
classification,logistic_c1,0,numeric__n_products,0.03711437290084549,1.0378117115865106
classification,logistic_c1,0,numeric__n_sellers,0.16396770033841432,1.1781762597836594
classification,logistic_c1,0,numeric__n_categories,0.01524143236941629,1.0153581753557774
classification,logistic_c1,0,numeric__total_price,0.040873716166227654,1.0417205447745417
classification,logistic_c1,0,numeric__total_freight,0.019282376864180724,1.0194694825722874
classification,logistic_c1,0,numeric__freight_ratio,0.008773176916484672,1.0088117740236022
classification,logistic_c1,0,numeric__freight_ratio_missing,0.0488209858736772,1.0500323632882007
classification,logistic_c1,0,numeric__total_weight_g,-0.004461008103697383,0.9955489274133219
classification,logistic_c1,0,numeric__total_volume_cm3,0.04361173566604884,1.0445767042653629
classification,logistic_c1,0,numeric__weight_missing_fraction,-0.10036625209987242,0.9045060801118698
classification,logistic_c1,0,numeric__volume_missing_fraction,0.06354263960467,1.0656049218053736
classification,logistic_c1,0,numeric__category_missing_fraction,0.06034994541018922,1.0622081963959813
classification,logistic_c1,0,numeric__distance_km_max,0.0731743214034404,1.0759180761171958
classification,logistic_c1,0,numeric__distance_missing_fraction,0.15656927098233972,1.169491771357063
classification,logistic_c1,0,numeric__interstate_share,0.08241674675688748,1.0859082642909565
classification,logistic_c1,0,numeric__payment_installments_max,0.0593460754673812,1.0611424125582993
classification,logistic_c1,0,numeric__n_payment_methods,-0.03030284061417885,0.9701516877235721
classification,logistic_c1,0,numeric__payment_missing,0.04408618022587672,1.045072415584495
classification,logistic_c1,0,numeric__missingindicator_total_price,0.0488209858736772,1.0500323632882007
classification,logistic_c1,0,numeric__missingindicator_total_freight,0.0488209858736772,1.0500323632882007
classification,logistic_c1,0,numeric__missingindicator_freight_ratio,0.0488209858736772,1.0500323632882007
classification,logistic_c1,0,numeric__missingindicator_total_weight_g,0.03120561890957977,1.0316976186177318
classification,logistic_c1,0,numeric__missingindicator_total_volume_cm3,0.05741997426958535,1.0591005119712866
classification,logistic_c1,0,numeric__missingindicator_weight_missing_fraction,0.0488209858736772,1.0500323632882007
classification,logistic_c1,0,numeric__missingindicator_volume_missing_fraction,0.0488209858736772,1.0500323632882007
classification,logistic_c1,0,numeric__missingindicator_category_missing_fraction,0.0488209858736772,1.0500323632882007
classification,logistic_c1,0,numeric__missingindicator_distance_km_max,-0.21778396342655407,0.8042991809379407
classification,logistic_c1,0,numeric__missingindicator_distance_missing_fraction,0.0488209858736772,1.0500323632882007
classification,logistic_c1,0,numeric__missingindicator_interstate_share,0.0488209858736772,1.0500323632882007
classification,logistic_c1,0,numeric__missingindicator_payment_installments_max,-0.04811307117734915,0.9530260212107502
classification,logistic_c1,0,categorical__customer_state_AL,0.5526398787906149,1.7378346405515461
classification,logistic_c1,0,categorical__customer_state_AM,-0.4958100743523611,0.6090773094908168
classification,logistic_c1,0,categorical__customer_state_AP,-0.8483740795224911,0.42811043990606884
classification,logistic_c1,0,categorical__customer_state_BA,0.21500800796983144,1.2398718257824828
classification,logistic_c1,0,categorical__customer_state_CE,0.009799682966084586,1.009847857094337
classification,logistic_c1,0,categorical__customer_state_DF,0.0665223804497465,1.0687848836938858
classification,logistic_c1,0,categorical__customer_state_ES,0.12126051760792496,1.128918977332646
classification,logistic_c1,0,categorical__customer_state_GO,-0.09595857436754406,0.9085016505446458
classification,logistic_c1,0,categorical__customer_state_MA,0.07178757106215675,1.074427080416287
classification,logistic_c1,0,categorical__customer_state_MG,-0.1309265621004368,0.8772821977873848
classification,logistic_c1,0,categorical__customer_state_MS,0.0022848951978531413,1.002287507560165
classification,logistic_c1,0,categorical__customer_state_MT,-0.0773248864783156,0.9255890933717612
classification,logistic_c1,0,categorical__customer_state_PA,0.1328814053031371,1.142114541570986
classification,logistic_c1,0,categorical__customer_state_PB,0.09492230436178921,1.099573419748561
classification,logistic_c1,0,categorical__customer_state_PE,-0.04555195127041843,0.9554699634041112
classification,logistic_c1,0,categorical__customer_state_PI,0.11835366449738371,1.1256421406406858
classification,logistic_c1,0,categorical__customer_state_PR,-0.19829383393798233,0.8201288360445165
classification,logistic_c1,0,categorical__customer_state_RJ,0.4562168768088737,1.5780925593343105
classification,logistic_c1,0,categorical__customer_state_RN,-0.2695332387256937,0.7637358934926006
classification,logistic_c1,0,categorical__customer_state_RO,-0.3036506182795616,0.7381187065892486
classification,logistic_c1,0,categorical__customer_state_RR,0.2886600540234914,1.3346379466021652
classification,logistic_c1,0,categorical__customer_state_RS,-0.16294908093277716,0.8496344499068331
classification,logistic_c1,0,categorical__customer_state_SC,0.07405024696772051,1.0768609131323779
classification,logistic_c1,0,categorical__customer_state_SE,0.3580511886564224,1.43053884596721
classification,logistic_c1,0,categorical__customer_state_SP,0.004366615046809439,1.0043761626020675
classification,logistic_c1,0,categorical__customer_state_TO,-0.27925089021239646,0.7563501185665943
classification,logistic_c1,0,categorical__primary_seller_state_BA,-0.07515889467535612,0.9275960845394688
classification,logistic_c1,0,categorical__primary_seller_state_CE,0.2086644876448246,1.2320315673656839
classification,logistic_c1,0,categorical__primary_seller_state_DF,0.22733220254075254,1.2552467948588777
classification,logistic_c1,0,categorical__primary_seller_state_ES,0.16870629160104952,1.18377240396264
classification,logistic_c1,0,categorical__primary_seller_state_GO,-0.29925216377223407,0.741372438591619
classification,logistic_c1,0,categorical__primary_seller_state_MA,0.5391046303296857,1.7144710893312245
classification,logistic_c1,0,categorical__primary_seller_state_MG,-0.027846601835248987,0.9725375408333583
classification,logistic_c1,0,categorical__primary_seller_state_MS,-0.25346804373714876,0.7761045459297308
classification,logistic_c1,0,categorical__primary_seller_state_MT,-0.9092478712994367,0.4028270879372433
classification,logistic_c1,0,categorical__primary_seller_state_PA,-0.10619770722426518,0.8992468429025801
classification,logistic_c1,0,categorical__primary_seller_state_PB,0.042087725313138424,1.0429859710085168
classification,logistic_c1,0,categorical__primary_seller_state_PE,-0.6107215861872067,0.5429589360163156
classification,logistic_c1,0,categorical__primary_seller_state_PI,-0.03145104173875675,0.9690383977274397
classification,logistic_c1,0,categorical__primary_seller_state_PR,-0.015347478362379057,0.9847696939844465
classification,logistic_c1,0,categorical__primary_seller_state_RJ,0.12174338865479821,1.129464231254137
classification,logistic_c1,0,categorical__primary_seller_state_RN,-0.19634161743325967,0.8217314689284356
classification,logistic_c1,0,categorical__primary_seller_state_RO,0.05383815370607784,1.055313789706983
classification,logistic_c1,0,categorical__primary_seller_state_RS,-0.3208417222654757,0.7255380784259526
classification,logistic_c1,0,categorical__primary_seller_state_SC,-0.021539452930271784,0.9786908644850207
classification,logistic_c1,0,categorical__primary_seller_state_SE,0.027699259470198936,1.0280864506603402
classification,logistic_c1,0,categorical__primary_seller_state_SP,0.24291613160977746,1.2749616906497632
classification,logistic_c1,0,categorical__primary_seller_state_Unknown,-0.004654961242696768,0.9953558562978023
classification,logistic_c1,0,categorical__primary_category_agro_industry_and_commerce,0.14797040452810378,1.1594785805394354
classification,logistic_c1,0,categorical__primary_category_air_conditioning,0.12896607149454062,1.1376515246949577
classification,logistic_c1,0,categorical__primary_category_art,0.2198296759609975,1.2458645118392104
classification,logistic_c1,0,categorical__primary_category_arts_and_craftmanship,0.07737841337523871,1.0804508560991042
classification,logistic_c1,0,categorical__primary_category_audio,0.6177008571304723,1.8546590101314084
classification,logistic_c1,0,categorical__primary_category_auto,0.01337383526471434,1.0134636650089248
classification,logistic_c1,0,categorical__primary_category_baby,0.12840521492159696,1.1370136442560526
classification,logistic_c1,0,categorical__primary_category_bed_bath_table,0.05595125241065376,1.0575461296556097
classification,logistic_c1,0,categorical__primary_category_books_general_interest,-0.4672754054129078,0.6267074680138959
classification,logistic_c1,0,categorical__primary_category_books_imported,0.0534049773015865,1.054856751670141
classification,logistic_c1,0,categorical__primary_category_books_technical,-0.16969262750464312,0.8439241758142088
classification,logistic_c1,0,categorical__primary_category_cds_dvds_musicals,-0.1738492183855442,0.8404236085338777
classification,logistic_c1,0,categorical__primary_category_christmas_supplies,-0.1084218928962934,0.8972489735987416
classification,logistic_c1,0,categorical__primary_category_cine_photo,0.18393582071257958,1.2019386810527943
classification,logistic_c1,0,categorical__primary_category_computers,-0.002055110979590393,0.9979469993151013
classification,logistic_c1,0,categorical__primary_category_computers_accessories,0.211879002962995,1.2359983238955214
classification,logistic_c1,0,categorical__primary_category_consoles_games,0.03442686187509268,1.0350263257230798
classification,logistic_c1,0,categorical__primary_category_construction_tools_construction,0.13300714209438935,1.1422581564173315
classification,logistic_c1,0,categorical__primary_category_construction_tools_lights,-0.2922134135445974,0.7466091824578054
classification,logistic_c1,0,categorical__primary_category_construction_tools_safety,0.5341028600366639,1.7059171091238132
classification,logistic_c1,0,categorical__primary_category_cool_stuff,-0.19714610990658563,0.8210706579909406
classification,logistic_c1,0,categorical__primary_category_costruction_tools_garden,-0.1825976590607228,0.8331032798716291
classification,logistic_c1,0,categorical__primary_category_costruction_tools_tools,-0.3462624368323997,0.707326834132657
classification,logistic_c1,0,categorical__primary_category_diapers_and_hygiene,0.23637557172599055,1.2666499387486871
classification,logistic_c1,0,categorical__primary_category_drinks,0.05714182834932198,1.0588059684496713
classification,logistic_c1,0,categorical__primary_category_dvds_blu_ray,0.8124096332525864,2.2533311518053782
classification,logistic_c1,0,categorical__primary_category_electronics,-0.05260774775147998,0.9487520896439268
classification,logistic_c1,0,categorical__primary_category_fashio_female_clothing,-0.4107150476989072,0.6631758781715831
classification,logistic_c1,0,categorical__primary_category_fashion_bags_accessories,-0.17824432734940931,0.8367379605437907
classification,logistic_c1,0,categorical__primary_category_fashion_childrens_clothes,-0.079284407506974,0.923777157921988
classification,logistic_c1,0,categorical__primary_category_fashion_male_clothing,1.0632266361586873,2.895699299707973
classification,logistic_c1,0,categorical__primary_category_fashion_shoes,-0.2339016291957751,0.7914396666229029
classification,logistic_c1,0,categorical__primary_category_fashion_sport,-0.018313562503605482,0.9818531117647498
classification,logistic_c1,0,categorical__primary_category_fashion_underwear_beach,0.3645611909734613,1.4398820362672096
classification,logistic_c1,0,categorical__primary_category_fixed_telephony,0.3908406804313826,1.478222984803228
classification,logistic_c1,0,categorical__primary_category_flowers,-0.46382256580274345,0.6288751285218832
classification,logistic_c1,0,categorical__primary_category_food,0.019439554733963513,1.0196297332074635
classification,logistic_c1,0,categorical__primary_category_food_drink,-0.7873089644187803,0.4550677525475482
classification,logistic_c1,0,categorical__primary_category_furniture_bedroom,0.2777660400437362,1.32017729245323
classification,logistic_c1,0,categorical__primary_category_furniture_decor,0.0017320023922713932,1.0017335031747427
classification,logistic_c1,0,categorical__primary_category_furniture_living_room,0.019633902954019233,1.0198279156888106
classification,logistic_c1,0,categorical__primary_category_furniture_mattress_and_upholstery,0.1411800765984386,1.1516320112887906
classification,logistic_c1,0,categorical__primary_category_garden_tools,-0.14533006619367367,0.8647368256091889
classification,logistic_c1,0,categorical__primary_category_health_beauty,-0.11194364258931919,0.8940946449395835
classification,logistic_c1,0,categorical__primary_category_home_appliances,-0.0503942575543761,0.9508544690335294
classification,logistic_c1,0,categorical__primary_category_home_appliances_2,-0.3191540711514561,0.726763567380305
classification,logistic_c1,0,categorical__primary_category_home_comfort_2,0.1353624842246241,1.1449517360823285
classification,logistic_c1,0,categorical__primary_category_home_confort,0.19181136355745707,1.2114419733055553
classification,logistic_c1,0,categorical__primary_category_home_construction,0.045182128567849145,1.0462183888146241
classification,logistic_c1,0,categorical__primary_category_housewares,-0.07664374152738597,0.9262197684755443
classification,logistic_c1,0,categorical__primary_category_industry_commerce_and_business,-0.570760137758115,0.5650957248019775
classification,logistic_c1,0,categorical__primary_category_kitchen_dining_laundry_garden_furniture,-0.07165175875778372,0.930855001476488
classification,logistic_c1,0,categorical__primary_category_la_cuisine,-0.12736662105852345,0.8804108362687464
classification,logistic_c1,0,categorical__primary_category_luggage_accessories,-0.38368033772918003,0.6813491940023504
classification,logistic_c1,0,categorical__primary_category_market_place,-0.10968857698044816,0.8961131621133918
classification,logistic_c1,0,categorical__primary_category_music,-0.5343239841917845,0.5860653456981425
classification,logistic_c1,0,categorical__primary_category_musical_instruments,-0.08356571368200519,0.9198306392270214
classification,logistic_c1,0,categorical__primary_category_office_furniture,0.3201516583285092,1.377336633068781
classification,logistic_c1,0,categorical__primary_category_party_supplies,0.48974124211748576,1.6318938999083865
classification,logistic_c1,0,categorical__primary_category_perfumery,-0.07943024564571396,0.9236424458039872
classification,logistic_c1,0,categorical__primary_category_pet_shop,-0.25450272358316545,0.7753019414885783
classification,logistic_c1,0,categorical__primary_category_security_and_services,0.1526644458801496,1.1649340149435479
classification,logistic_c1,0,categorical__primary_category_signaling_and_security,-0.4533138911360264,0.6355186186538866
classification,logistic_c1,0,categorical__primary_category_small_appliances,0.0063508586994420815,1.0063710681623816
classification,logistic_c1,0,categorical__primary_category_small_appliances_home_oven_and_coffee,-0.0480236334208009,0.9531112615318141
classification,logistic_c1,0,categorical__primary_category_sports_leisure,-0.08825969049369985,0.9155230932055343
classification,logistic_c1,0,categorical__primary_category_stationery,-0.31641759219659427,0.7287550641894084
classification,logistic_c1,0,categorical__primary_category_tablets_printing_image,-0.028070225008106724,0.9723200832179411
classification,logistic_c1,0,categorical__primary_category_telephony,0.11357447542012793,1.1202753187606282
classification,logistic_c1,0,categorical__primary_category_toys,-0.12250652013008906,0.884700136564698
classification,logistic_c1,0,categorical__primary_category_watches_gifts,0.07873931288444945,1.0819222421160601
classification,logistic_c1,0,categorical__primary_payment_type_boleto,-0.3153516926557049,0.7295322580094332
classification,logistic_c1,0,categorical__primary_payment_type_credit_card,-0.33651010017469957,0.7142586694023776
classification,logistic_c1,0,categorical__primary_payment_type_debit_card,-0.36232449733518046,0.6960564627236598
classification,logistic_c1,0,categorical__primary_payment_type_voucher,-0.15261974617717475,0.8584560909662193
classification,logistic_c1,0,categorical__purchase_month_10,-0.20831673916475696,0.8119498196710269
classification,logistic_c1,0,categorical__purchase_month_11,0.21813252138021075,1.2437518804140435
classification,logistic_c1,0,categorical__purchase_month_12,0.07314744879513381,1.075889163780643
classification,logistic_c1,0,categorical__purchase_month_2,0.28459638008972565,1.3292254179915484
classification,logistic_c1,0,categorical__purchase_month_3,0.34768454259335657,1.4157855592469324
classification,logistic_c1,0,categorical__purchase_month_4,-0.1153809706666813,0.8910266242303553
classification,logistic_c1,0,categorical__purchase_month_5,-0.2555678959437904,0.7744765509589954
classification,logistic_c1,0,categorical__purchase_month_6,-0.33644702942376514,0.7143037196536799
classification,logistic_c1,0,categorical__purchase_month_7,-0.33453380392605536,0.7156716519073952
classification,logistic_c1,0,categorical__purchase_month_8,-0.3388411885218992,0.7125956084653186
classification,logistic_c1,0,categorical__purchase_month_9,-0.28785115586807886,0.7498731981581229
classification,logistic_c1,0,categorical__purchase_dayofweek_1,0.02098815677317902,1.0212099571447555
classification,logistic_c1,0,categorical__purchase_dayofweek_2,-0.03416237042842459,0.966414574748927
classification,logistic_c1,0,categorical__purchase_dayofweek_3,-0.014674091730298575,0.9854330480538684
classification,logistic_c1,0,categorical__purchase_dayofweek_4,0.06938364504157403,1.0718473391963084
classification,logistic_c1,0,categorical__purchase_dayofweek_5,-0.021296032304402183,0.9789291270256184
classification,logistic_c1,0,categorical__purchase_dayofweek_6,0.03312626067587153,1.0336810442695907
classification,logistic_c1,0,categorical__purchase_hour_1,0.011441637422658652,1.0115073433113164
classification,logistic_c1,0,categorical__purchase_hour_10,-0.1859352233124899,0.8303273790971023
classification,logistic_c1,0,categorical__purchase_hour_11,-0.2119434959803529,0.8090104086150818
classification,logistic_c1,0,categorical__purchase_hour_12,-0.15359828486620664,0.8576164693364957
classification,logistic_c1,0,categorical__purchase_hour_13,-0.2153127927677945,0.8062891992995306
classification,logistic_c1,0,categorical__purchase_hour_14,-0.2171919675358685,0.8047754637127507
classification,logistic_c1,0,categorical__purchase_hour_15,-0.15888471167739454,0.8530947051575203
classification,logistic_c1,0,categorical__purchase_hour_16,-0.19954058514846287,0.8191069765600665
classification,logistic_c1,0,categorical__purchase_hour_17,-0.21299266771033928,0.8081620628731018
classification,logistic_c1,0,categorical__purchase_hour_18,-0.11966938951801201,0.887213710387229
classification,logistic_c1,0,categorical__purchase_hour_19,-0.1311499489446959,0.8770862463729954
classification,logistic_c1,0,categorical__purchase_hour_2,-0.058333155357981406,0.9433356177639658
classification,logistic_c1,0,categorical__purchase_hour_20,-0.19134137141135496,0.8258506182345828
classification,logistic_c1,0,categorical__purchase_hour_21,-0.18393390412385022,0.8319907931697904
classification,logistic_c1,0,categorical__purchase_hour_22,-0.3119809868730428,0.7319954456183453
classification,logistic_c1,0,categorical__purchase_hour_23,-0.17266830764843322,0.8414166600341014
classification,logistic_c1,0,categorical__purchase_hour_3,-0.5666101349706244,0.5674457465607551
classification,logistic_c1,0,categorical__purchase_hour_4,-0.0062332659931724314,0.9937861205079778
classification,logistic_c1,0,categorical__purchase_hour_5,-0.16696305487971672,0.8462308748611266
classification,logistic_c1,0,categorical__purchase_hour_6,-0.10299267930589438,0.9021335777013074
classification,logistic_c1,0,categorical__purchase_hour_7,-0.33727464979190747,0.7137127919119022
classification,logistic_c1,0,categorical__purchase_hour_8,-0.2576593434164209,0.7728584665929218
classification,logistic_c1,0,categorical__purchase_hour_9,-0.23563600942734064,0.7900681989776112
classification,logistic_c1,1,numeric__n_items,0.16075528495377372,1.1743975408978293
classification,logistic_c1,1,numeric__has_items,-0.04314928603739634,0.95776839794506
classification,logistic_c1,1,numeric__n_products,0.03540650545163967,1.036040779435032
classification,logistic_c1,1,numeric__n_sellers,0.18069631306299103,1.1980512915149142
classification,logistic_c1,1,numeric__n_categories,-0.010834247197053068,0.9892242318763268
classification,logistic_c1,1,numeric__total_price,0.0430776221654829,1.0440189307156895
classification,logistic_c1,1,numeric__total_freight,0.03724563285610473,1.0379479436460524
classification,logistic_c1,1,numeric__freight_ratio,0.013632901313780948,1.0137262530488458
classification,logistic_c1,1,numeric__freight_ratio_missing,0.04314928603738807,1.0440937518355604
classification,logistic_c1,1,numeric__total_weight_g,0.013268788781185231,1.0133572098062014
classification,logistic_c1,1,numeric__total_volume_cm3,0.011357566267471697,1.0114223082950302
classification,logistic_c1,1,numeric__weight_missing_fraction,-0.10228482357579381,0.9027723841883423
classification,logistic_c1,1,numeric__volume_missing_fraction,0.07883511102961915,1.0820258932247855
classification,logistic_c1,1,numeric__category_missing_fraction,0.048714834548826,1.0499209068774285
classification,logistic_c1,1,numeric__distance_km_max,0.06169151392143955,1.063634177776643
classification,logistic_c1,1,numeric__distance_missing_fraction,0.11731517273230274,1.124473777320049
classification,logistic_c1,1,numeric__interstate_share,0.08231448722931409,1.0857972255023458
classification,logistic_c1,1,numeric__payment_installments_max,0.05932183248460378,1.0611166876128932
classification,logistic_c1,1,numeric__n_payment_methods,-0.026080415698934857,0.9742567409217961
classification,logistic_c1,1,numeric__payment_missing,-0.003621296527549874,0.9963852524590612
classification,logistic_c1,1,numeric__missingindicator_total_price,0.04314928603738807,1.0440937518355604
classification,logistic_c1,1,numeric__missingindicator_total_freight,0.04314928603738807,1.0440937518355604
classification,logistic_c1,1,numeric__missingindicator_freight_ratio,0.04314928603738807,1.0440937518355604
classification,logistic_c1,1,numeric__missingindicator_total_weight_g,0.02252482250008974,1.0227804218164644
classification,logistic_c1,1,numeric__missingindicator_total_volume_cm3,0.05604639778969761,1.0576467550699178
classification,logistic_c1,1,numeric__missingindicator_weight_missing_fraction,0.04314928603738807,1.0440937518355604
classification,logistic_c1,1,numeric__missingindicator_volume_missing_fraction,0.04314928603738807,1.0440937518355604
classification,logistic_c1,1,numeric__missingindicator_category_missing_fraction,0.04314928603738807,1.0440937518355604
classification,logistic_c1,1,numeric__missingindicator_distance_km_max,-0.15461070511412678,0.8567486404358917
classification,logistic_c1,1,numeric__missingindicator_distance_missing_fraction,0.04314928603738807,1.0440937518355604
classification,logistic_c1,1,numeric__missingindicator_interstate_share,0.04314928603738807,1.0440937518355604
classification,logistic_c1,1,numeric__missingindicator_payment_installments_max,-0.003621296527549874,0.9963852524590612
classification,logistic_c1,1,categorical__customer_state_AL,0.5217230984332973,1.6849284473690835
classification,logistic_c1,1,categorical__customer_state_AM,-0.30287193206612456,0.7386936932880036
classification,logistic_c1,1,categorical__customer_state_AP,-0.6615791155402616,0.516035810590098
classification,logistic_c1,1,categorical__customer_state_BA,0.16137244825773778,1.1751225596688144
classification,logistic_c1,1,categorical__customer_state_CE,0.10398891225535412,1.1095881520172852
classification,logistic_c1,1,categorical__customer_state_DF,-0.00046768833727063835,0.999532421011872
classification,logistic_c1,1,categorical__customer_state_ES,-0.011457672398259051,0.9886077167560308
classification,logistic_c1,1,categorical__customer_state_GO,-0.09948167357237214,0.9053065407512818
classification,logistic_c1,1,categorical__customer_state_MA,0.14997150927159614,1.1618011416959617
classification,logistic_c1,1,categorical__customer_state_MG,-0.19029201012008035,0.8267176887612919
classification,logistic_c1,1,categorical__customer_state_MS,-0.07498287647127032,0.9277593727068099
classification,logistic_c1,1,categorical__customer_state_MT,-0.20799601686651853,0.8122102718474238
classification,logistic_c1,1,categorical__customer_state_PA,0.22178354410572712,1.2483011464777676
classification,logistic_c1,1,categorical__customer_state_PB,0.052898386151151944,1.054322505908282
classification,logistic_c1,1,categorical__customer_state_PE,0.04679163851212008,1.0479036435686355
classification,logistic_c1,1,categorical__customer_state_PI,0.16685012104218166,1.1815771584833044
classification,logistic_c1,1,categorical__customer_state_PR,-0.2143271488544233,0.8070843051224745
classification,logistic_c1,1,categorical__customer_state_RJ,0.3897391924238635,1.476595636329977
classification,logistic_c1,1,categorical__customer_state_RN,-0.31851039029628536,0.7272315217653456
classification,logistic_c1,1,categorical__customer_state_RO,-0.19000725828714596,0.8269531316582933
classification,logistic_c1,1,categorical__customer_state_RR,-0.04334100135417884,0.9575847966733939
classification,logistic_c1,1,categorical__customer_state_RS,-0.19206458689006994,0.825253566209026
classification,logistic_c1,1,categorical__customer_state_SC,0.03458088634963534,1.0351857573869112
classification,logistic_c1,1,categorical__customer_state_SE,0.17764174878134983,1.1943973502725311
classification,logistic_c1,1,categorical__customer_state_SP,-0.0751995836278774,0.9275583423942755
classification,logistic_c1,1,categorical__customer_state_TO,-0.40237348709342013,0.6687309366692112
classification,logistic_c1,1,categorical__primary_seller_state_AM,0.055560293104044346,1.0571327529660495
classification,logistic_c1,1,categorical__primary_seller_state_BA,-0.0768423409926555,0.926035839989457
classification,logistic_c1,1,categorical__primary_seller_state_CE,0.06097449700465696,1.06287180742679
classification,logistic_c1,1,categorical__primary_seller_state_DF,0.21715549143547971,1.2425372910247847
classification,logistic_c1,1,categorical__primary_seller_state_ES,0.12448802186095892,1.1325684543165775
classification,logistic_c1,1,categorical__primary_seller_state_GO,-0.4611278223524086,0.6305720710410332
classification,logistic_c1,1,categorical__primary_seller_state_MA,0.5967774611763746,1.8162564027902228
classification,logistic_c1,1,categorical__primary_seller_state_MG,-0.1292424051714987,0.8787609235330082
classification,logistic_c1,1,categorical__primary_seller_state_MS,-0.061600585338742984,0.9402583647766524
classification,logistic_c1,1,categorical__primary_seller_state_MT,-0.6228843752406233,0.5363950395748885
classification,logistic_c1,1,categorical__primary_seller_state_PA,-0.09844785611626777,0.9062429464090925
classification,logistic_c1,1,categorical__primary_seller_state_PB,-0.042415079955827065,0.9584718555373869
classification,logistic_c1,1,categorical__primary_seller_state_PE,-0.8133922659130935,0.443351546071892
classification,logistic_c1,1,categorical__primary_seller_state_PI,0.09546847973988153,1.100174143712218
classification,logistic_c1,1,categorical__primary_seller_state_PR,-0.06444170140047642,0.9375907728977595
classification,logistic_c1,1,categorical__primary_seller_state_RJ,0.022470866001038012,1.02272523765439
classification,logistic_c1,1,categorical__primary_seller_state_RN,-0.012129400692827122,0.9879438639697693
classification,logistic_c1,1,categorical__primary_seller_state_RO,0.19771830029999055,1.2186190608416496
classification,logistic_c1,1,categorical__primary_seller_state_RS,-0.472089501890575,0.623697688297335
classification,logistic_c1,1,categorical__primary_seller_state_SC,-0.05206662566999019,0.9492656192780743
classification,logistic_c1,1,categorical__primary_seller_state_SE,0.03756944056612559,1.0382840936138438
classification,logistic_c1,1,categorical__primary_seller_state_SP,0.1779249360526836,1.1947356362959303
classification,logistic_c1,1,categorical__primary_seller_state_Unknown,-0.004912115633574408,0.9950999290766842
classification,logistic_c1,1,categorical__primary_category_agro_industry_and_commerce,-0.09267591106279936,0.9114888558873903
classification,logistic_c1,1,categorical__primary_category_air_conditioning,0.2424581013892854,1.2743778533832388
classification,logistic_c1,1,categorical__primary_category_art,0.2532808022587694,1.2882449681472892
classification,logistic_c1,1,categorical__primary_category_arts_and_craftmanship,0.08346669350544952,1.0870490088980358
classification,logistic_c1,1,categorical__primary_category_audio,0.442140727331757,1.556034701638516
classification,logistic_c1,1,categorical__primary_category_auto,0.06044434595497591,1.0623084741614615
classification,logistic_c1,1,categorical__primary_category_baby,0.18246771440257542,1.2001754019481974
classification,logistic_c1,1,categorical__primary_category_bed_bath_table,0.13083557389050915,1.139780356253973
classification,logistic_c1,1,categorical__primary_category_books_general_interest,-0.6688069075320385,0.5123194577821876
classification,logistic_c1,1,categorical__primary_category_books_imported,-0.042121942292795166,0.9587528609218195
classification,logistic_c1,1,categorical__primary_category_books_technical,-0.2207310330415554,0.8019323445892124
classification,logistic_c1,1,categorical__primary_category_cds_dvds_musicals,-0.1743520859965744,0.8400010929652019
classification,logistic_c1,1,categorical__primary_category_christmas_supplies,-0.2796007130450565,0.7560855762997949
classification,logistic_c1,1,categorical__primary_category_cine_photo,0.1328599751466192,1.1420900661398559
classification,logistic_c1,1,categorical__primary_category_computers,-0.5094390708107603,0.6008325087985288
classification,logistic_c1,1,categorical__primary_category_computers_accessories,0.24772230536588122,1.2811041270518886
classification,logistic_c1,1,categorical__primary_category_consoles_games,0.2486902525524814,1.2823447685282583
classification,logistic_c1,1,categorical__primary_category_construction_tools_construction,-0.011583728880246206,0.9884831041994665
classification,logistic_c1,1,categorical__primary_category_construction_tools_lights,-0.31053113258258563,0.7330575020832876
classification,logistic_c1,1,categorical__primary_category_construction_tools_safety,0.47699852655345354,1.6112310699896362
classification,logistic_c1,1,categorical__primary_category_cool_stuff,-0.13927893303767422,0.869985326961111
classification,logistic_c1,1,categorical__primary_category_costruction_tools_garden,-0.2833575302168439,0.7532504299212379
classification,logistic_c1,1,categorical__primary_category_costruction_tools_tools,-0.2807493596964429,0.7552175997290406
classification,logistic_c1,1,categorical__primary_category_diapers_and_hygiene,0.3275945906754127,1.3876263015994357
classification,logistic_c1,1,categorical__primary_category_drinks,-0.03212740402222257,0.9683831983050532
classification,logistic_c1,1,categorical__primary_category_dvds_blu_ray,0.5419176838981701,1.7193007782490677
classification,logistic_c1,1,categorical__primary_category_electronics,-0.01534246926151252,0.9847746268075285
classification,logistic_c1,1,categorical__primary_category_fashio_female_clothing,-0.051862582026068,0.9494593306561975
classification,logistic_c1,1,categorical__primary_category_fashion_bags_accessories,-0.12594880941998726,0.8816599783139155
classification,logistic_c1,1,categorical__primary_category_fashion_childrens_clothes,0.09002690375881237,1.0942037215022298
classification,logistic_c1,1,categorical__primary_category_fashion_male_clothing,0.5716460465174916,1.7711800981031713
classification,logistic_c1,1,categorical__primary_category_fashion_shoes,-0.012738048744646421,0.9873427368176497
classification,logistic_c1,1,categorical__primary_category_fashion_sport,-0.08321511008902774,0.920153191694788
classification,logistic_c1,1,categorical__primary_category_fashion_underwear_beach,0.6279182393117166,1.873705909077122
classification,logistic_c1,1,categorical__primary_category_fixed_telephony,0.20317555629180697,1.225287556306698
classification,logistic_c1,1,categorical__primary_category_flowers,-0.20610795540424293,0.8137452233463693
classification,logistic_c1,1,categorical__primary_category_food,0.007522060326981774,1.0075504220911315
classification,logistic_c1,1,categorical__primary_category_food_drink,-0.8658166026152149,0.4207078611770729
classification,logistic_c1,1,categorical__primary_category_furniture_bedroom,0.031047171447097073,1.0315341616980214
classification,logistic_c1,1,categorical__primary_category_furniture_decor,0.07348982624525424,1.0762575870354587
classification,logistic_c1,1,categorical__primary_category_furniture_living_room,0.09259068228105842,1.0970126166563496
classification,logistic_c1,1,categorical__primary_category_furniture_mattress_and_upholstery,0.16390392807720341,1.1781011272151802
classification,logistic_c1,1,categorical__primary_category_garden_tools,-0.16194051261502362,0.8504917965683461
classification,logistic_c1,1,categorical__primary_category_health_beauty,-0.08257047567224793,0.9207465453384068
classification,logistic_c1,1,categorical__primary_category_home_appliances,-0.11179672311663275,0.894226014503487
classification,logistic_c1,1,categorical__primary_category_home_appliances_2,-0.17428297397915177,0.8400591491415406
classification,logistic_c1,1,categorical__primary_category_home_comfort_2,-0.01871480806117217,0.9814592265930934
classification,logistic_c1,1,categorical__primary_category_home_confort,0.2161370623588288,1.2412724990785489
classification,logistic_c1,1,categorical__primary_category_home_construction,0.08924742075317714,1.0933511406259366
classification,logistic_c1,1,categorical__primary_category_housewares,-0.001315624774189601,0.9986852402806795
classification,logistic_c1,1,categorical__primary_category_industry_commerce_and_business,-0.41667965367886883,0.6592320686899296
classification,logistic_c1,1,categorical__primary_category_kitchen_dining_laundry_garden_furniture,0.009908514881562781,1.009957766751697
classification,logistic_c1,1,categorical__primary_category_la_cuisine,-0.056301005114943715,0.9452545666046677
classification,logistic_c1,1,categorical__primary_category_luggage_accessories,-0.32547029472059136,0.7221876327329081
classification,logistic_c1,1,categorical__primary_category_market_place,0.07409523909562356,1.076909364486272
classification,logistic_c1,1,categorical__primary_category_music,-0.26169026481464047,0.7697494052628119
classification,logistic_c1,1,categorical__primary_category_musical_instruments,-0.1596437948341088,0.852447381053248
classification,logistic_c1,1,categorical__primary_category_office_furniture,0.36312590885759566,1.4378168817258132
classification,logistic_c1,1,categorical__primary_category_party_supplies,0.3797425933420842,1.4619082360851434
classification,logistic_c1,1,categorical__primary_category_perfumery,0.01154988903458177,1.0116168465385456
classification,logistic_c1,1,categorical__primary_category_pet_shop,-0.11834064505105195,0.8883933742582737
classification,logistic_c1,1,categorical__primary_category_security_and_services,0.12822729316438777,1.1368113627861665
classification,logistic_c1,1,categorical__primary_category_signaling_and_security,-0.2707314829981119,0.7628212993955824
classification,logistic_c1,1,categorical__primary_category_small_appliances,0.008413249257291928,1.008448740100106
classification,logistic_c1,1,categorical__primary_category_small_appliances_home_oven_and_coffee,-0.291854362403214,0.7468773014682721
classification,logistic_c1,1,categorical__primary_category_sports_leisure,-0.08662033885123194,0.9170251883867958
classification,logistic_c1,1,categorical__primary_category_stationery,-0.2268499663118112,0.7970403562241358
classification,logistic_c1,1,categorical__primary_category_tablets_printing_image,-0.2154329318283431,0.806192338291108
classification,logistic_c1,1,categorical__primary_category_telephony,0.13066513510318548,1.1395861100262539
classification,logistic_c1,1,categorical__primary_category_toys,-0.023414960772398283,0.9768570423051449
classification,logistic_c1,1,categorical__primary_category_watches_gifts,0.12556014489336828,1.1337833581890702
classification,logistic_c1,1,categorical__primary_payment_type_boleto,-0.2882085455073377,0.7496052491302986
classification,logistic_c1,1,categorical__primary_payment_type_credit_card,-0.31303467931922474,0.7312245537594466
classification,logistic_c1,1,categorical__primary_payment_type_debit_card,-0.3678931485807169,0.6921911393430739
classification,logistic_c1,1,categorical__primary_payment_type_voucher,-0.1988785669653681,0.8196494198062838
classification,logistic_c1,1,categorical__purchase_month_10,-0.22248479318874897,0.8005271801233989
classification,logistic_c1,1,categorical__purchase_month_11,0.20975986384403902,1.2333818448171379
classification,logistic_c1,1,categorical__purchase_month_12,0.12073731020410271,1.1283284730569652
classification,logistic_c1,1,categorical__purchase_month_2,0.29528791773348734,1.3435131242589184
classification,logistic_c1,1,categorical__purchase_month_3,0.41008717578150616,1.5069491488566435
classification,logistic_c1,1,categorical__purchase_month_4,-0.13301585166629357,0.8754512146382701
classification,logistic_c1,1,categorical__purchase_month_5,-0.2313929872285312,0.793427597846431
classification,logistic_c1,1,categorical__purchase_month_6,-0.33859950865574984,0.7127678492893224
classification,logistic_c1,1,categorical__purchase_month_7,-0.35658625687589385,0.7000620836969567
classification,logistic_c1,1,categorical__purchase_month_8,-0.3740811702929618,0.687921070807842
classification,logistic_c1,1,categorical__purchase_month_9,-0.27646042838035884,0.7584636321721983
classification,logistic_c1,1,categorical__purchase_dayofweek_1,-0.06538171119855057,0.9367098424911257
classification,logistic_c1,1,categorical__purchase_dayofweek_2,-0.09906386232327544,0.9056848670368739
classification,logistic_c1,1,categorical__purchase_dayofweek_3,-0.08021114894132499,0.9229214519239802
classification,logistic_c1,1,categorical__purchase_dayofweek_4,0.0007911182839391255,1.0007914313005477
classification,logistic_c1,1,categorical__purchase_dayofweek_5,-0.08326968946171903,0.9201029716813064
classification,logistic_c1,1,categorical__purchase_dayofweek_6,-0.06352413524231859,0.938451469273718
classification,logistic_c1,1,categorical__purchase_hour_1,0.05946648330126655,1.061270190110194
classification,logistic_c1,1,categorical__purchase_hour_10,-0.12323394680085034,0.8840568161023336
classification,logistic_c1,1,categorical__purchase_hour_11,-0.16655749996749256,0.8465741375505323
classification,logistic_c1,1,categorical__purchase_hour_12,-0.04988455643801736,0.951339244152605
classification,logistic_c1,1,categorical__purchase_hour_13,-0.19178381218873772,0.8254853090648449
classification,logistic_c1,1,categorical__purchase_hour_14,-0.16647247187496828,0.8466461231949863
classification,logistic_c1,1,categorical__purchase_hour_15,-0.08170310911668067,0.9215455165483502
classification,logistic_c1,1,categorical__purchase_hour_16,-0.13629198592897857,0.8725878119256398
classification,logistic_c1,1,categorical__purchase_hour_17,-0.21161063425462598,0.8092797420387318
classification,logistic_c1,1,categorical__purchase_hour_18,-0.05905986142085595,0.9426503390794566
classification,logistic_c1,1,categorical__purchase_hour_19,-0.023884074237732804,0.9763988929833026
classification,logistic_c1,1,categorical__purchase_hour_2,0.029425050133705968,1.0298622445416732
classification,logistic_c1,1,categorical__purchase_hour_20,-0.14028817058853918,0.869107748017741
classification,logistic_c1,1,categorical__purchase_hour_21,-0.12916458770281952,0.8788293091444148
classification,logistic_c1,1,categorical__purchase_hour_22,-0.17595025329377903,0.8386597028572185
classification,logistic_c1,1,categorical__purchase_hour_23,-0.07182951282059231,0.9306895529231017
classification,logistic_c1,1,categorical__purchase_hour_3,-0.3825841346841099,0.6820965005886155
classification,logistic_c1,1,categorical__purchase_hour_4,0.457597507610058,1.5802728272550455
classification,logistic_c1,1,categorical__purchase_hour_5,0.003956197974522745,1.0039640340560183
classification,logistic_c1,1,categorical__purchase_hour_6,0.14160441120430864,1.1521207923004229
classification,logistic_c1,1,categorical__purchase_hour_7,-0.3106399943398979,0.7329777044989313
classification,logistic_c1,1,categorical__purchase_hour_8,-0.2134995195175251,0.8077525482614131
classification,logistic_c1,1,categorical__purchase_hour_9,-0.227323864550927,0.7966627296881594
classification,logistic_c1,2,numeric__n_items,0.17597754467819554,1.1924112823709667
classification,logistic_c1,2,numeric__has_items,-0.0426845300401395,0.9582136300061092
classification,logistic_c1,2,numeric__n_products,0.021930609776021785,1.0221728532062702
classification,logistic_c1,2,numeric__n_sellers,0.17426326157023445,1.1903689029602909
classification,logistic_c1,2,numeric__n_categories,-0.0009134049427086241,0.9990870120846048
classification,logistic_c1,2,numeric__total_price,0.04231329952761583,1.0432212682871396
classification,logistic_c1,2,numeric__total_freight,0.020251841069171134,1.0204583009783001
classification,logistic_c1,2,numeric__freight_ratio,0.006662807975043091,1.00668505385934
classification,logistic_c1,2,numeric__freight_ratio_missing,0.04268453004014771,1.0436086157463995
classification,logistic_c1,2,numeric__total_weight_g,0.02670469433238745,1.0270644600202308
classification,logistic_c1,2,numeric__total_volume_cm3,0.009072247836791681,1.0091135254095591
classification,logistic_c1,2,numeric__weight_missing_fraction,-0.11153812828727867,0.8944572866287106
classification,logistic_c1,2,numeric__volume_missing_fraction,0.07835214144640253,1.0815034338062646
classification,logistic_c1,2,numeric__category_missing_fraction,0.05302696442305055,1.0544580775897148
classification,logistic_c1,2,numeric__distance_km_max,0.07559342294866778,1.0785239819022
classification,logistic_c1,2,numeric__distance_missing_fraction,0.07939586042824984,1.0826328087415664
classification,logistic_c1,2,numeric__interstate_share,0.09543338230637066,1.1001355311009644
classification,logistic_c1,2,numeric__payment_installments_max,0.05163670607128359,1.052993127006606
classification,logistic_c1,2,numeric__n_payment_methods,-0.007905728134337164,0.9921254399447933
classification,logistic_c1,2,numeric__payment_missing,0.03532379927187198,1.0359550960034047
classification,logistic_c1,2,numeric__missingindicator_total_price,0.04268453004014771,1.0436086157463995
classification,logistic_c1,2,numeric__missingindicator_total_freight,0.04268453004014771,1.0436086157463995
classification,logistic_c1,2,numeric__missingindicator_freight_ratio,0.04268453004014771,1.0436086157463995
classification,logistic_c1,2,numeric__missingindicator_total_weight_g,0.020275457386257602,1.0204824007296822
classification,logistic_c1,2,numeric__missingindicator_total_volume_cm3,0.05519018641879991,1.056741573460526
classification,logistic_c1,2,numeric__missingindicator_weight_missing_fraction,0.04268453004014771,1.0436086157463995
classification,logistic_c1,2,numeric__missingindicator_volume_missing_fraction,0.04268453004014771,1.0436086157463995
classification,logistic_c1,2,numeric__missingindicator_category_missing_fraction,0.04268453004014771,1.0436086157463995
classification,logistic_c1,2,numeric__missingindicator_distance_km_max,-0.11052104206616878,0.8953674896093026
classification,logistic_c1,2,numeric__missingindicator_distance_missing_fraction,0.04268453004014771,1.0436086157463995
classification,logistic_c1,2,numeric__missingindicator_interstate_share,0.04268453004014771,1.0436086157463995
classification,logistic_c1,2,numeric__missingindicator_payment_installments_max,-0.04321123774804925,0.9577090643923245
classification,logistic_c1,2,categorical__customer_state_AL,0.3696559347368111,1.4472365851543427
classification,logistic_c1,2,categorical__customer_state_AM,-0.14141595957216768,0.868128130378763
classification,logistic_c1,2,categorical__customer_state_AP,-0.6673729605779016,0.5130546236766962
classification,logistic_c1,2,categorical__customer_state_BA,0.22189192541736216,1.2484364463251933
classification,logistic_c1,2,categorical__customer_state_CE,0.04694502311924126,1.0480643881848648
classification,logistic_c1,2,categorical__customer_state_DF,-0.022856262852665565,0.9774029627906764
classification,logistic_c1,2,categorical__customer_state_ES,0.0799366870872753,1.0832184837865328
classification,logistic_c1,2,categorical__customer_state_GO,0.035164602253422356,1.0357901881676395
classification,logistic_c1,2,categorical__customer_state_MA,0.24512942746929461,1.2777866831996507
classification,logistic_c1,2,categorical__customer_state_MG,-0.1362006368305104,0.8726675256764278
classification,logistic_c1,2,categorical__customer_state_MS,-0.02000509755056822,0.9801936767071865
classification,logistic_c1,2,categorical__customer_state_MT,-0.2088430315616183,0.8115226090830041
classification,logistic_c1,2,categorical__customer_state_PA,0.09111255119211782,1.0953922860282657
classification,logistic_c1,2,categorical__customer_state_PB,-0.022283006072212803,0.9779634262957345
classification,logistic_c1,2,categorical__customer_state_PE,-0.0499751327276661,0.9512530792759787
classification,logistic_c1,2,categorical__customer_state_PI,0.04965778892475612,1.0509114013130878
classification,logistic_c1,2,categorical__customer_state_PR,-0.2276207405061684,0.7964262547828715
classification,logistic_c1,2,categorical__customer_state_RJ,0.41275707571419945,1.5109779281132638
classification,logistic_c1,2,categorical__customer_state_RN,-0.3319162162282254,0.717547439166903
classification,logistic_c1,2,categorical__customer_state_RO,-0.26734116014772463,0.765411898880576
classification,logistic_c1,2,categorical__customer_state_RR,-0.02988280588471402,0.970559270718779
classification,logistic_c1,2,categorical__customer_state_RS,-0.1917263273998537,0.8255327632774979
classification,logistic_c1,2,categorical__customer_state_SC,-0.06352463336456425,0.9384510018102811
classification,logistic_c1,2,categorical__customer_state_SE,0.29528436552351534,1.3435083518266773
classification,logistic_c1,2,categorical__customer_state_SP,-0.02489216382295888,0.9754150913916444
classification,logistic_c1,2,categorical__customer_state_TO,-0.6417449157906016,0.5263731454312005
classification,logistic_c1,2,categorical__primary_seller_state_BA,-0.04821098408460457,0.9529327122304747
classification,logistic_c1,2,categorical__primary_seller_state_CE,-0.09618696091076635,0.9082941846852732
classification,logistic_c1,2,categorical__primary_seller_state_DF,0.08393312191928355,1.087556157708129
classification,logistic_c1,2,categorical__primary_seller_state_ES,-0.045474631077677734,0.9555438433820098
classification,logistic_c1,2,categorical__primary_seller_state_GO,-0.22096267428666827,0.8017466054956635
classification,logistic_c1,2,categorical__primary_seller_state_MA,0.4677544543621688,1.5964053641839644
classification,logistic_c1,2,categorical__primary_seller_state_MG,-0.04999374152943137,0.9512353777607004
classification,logistic_c1,2,categorical__primary_seller_state_MS,-0.34035893817947244,0.7115148870643095
classification,logistic_c1,2,categorical__primary_seller_state_MT,-0.5713155347293035,0.5647819594882088
classification,logistic_c1,2,categorical__primary_seller_state_PA,-0.04363234359691006,0.957305852407223
classification,logistic_c1,2,categorical__primary_seller_state_PB,0.2993827410011772,1.3490258521809402
classification,logistic_c1,2,categorical__primary_seller_state_PE,-0.6137352655588008,0.5413250950442186
classification,logistic_c1,2,categorical__primary_seller_state_PI,0.0719643900348369,1.07461707630581
classification,logistic_c1,2,categorical__primary_seller_state_PR,-0.004448021278383372,0.9955618565172877
classification,logistic_c1,2,categorical__primary_seller_state_RJ,0.11248953834057467,1.1190605496211954
classification,logistic_c1,2,categorical__primary_seller_state_RN,-0.035035656334830766,0.9655709869213456
classification,logistic_c1,2,categorical__primary_seller_state_RO,0.0753088311149496,1.0782170864565215
classification,logistic_c1,2,categorical__primary_seller_state_RS,-0.5359276022295782,0.5851262738959379
classification,logistic_c1,2,categorical__primary_seller_state_SC,0.01809819155412306,1.0182629563033072
classification,logistic_c1,2,categorical__primary_seller_state_SE,-0.11912562874638112,0.8876962735865692
classification,logistic_c1,2,categorical__primary_seller_state_SP,0.21937295992235484,1.2452956354520512
classification,logistic_c1,2,categorical__primary_seller_state_Unknown,-0.00577745130014923,0.9942392060771129
classification,logistic_c1,2,categorical__primary_category_agro_industry_and_commerce,0.20557479975118287,1.228230848887869
classification,logistic_c1,2,categorical__primary_category_air_conditioning,0.25276723028460274,1.2875835314979884
classification,logistic_c1,2,categorical__primary_category_art,0.24442838275223622,1.276891211515387
classification,logistic_c1,2,categorical__primary_category_arts_and_craftmanship,-0.03334370379156313,0.9672060700598468
classification,logistic_c1,2,categorical__primary_category_audio,0.32901900046204313,1.3896042584597443
classification,logistic_c1,2,categorical__primary_category_auto,0.10622777444253037,1.1120751499581598
classification,logistic_c1,2,categorical__primary_category_baby,0.14459740221870382,1.1555742449776911
classification,logistic_c1,2,categorical__primary_category_bed_bath_table,0.09745333591201881,1.1023599997390778
classification,logistic_c1,2,categorical__primary_category_books_general_interest,-0.5201427766677348,0.5944356703668702
classification,logistic_c1,2,categorical__primary_category_books_imported,-0.07705819741380711,0.925835970779481
classification,logistic_c1,2,categorical__primary_category_books_technical,-0.26802597568537173,0.764887912357057
classification,logistic_c1,2,categorical__primary_category_cds_dvds_musicals,-0.1825816477259671,0.8331166190739181
classification,logistic_c1,2,categorical__primary_category_christmas_supplies,0.15868298509897516,1.1719663569854302
classification,logistic_c1,2,categorical__primary_category_cine_photo,0.030256594621655936,1.0307189769706673
classification,logistic_c1,2,categorical__primary_category_computers,-0.014373981083929966,0.9857288313845162
classification,logistic_c1,2,categorical__primary_category_computers_accessories,0.22626527901472582,1.2539082567083693
classification,logistic_c1,2,categorical__primary_category_consoles_games,0.13424840359461052,1.1436768778101725
classification,logistic_c1,2,categorical__primary_category_construction_tools_construction,0.07856688869969962,1.0817357086374042
classification,logistic_c1,2,categorical__primary_category_construction_tools_lights,-0.41126389673325503,0.662811994598954
classification,logistic_c1,2,categorical__primary_category_construction_tools_safety,0.7234577360594571,2.0615491939442516
classification,logistic_c1,2,categorical__primary_category_cool_stuff,-0.15638404637930434,0.8552306790475058
classification,logistic_c1,2,categorical__primary_category_costruction_tools_garden,-0.24153913239550154,0.7854180678971374
classification,logistic_c1,2,categorical__primary_category_costruction_tools_tools,-0.3479910341730039,0.706105207003131
classification,logistic_c1,2,categorical__primary_category_diapers_and_hygiene,0.21403904340228844,1.2386710157801295
classification,logistic_c1,2,categorical__primary_category_drinks,-0.06733031703144063,0.9348863414477027
classification,logistic_c1,2,categorical__primary_category_dvds_blu_ray,0.5371431920665533,1.7111115559712926
classification,logistic_c1,2,categorical__primary_category_electronics,-0.030881414069189206,0.9695905460562116
classification,logistic_c1,2,categorical__primary_category_fashio_female_clothing,0.16444437616039828,1.1787380017945146
classification,logistic_c1,2,categorical__primary_category_fashion_bags_accessories,-0.20686647807962574,0.813128213180161
classification,logistic_c1,2,categorical__primary_category_fashion_childrens_clothes,0.052948385826535646,1.054375223009235
classification,logistic_c1,2,categorical__primary_category_fashion_male_clothing,1.0203601373886888,2.7741936749467175
classification,logistic_c1,2,categorical__primary_category_fashion_shoes,-0.08428388530353005,0.9191702801192878
classification,logistic_c1,2,categorical__primary_category_fashion_sport,-0.05642791371309963,0.9451346132844343
classification,logistic_c1,2,categorical__primary_category_fashion_underwear_beach,0.4945749136182691,1.6398010337930975
classification,logistic_c1,2,categorical__primary_category_fixed_telephony,0.16846079129268707,1.1834818231427362
classification,logistic_c1,2,categorical__primary_category_flowers,-0.194972291753755,0.8228574576772101
classification,logistic_c1,2,categorical__primary_category_food,-0.0737532355059192,0.9289008853189816
classification,logistic_c1,2,categorical__primary_category_food_drink,-1.1707355684633345,0.3101387290745635
classification,logistic_c1,2,categorical__primary_category_furniture_bedroom,0.2238150718781403,1.2508396826054275
classification,logistic_c1,2,categorical__primary_category_furniture_decor,0.08021696691815365,1.083522130631028
classification,logistic_c1,2,categorical__primary_category_furniture_living_room,-0.06953805333548312,0.9328246356203499
classification,logistic_c1,2,categorical__primary_category_furniture_mattress_and_upholstery,0.3033465229701616,1.3543837082010266
classification,logistic_c1,2,categorical__primary_category_garden_tools,-0.1736837157851223,0.8405627123372491
classification,logistic_c1,2,categorical__primary_category_health_beauty,-0.08571441826521814,0.9178563167941739
classification,logistic_c1,2,categorical__primary_category_home_appliances,0.017849549201143344,1.0180098044793366
classification,logistic_c1,2,categorical__primary_category_home_appliances_2,-0.2855987288961471,0.7515641364177507
classification,logistic_c1,2,categorical__primary_category_home_comfort_2,0.1083659245730197,1.1144554774270585
classification,logistic_c1,2,categorical__primary_category_home_confort,0.2478630467779659,1.2812844441445008
classification,logistic_c1,2,categorical__primary_category_home_construction,0.01393138571791156,1.0140288796878578
classification,logistic_c1,2,categorical__primary_category_housewares,-0.02917417698413556,0.9712472808108615
classification,logistic_c1,2,categorical__primary_category_industry_commerce_and_business,-0.4704310156719237,0.6247329405564881
classification,logistic_c1,2,categorical__primary_category_kitchen_dining_laundry_garden_furniture,-0.1512263241007521,0.8596531164221782
classification,logistic_c1,2,categorical__primary_category_la_cuisine,-0.09376214066234224,0.9104993072482799
classification,logistic_c1,2,categorical__primary_category_luggage_accessories,-0.3688083535435113,0.6915579323784209
classification,logistic_c1,2,categorical__primary_category_market_place,-0.11433099624522011,0.8919626707210793
classification,logistic_c1,2,categorical__primary_category_music,-0.32594195543692206,0.7218470855144139
classification,logistic_c1,2,categorical__primary_category_musical_instruments,-0.10290556929485094,0.9022121659900874
classification,logistic_c1,2,categorical__primary_category_office_furniture,0.37289573234868767,1.4519329423022231
classification,logistic_c1,2,categorical__primary_category_party_supplies,-0.2413426143772563,0.7855724318664884
classification,logistic_c1,2,categorical__primary_category_perfumery,-0.0019302362376095415,0.9980716254703189
classification,logistic_c1,2,categorical__primary_category_pet_shop,-0.20497371832199138,0.8146687269912268
classification,logistic_c1,2,categorical__primary_category_security_and_services,0.1267314214495378,1.1351121100723487
classification,logistic_c1,2,categorical__primary_category_signaling_and_security,-0.16721469491188315,0.8460179560871234
classification,logistic_c1,2,categorical__primary_category_small_appliances,0.04065832146931774,1.0414961878570477
classification,logistic_c1,2,categorical__primary_category_small_appliances_home_oven_and_coffee,-0.14371403443870184,0.8661353975430242
classification,logistic_c1,2,categorical__primary_category_sports_leisure,-0.03925146916261822,0.961508888907331
classification,logistic_c1,2,categorical__primary_category_stationery,-0.2675226760927069,0.7652729770250973
classification,logistic_c1,2,categorical__primary_category_tablets_printing_image,-0.12967964796363404,0.8783767756422516
classification,logistic_c1,2,categorical__primary_category_telephony,0.14429031761338504,1.155219440397056
classification,logistic_c1,2,categorical__primary_category_toys,-0.1487294199614497,0.8618022698453961
classification,logistic_c1,2,categorical__primary_category_watches_gifts,0.08857386698122095,1.0926149577982878
classification,logistic_c1,2,categorical__primary_payment_type_boleto,-0.28475430935410867,0.7521990398863589
classification,logistic_c1,2,categorical__primary_payment_type_credit_card,-0.3136307124005166,0.7307888495954996
classification,logistic_c1,2,categorical__primary_payment_type_debit_card,-0.40507268116692924,0.6669283359671736
classification,logistic_c1,2,categorical__primary_payment_type_voucher,-0.22197885461305894,0.800932300179002
classification,logistic_c1,2,categorical__purchase_month_10,-0.2192991015674662,0.8030814792982472
classification,logistic_c1,2,categorical__purchase_month_11,0.19670892473913046,1.2173896371231474
classification,logistic_c1,2,categorical__purchase_month_12,0.0987796383858924,1.1038230325313712
classification,logistic_c1,2,categorical__purchase_month_2,0.273868691818348,1.3150421151124252
classification,logistic_c1,2,categorical__purchase_month_3,0.31232425358807786,1.3665977454173455
classification,logistic_c1,2,categorical__purchase_month_4,-0.12851754570314483,0.8793981326244719
classification,logistic_c1,2,categorical__purchase_month_5,-0.27391433475261723,0.7603972120861436
classification,logistic_c1,2,categorical__purchase_month_6,-0.35498057886532636,0.7011870609246779
classification,logistic_c1,2,categorical__purchase_month_7,-0.4157347012247214,0.6598553060695606
classification,logistic_c1,2,categorical__purchase_month_8,-0.33643548053574285,0.7143119691149881
classification,logistic_c1,2,categorical__purchase_month_9,-0.3063854425037188,0.7361028394477437
classification,logistic_c1,2,categorical__purchase_dayofweek_1,-0.019326213363697258,0.9808593406231608
classification,logistic_c1,2,categorical__purchase_dayofweek_2,-0.06542632175026696,0.9366680562803139
classification,logistic_c1,2,categorical__purchase_dayofweek_3,-0.018159918622628588,0.9820039790770134
classification,logistic_c1,2,categorical__purchase_dayofweek_4,0.021514206578359507,1.0217473057674376
classification,logistic_c1,2,categorical__purchase_dayofweek_5,-0.021967708952087828,0.9782718239635265
classification,logistic_c1,2,categorical__purchase_dayofweek_6,-0.017606461713140745,0.9825476263931826
classification,logistic_c1,2,categorical__purchase_hour_1,-0.038485177737527354,0.9622459672964061
classification,logistic_c1,2,categorical__purchase_hour_10,-0.07443600448377694,0.9282668770761909
classification,logistic_c1,2,categorical__purchase_hour_11,-0.12077434409609303,0.8862339209473014
classification,logistic_c1,2,categorical__purchase_hour_12,-0.1164293141210805,0.8900930117599143
classification,logistic_c1,2,categorical__purchase_hour_13,-0.2009015507595219,0.8179929583753607
classification,logistic_c1,2,categorical__purchase_hour_14,-0.16024717731379665,0.851933184382896
classification,logistic_c1,2,categorical__purchase_hour_15,-0.16031441533003982,0.8518759040113373
classification,logistic_c1,2,categorical__purchase_hour_16,-0.16684199184032225,0.8463333283444066
classification,logistic_c1,2,categorical__purchase_hour_17,-0.16108333908239963,0.851221128163292
classification,logistic_c1,2,categorical__purchase_hour_18,-0.07001529519421464,0.9323795588704512
classification,logistic_c1,2,categorical__purchase_hour_19,-0.0700597967017881,0.9323380674976719
classification,logistic_c1,2,categorical__purchase_hour_2,-0.10764172011328454,0.8979492559626262
classification,logistic_c1,2,categorical__purchase_hour_20,-0.1317472633352432,0.8765625065705179
classification,logistic_c1,2,categorical__purchase_hour_21,-0.07962564684383024,0.9234619825953839
classification,logistic_c1,2,categorical__purchase_hour_22,-0.18890327932089002,0.8278665746398698
classification,logistic_c1,2,categorical__purchase_hour_23,-0.09276248533665413,0.9114099478173189
classification,logistic_c1,2,categorical__purchase_hour_3,-0.4379646115851765,0.645348620317883
classification,logistic_c1,2,categorical__purchase_hour_4,0.3192957068968011,1.3761582042166416
classification,logistic_c1,2,categorical__purchase_hour_5,-0.161040244947497,0.8512578115918357
classification,logistic_c1,2,categorical__purchase_hour_6,0.046368612423718786,1.0474604467377953
classification,logistic_c1,2,categorical__purchase_hour_7,-0.3298688436273228,0.7190180310447659
classification,logistic_c1,2,categorical__purchase_hour_8,-0.2174118573810849,0.8045985212152431
classification,logistic_c1,2,categorical__purchase_hour_9,-0.18352589870458863,0.8323303191816959
classification,logistic_c1,3,numeric__n_items,0.1669007137003235,1.1816369391247699
classification,logistic_c1,3,numeric__has_items,-0.037106636980071044,0.9635733773152139
classification,logistic_c1,3,numeric__n_products,0.02953183666625327,1.029972225831925
classification,logistic_c1,3,numeric__n_sellers,0.17317353536102215,1.1890724332948874
classification,logistic_c1,3,numeric__n_categories,1.160998121718475e-05,1.0000116100486134
classification,logistic_c1,3,numeric__total_price,0.0551188013930687,1.0566661406285327
classification,logistic_c1,3,numeric__total_freight,0.020807932662136683,1.0210259270718678
classification,logistic_c1,3,numeric__freight_ratio,0.011336982059460363,1.0114014891821221
classification,logistic_c1,3,numeric__freight_ratio_missing,0.03710663698007419,1.037803683188388
classification,logistic_c1,3,numeric__total_weight_g,-0.009206834933230996,0.9908354181995449
classification,logistic_c1,3,numeric__total_volume_cm3,0.03838605436136347,1.039132317016394
classification,logistic_c1,3,numeric__weight_missing_fraction,-0.09493056799092371,0.9094360762500762
classification,logistic_c1,3,numeric__volume_missing_fraction,0.07841236439248253,1.0815685670904835
classification,logistic_c1,3,numeric__category_missing_fraction,0.05217684161879176,1.0535620396569254
classification,logistic_c1,3,numeric__distance_km_max,0.05467830196149215,1.056200782296785
classification,logistic_c1,3,numeric__distance_missing_fraction,0.007730462416796209,1.007760419585887
classification,logistic_c1,3,numeric__interstate_share,0.06757843561684336,1.0699141756851933
classification,logistic_c1,3,numeric__payment_installments_max,0.041100385854669845,1.0419566980092485
classification,logistic_c1,3,numeric__n_payment_methods,-0.027471102963202862,0.9729027961551526
classification,logistic_c1,3,numeric__payment_missing,0.043000961570969276,1.0439388986714686
classification,logistic_c1,3,numeric__missingindicator_total_price,0.03710663698007419,1.037803683188388
classification,logistic_c1,3,numeric__missingindicator_total_freight,0.03710663698007419,1.037803683188388
classification,logistic_c1,3,numeric__missingindicator_freight_ratio,0.03710663698007419,1.037803683188388
classification,logistic_c1,3,numeric__missingindicator_total_weight_g,0.019501725703647072,1.0196931265472875
classification,logistic_c1,3,numeric__missingindicator_total_volume_cm3,0.04932916311868819,1.0505661014470562
classification,logistic_c1,3,numeric__missingindicator_weight_missing_fraction,0.03710663698007419,1.037803683188388
classification,logistic_c1,3,numeric__missingindicator_volume_missing_fraction,0.03710663698007419,1.037803683188388
classification,logistic_c1,3,numeric__missingindicator_category_missing_fraction,0.03710663698007419,1.037803683188388
classification,logistic_c1,3,numeric__missingindicator_distance_km_max,-0.01951406947093513,0.9806750975118221
classification,logistic_c1,3,numeric__missingindicator_distance_missing_fraction,0.03710663698007419,1.037803683188388
classification,logistic_c1,3,numeric__missingindicator_interstate_share,0.03710663698007419,1.037803683188388
classification,logistic_c1,3,numeric__missingindicator_payment_installments_max,-0.046394442597011074,0.95466532724421
classification,logistic_c1,3,categorical__customer_state_AL,0.4317227717168993,1.5399081498879106
classification,logistic_c1,3,categorical__customer_state_AM,-0.11886067000426787,0.8879315076368802
classification,logistic_c1,3,categorical__customer_state_AP,-0.5649302212303526,0.5683998076130246
classification,logistic_c1,3,categorical__customer_state_BA,0.1630256516302126,1.1770668829856297
classification,logistic_c1,3,categorical__customer_state_CE,0.12861079409187895,1.137247414605972
classification,logistic_c1,3,categorical__customer_state_DF,0.015823678228200473,1.0159495355903783
classification,logistic_c1,3,categorical__customer_state_ES,-0.03950390748565322,0.9612661978493827
classification,logistic_c1,3,categorical__customer_state_GO,-0.08787527331850876,0.9158751036619442
classification,logistic_c1,3,categorical__customer_state_MA,0.23552801923629138,1.2655768412569866
classification,logistic_c1,3,categorical__customer_state_MG,-0.18805808327063875,0.8285665799780929
classification,logistic_c1,3,categorical__customer_state_MS,-0.1019924378732879,0.9030363805185916
classification,logistic_c1,3,categorical__customer_state_MT,-0.2879654174156256,0.7497875213809114
classification,logistic_c1,3,categorical__customer_state_PA,0.0902901960539583,1.0944918548414009
classification,logistic_c1,3,categorical__customer_state_PB,0.10222203163951216,1.1076293731936724
classification,logistic_c1,3,categorical__customer_state_PE,-0.02142108534283711,0.9788067166179276
classification,logistic_c1,3,categorical__customer_state_PI,0.11837536507640072,1.1256665679919464
classification,logistic_c1,3,categorical__customer_state_PR,-0.2858865549838979,0.751347847780921
classification,logistic_c1,3,categorical__customer_state_RJ,0.3938394795921692,1.482662531977687
classification,logistic_c1,3,categorical__customer_state_RN,-0.2136568762773585,0.8076254529375879
classification,logistic_c1,3,categorical__customer_state_RO,-0.015351460430149544,0.9847657725725943
classification,logistic_c1,3,categorical__customer_state_RR,0.10468303173172222,1.1103586061270156
classification,logistic_c1,3,categorical__customer_state_RS,-0.21880794460277775,0.8034760152416238
classification,logistic_c1,3,categorical__customer_state_SC,-0.04087707170390906,0.9599471273597436
classification,logistic_c1,3,categorical__customer_state_SE,0.378770669572437,1.4604880629832422
classification,logistic_c1,3,categorical__customer_state_SP,-0.10553644110158261,0.8998416810271954
classification,logistic_c1,3,categorical__customer_state_TO,-0.21044502036331578,0.8102235997279602
classification,logistic_c1,3,categorical__primary_seller_state_AM,0.07691194080380302,1.0799469729429223
classification,logistic_c1,3,categorical__primary_seller_state_BA,-0.08685160092018951,0.91681313976479
classification,logistic_c1,3,categorical__primary_seller_state_CE,0.014102150634534794,1.014202055030667
classification,logistic_c1,3,categorical__primary_seller_state_DF,0.17213977912504827,1.187843857385358
classification,logistic_c1,3,categorical__primary_seller_state_ES,-0.09992897196607915,0.9049016891412788
classification,logistic_c1,3,categorical__primary_seller_state_GO,-0.4529293925533852,0.635763021645292
classification,logistic_c1,3,categorical__primary_seller_state_MA,0.4622441888263807,1.5876329381194976
classification,logistic_c1,3,categorical__primary_seller_state_MG,-0.12090668751622666,0.8861166414799189
classification,logistic_c1,3,categorical__primary_seller_state_MS,-0.04637742553744585,0.9546815729791756
classification,logistic_c1,3,categorical__primary_seller_state_MT,-0.6566394333927323,0.5185911696058184
classification,logistic_c1,3,categorical__primary_seller_state_PA,-0.15094123147806343,0.8598982321224202
classification,logistic_c1,3,categorical__primary_seller_state_PB,0.126293498456997,1.1346151272082905
classification,logistic_c1,3,categorical__primary_seller_state_PE,-0.69603100547671,0.49856016465599745
classification,logistic_c1,3,categorical__primary_seller_state_PI,0.22100113374417354,1.2473248447105385
classification,logistic_c1,3,categorical__primary_seller_state_PR,-0.08278422826656628,0.9205497544086663
classification,logistic_c1,3,categorical__primary_seller_state_RJ,-0.007460699715570636,0.992567062220493
classification,logistic_c1,3,categorical__primary_seller_state_RN,-0.04433028713430201,0.9566379400838857
classification,logistic_c1,3,categorical__primary_seller_state_RO,0.27767555195912624,1.320057837543395
classification,logistic_c1,3,categorical__primary_seller_state_RS,-0.4145388474572557,0.6606448685298336
classification,logistic_c1,3,categorical__primary_seller_state_SC,-0.02457016568764529,0.9757292238045406
classification,logistic_c1,3,categorical__primary_seller_state_SE,0.09336170624024227,1.0978587658260421
classification,logistic_c1,3,categorical__primary_seller_state_SP,0.13819918072099177,1.148204227645269
classification,logistic_c1,3,categorical__primary_seller_state_Unknown,-0.005212111862809361,0.994801447624143
classification,logistic_c1,3,categorical__primary_category_agro_industry_and_commerce,-0.02258354827048261,0.9776695511809167
classification,logistic_c1,3,categorical__primary_category_air_conditioning,0.2679097868630887,1.307229205448107
classification,logistic_c1,3,categorical__primary_category_art,0.07578571387986376,1.07873139222392
classification,logistic_c1,3,categorical__primary_category_arts_and_craftmanship,0.08330283846841853,1.0868709050344343
classification,logistic_c1,3,categorical__primary_category_audio,0.42881170048240297,1.5354318860915064
classification,logistic_c1,3,categorical__primary_category_auto,0.09966721647900806,1.1048031965954506
classification,logistic_c1,3,categorical__primary_category_baby,0.12531807032241707,1.1335089312863122
classification,logistic_c1,3,categorical__primary_category_bed_bath_table,0.12864569831720427,1.1372871100387472
classification,logistic_c1,3,categorical__primary_category_books_general_interest,-0.24724702494694567,0.7809477561241572
classification,logistic_c1,3,categorical__primary_category_books_imported,-0.30075271050310903,0.740260808837309
classification,logistic_c1,3,categorical__primary_category_books_technical,-0.06250856911909998,0.9394050129055468
classification,logistic_c1,3,categorical__primary_category_cds_dvds_musicals,-0.2874761009300857,0.7501544945514642
classification,logistic_c1,3,categorical__primary_category_christmas_supplies,-0.155799917866784,0.8557303896053033
classification,logistic_c1,3,categorical__primary_category_cine_photo,-0.02621177171988855,0.9741287748376631
classification,logistic_c1,3,categorical__primary_category_computers,-0.47275576402584724,0.6232822805443606
classification,logistic_c1,3,categorical__primary_category_computers_accessories,0.2067815515151815,1.229713913296682
classification,logistic_c1,3,categorical__primary_category_consoles_games,0.08168978240120162,1.085119134558619
classification,logistic_c1,3,categorical__primary_category_construction_tools_construction,0.12710401555673034,1.1355351249570975
classification,logistic_c1,3,categorical__primary_category_construction_tools_lights,-0.43163686637021365,0.6494451692521087
classification,logistic_c1,3,categorical__primary_category_construction_tools_safety,0.4039493358491129,1.4977280639152621
classification,logistic_c1,3,categorical__primary_category_cool_stuff,-0.1436741185166235,0.8661699708260694
classification,logistic_c1,3,categorical__primary_category_costruction_tools_garden,-0.05765869640764392,0.9439720735220534
classification,logistic_c1,3,categorical__primary_category_costruction_tools_tools,-0.3661164503569755,0.6934220472629956
classification,logistic_c1,3,categorical__primary_category_diapers_and_hygiene,0.2905342360319137,1.337141646491222
classification,logistic_c1,3,categorical__primary_category_drinks,-0.013007640752175616,0.9870765929838489
classification,logistic_c1,3,categorical__primary_category_dvds_blu_ray,0.5158072099336988,1.6749900248296234
classification,logistic_c1,3,categorical__primary_category_electronics,0.008429924969103225,1.0084655568408876
classification,logistic_c1,3,categorical__primary_category_fashio_female_clothing,0.19960660236633887,1.2209223557061524
classification,logistic_c1,3,categorical__primary_category_fashion_bags_accessories,-0.19550245859552867,0.8224213215603129
classification,logistic_c1,3,categorical__primary_category_fashion_childrens_clothes,0.0465384892670269,1.0476384011267141
classification,logistic_c1,3,categorical__primary_category_fashion_male_clothing,1.0815104452107358,2.949130688944276
classification,logistic_c1,3,categorical__primary_category_fashion_shoes,-0.24422561694446351,0.7833108861162333
classification,logistic_c1,3,categorical__primary_category_fashion_sport,0.030601524216473844,1.0310745637724452
classification,logistic_c1,3,categorical__primary_category_fashion_underwear_beach,0.5744030754197968,1.776070030569951
classification,logistic_c1,3,categorical__primary_category_fixed_telephony,0.24780566916740965,1.2812109292137286
classification,logistic_c1,3,categorical__primary_category_flowers,-0.24795510384148792,0.7803949792282281
classification,logistic_c1,3,categorical__primary_category_food,0.038969161442314576,1.0397384191225325
classification,logistic_c1,3,categorical__primary_category_food_drink,-1.0561914137171535,0.34777783309775134
classification,logistic_c1,3,categorical__primary_category_furniture_bedroom,0.4757761233187211,1.609262699234275
classification,logistic_c1,3,categorical__primary_category_furniture_decor,0.09074449069807951,1.0949891895887922
classification,logistic_c1,3,categorical__primary_category_furniture_living_room,0.04160025695091945,1.0424776722452602
classification,logistic_c1,3,categorical__primary_category_furniture_mattress_and_upholstery,-0.21317983084798112,0.8080108188797831
classification,logistic_c1,3,categorical__primary_category_garden_tools,-0.18144197020815112,0.8340666446129401
classification,logistic_c1,3,categorical__primary_category_health_beauty,-0.09389799594451412,0.9103756195099829
classification,logistic_c1,3,categorical__primary_category_home_appliances,0.015162825634483727,1.015278364501702
classification,logistic_c1,3,categorical__primary_category_home_appliances_2,-0.08301895530966755,0.920333701844468
classification,logistic_c1,3,categorical__primary_category_home_comfort_2,-0.02610751347510526,0.9742303410883881
classification,logistic_c1,3,categorical__primary_category_home_confort,0.285621093151699,1.3305881907459454
classification,logistic_c1,3,categorical__primary_category_home_construction,0.1124664772830707,1.119034743199073
classification,logistic_c1,3,categorical__primary_category_housewares,-0.012641851486516911,0.9874377210503038
classification,logistic_c1,3,categorical__primary_category_industry_commerce_and_business,-0.23111928444288393,0.7936447909119887
classification,logistic_c1,3,categorical__primary_category_kitchen_dining_laundry_garden_furniture,-0.09759391464499378,0.9070171553615997
classification,logistic_c1,3,categorical__primary_category_la_cuisine,-0.1261502449219894,0.8814823985796205
classification,logistic_c1,3,categorical__primary_category_luggage_accessories,-0.33731008696338777,0.7136875003974401
classification,logistic_c1,3,categorical__primary_category_market_place,-0.08513527755806095,0.9183880387065911
classification,logistic_c1,3,categorical__primary_category_music,-0.3837887904183157,0.6812753038568853
classification,logistic_c1,3,categorical__primary_category_musical_instruments,-0.15157507947025775,0.8593533600557731
classification,logistic_c1,3,categorical__primary_category_office_furniture,0.36152661426136795,1.4355192267598238
classification,logistic_c1,3,categorical__primary_category_party_supplies,0.5798660535273418,1.7857992132237719
classification,logistic_c1,3,categorical__primary_category_perfumery,-0.022027279592925556,0.9782135494198027
classification,logistic_c1,3,categorical__primary_category_pet_shop,-0.11939166390461033,0.8874601465784018
classification,logistic_c1,3,categorical__primary_category_security_and_services,0.20425828239040647,1.2266149255812062
classification,logistic_c1,3,categorical__primary_category_signaling_and_security,-0.3129321932214686,0.7312994979508481
classification,logistic_c1,3,categorical__primary_category_small_appliances,0.04883044837244296,1.050042299265152
classification,logistic_c1,3,categorical__primary_category_small_appliances_home_oven_and_coffee,-0.37743161358436306,0.6856200870813536
classification,logistic_c1,3,categorical__primary_category_sports_leisure,-0.0661366851079462,0.9360029178877646
classification,logistic_c1,3,categorical__primary_category_stationery,-0.27683175433004564,0.7581820472268131
classification,logistic_c1,3,categorical__primary_category_tablets_printing_image,-0.14651377713006292,0.8637138327549805
classification,logistic_c1,3,categorical__primary_category_telephony,0.14371238552612323,1.1545519949022833
classification,logistic_c1,3,categorical__primary_category_toys,-0.09849311936672982,0.9062019278359538
classification,logistic_c1,3,categorical__primary_category_watches_gifts,0.10062688827657662,1.105863953973146
classification,logistic_c1,3,categorical__primary_payment_type_boleto,-0.2768933991950098,0.7581353106374438
classification,logistic_c1,3,categorical__primary_payment_type_credit_card,-0.2791756053931263,0.7564070623920514
classification,logistic_c1,3,categorical__primary_payment_type_debit_card,-0.433116266325951,0.6484850904428415
classification,logistic_c1,3,categorical__primary_payment_type_voucher,-0.10967533895306776,0.8961250249624879
classification,logistic_c1,3,categorical__purchase_month_10,-0.19445854377898128,0.8232803076394746
classification,logistic_c1,3,categorical__purchase_month_11,0.2462708062143235,1.2792459543926757
classification,logistic_c1,3,categorical__purchase_month_12,0.1667924325178772,1.181508997006766
classification,logistic_c1,3,categorical__purchase_month_2,0.3101899518055639,1.363684123793256
classification,logistic_c1,3,categorical__purchase_month_3,0.37546414250670257,1.4556668947280023
classification,logistic_c1,3,categorical__purchase_month_4,-0.10556936021128482,0.8998120595277425
classification,logistic_c1,3,categorical__purchase_month_5,-0.2348889591045848,0.7906586401978489
classification,logistic_c1,3,categorical__purchase_month_6,-0.3020463835463793,0.7393037725634151
classification,logistic_c1,3,categorical__purchase_month_7,-0.3120395957600561,0.731952545437157
classification,logistic_c1,3,categorical__purchase_month_8,-0.33228346776835377,0.7172839671479675
classification,logistic_c1,3,categorical__purchase_month_9,-0.28434963684279696,0.7525034957591425
classification,logistic_c1,3,categorical__purchase_dayofweek_1,-0.03275230961806167,0.9677782392663468
classification,logistic_c1,3,categorical__purchase_dayofweek_2,-0.0452975951880858,0.955713023911438
classification,logistic_c1,3,categorical__purchase_dayofweek_3,-0.0312752589425856,0.9692087529789121
classification,logistic_c1,3,categorical__purchase_dayofweek_4,0.051005443724503295,1.0523286218547159
classification,logistic_c1,3,categorical__purchase_dayofweek_5,-0.04287818884090196,0.9580280814707812
classification,logistic_c1,3,categorical__purchase_dayofweek_6,-0.01946019971764996,0.9807279276603388
classification,logistic_c1,3,categorical__purchase_hour_1,-0.01053686270087847,0.9895184555727415
classification,logistic_c1,3,categorical__purchase_hour_10,-0.16654555675691307,0.8465842484241063
classification,logistic_c1,3,categorical__purchase_hour_11,-0.17975676491384304,0.8354734031437865
classification,logistic_c1,3,categorical__purchase_hour_12,-0.07559502910132584,0.9271916161613096
classification,logistic_c1,3,categorical__purchase_hour_13,-0.21908774784681173,0.8032512314951329
classification,logistic_c1,3,categorical__purchase_hour_14,-0.14747384516308445,0.8628850066428644
classification,logistic_c1,3,categorical__purchase_hour_15,-0.12898304578818856,0.8789888679827009
classification,logistic_c1,3,categorical__purchase_hour_16,-0.1399981033477301,0.86935988427064
classification,logistic_c1,3,categorical__purchase_hour_17,-0.18933693476926233,0.8275076436210729
classification,logistic_c1,3,categorical__purchase_hour_18,-0.04828271719824301,0.952864357851604
classification,logistic_c1,3,categorical__purchase_hour_19,-0.07230097064751728,0.9302508754660247
classification,logistic_c1,3,categorical__purchase_hour_2,-0.10968859245044926,0.8961131482505202
classification,logistic_c1,3,categorical__purchase_hour_20,-0.12088279018305316,0.8861378175575557
classification,logistic_c1,3,categorical__purchase_hour_21,-0.11911341426003058,0.887707116406806
classification,logistic_c1,3,categorical__purchase_hour_22,-0.18360208102817552,0.8322669127392445
classification,logistic_c1,3,categorical__purchase_hour_23,-0.08144123541407569,0.9217868766864449
classification,logistic_c1,3,categorical__purchase_hour_3,-0.45808259578078,0.6324952326122656
classification,logistic_c1,3,categorical__purchase_hour_4,0.211659526267025,1.2357270808340228
classification,logistic_c1,3,categorical__purchase_hour_5,-0.1936488375027088,0.8239471928258267
classification,logistic_c1,3,categorical__purchase_hour_6,-0.0024350103503642,0.9975679518824953
classification,logistic_c1,3,categorical__purchase_hour_7,-0.31640776814095534,0.7287622235548731
classification,logistic_c1,3,categorical__purchase_hour_8,-0.24357551892270793,0.7838202805339284
classification,logistic_c1,3,categorical__purchase_hour_9,-0.2265869747696115,0.7972499986625003
classification,logistic_c1,4,numeric__n_items,0.1642344742833689,1.1784906084404851
classification,logistic_c1,4,numeric__has_items,-0.027844942767000783,0.9725391543408509
classification,logistic_c1,4,numeric__n_products,0.03845942973334986,1.0392085665340822
classification,logistic_c1,4,numeric__n_sellers,0.16010069469796823,1.173629043264088
classification,logistic_c1,4,numeric__n_categories,-0.01061675977060704,0.989439399105931
classification,logistic_c1,4,numeric__total_price,0.043668312123318336,1.0446358043864583
classification,logistic_c1,4,numeric__total_freight,0.020199042226703056,1.0204044233835714
classification,logistic_c1,4,numeric__freight_ratio,-0.0022032921759471266,0.997799133290595
classification,logistic_c1,4,numeric__freight_ratio_missing,0.027844942767003836,1.0282362365942623
classification,logistic_c1,4,numeric__total_weight_g,0.009436005678156683,1.0094806651381836
classification,logistic_c1,4,numeric__total_volume_cm3,0.03009914476455417,1.0305567031903582
classification,logistic_c1,4,numeric__weight_missing_fraction,-0.10030565788847248,0.9045608896050529
classification,logistic_c1,4,numeric__volume_missing_fraction,0.08601272131560024,1.0898201921635573
classification,logistic_c1,4,numeric__category_missing_fraction,0.03028471374820685,1.03074796029551
classification,logistic_c1,4,numeric__distance_km_max,0.06718416551336942,1.0694924236600083
classification,logistic_c1,4,numeric__distance_missing_fraction,-0.11423884798835594,0.8920448673134522
classification,logistic_c1,4,numeric__interstate_share,0.09135601530544095,1.0956590072071246
classification,logistic_c1,4,numeric__payment_installments_max,0.057412058427869936,1.059092128332455
classification,logistic_c1,4,numeric__n_payment_methods,-0.017751947627231677,0.9824046899514904
classification,logistic_c1,4,numeric__payment_missing,0.08553124249962472,1.0892955931296036
classification,logistic_c1,4,numeric__missingindicator_total_price,0.027844942767003836,1.0282362365942623
classification,logistic_c1,4,numeric__missingindicator_total_freight,0.027844942767003836,1.0282362365942623
classification,logistic_c1,4,numeric__missingindicator_freight_ratio,0.027844942767003836,1.0282362365942623
classification,logistic_c1,4,numeric__missingindicator_total_weight_g,0.008976662616367353,1.009017073680553
classification,logistic_c1,4,numeric__missingindicator_total_volume_cm3,0.041341447475003214,1.0422079040560397
classification,logistic_c1,4,numeric__missingindicator_weight_missing_fraction,0.027844942767003836,1.0282362365942623
classification,logistic_c1,4,numeric__missingindicator_volume_missing_fraction,0.027844942767003836,1.0282362365942623
classification,logistic_c1,4,numeric__missingindicator_category_missing_fraction,0.027844942767003836,1.0282362365942623
classification,logistic_c1,4,numeric__missingindicator_distance_km_max,0.12886496602186792,1.1375365077143376
classification,logistic_c1,4,numeric__missingindicator_distance_missing_fraction,0.027844942767003836,1.0282362365942623
classification,logistic_c1,4,numeric__missingindicator_interstate_share,0.027844942767003836,1.0282362365942623
classification,logistic_c1,4,numeric__missingindicator_payment_installments_max,-0.03931509791984251,0.96144771123802
classification,logistic_c1,4,categorical__customer_state_AL,0.3712900202473564,1.449603426772603
classification,logistic_c1,4,categorical__customer_state_AM,-0.4490781868162783,0.6382161966504399
classification,logistic_c1,4,categorical__customer_state_AP,-0.5193877760719726,0.5948846391166492
classification,logistic_c1,4,categorical__customer_state_BA,0.15971304641016304,1.1731741761448744
classification,logistic_c1,4,categorical__customer_state_CE,0.036388153118514725,1.0370583057934295
classification,logistic_c1,4,categorical__customer_state_DF,-0.04803480965090227,0.9531006094005684
classification,logistic_c1,4,categorical__customer_state_ES,0.009778440049292425,1.0098264052081871
classification,logistic_c1,4,categorical__customer_state_GO,-0.058612723859397566,0.9430719277004104
classification,logistic_c1,4,categorical__customer_state_MA,0.223905470545658,1.2509527619570477
classification,logistic_c1,4,categorical__customer_state_MG,-0.1870334962055358,0.8294159536328406
classification,logistic_c1,4,categorical__customer_state_MS,-0.0800266562982014,0.9230917398499929
classification,logistic_c1,4,categorical__customer_state_MT,-0.2362935091715816,0.7895489000770057
classification,logistic_c1,4,categorical__customer_state_PA,0.1395269344771986,1.1497297726713678
classification,logistic_c1,4,categorical__customer_state_PB,0.007564199605253571,1.0075928804333165
classification,logistic_c1,4,categorical__customer_state_PE,0.018236163876613466,1.018403458100751
classification,logistic_c1,4,categorical__customer_state_PI,0.18428895404367482,1.2023632006145986
classification,logistic_c1,4,categorical__customer_state_PR,-0.2399670634759761,0.7866537702806747
classification,logistic_c1,4,categorical__customer_state_RJ,0.4035867268237445,1.4971850726544544
classification,logistic_c1,4,categorical__customer_state_RN,-0.25931566664931543,0.7715794227064287
classification,logistic_c1,4,categorical__customer_state_RO,-0.1595812447092975,0.8525007034109706
classification,logistic_c1,4,categorical__customer_state_RR,-0.040548735281310755,0.9602623647145452
classification,logistic_c1,4,categorical__customer_state_RS,-0.22432609008962648,0.7990545281184259
classification,logistic_c1,4,categorical__customer_state_SC,-0.04333733084611721,0.9575883115025604
classification,logistic_c1,4,categorical__customer_state_SE,0.3576373647766049,1.4299469773048816
classification,logistic_c1,4,categorical__customer_state_SP,-0.06368782360688638,0.9382978682591787
classification,logistic_c1,4,categorical__customer_state_TO,-0.23647736127070312,0.7894037531975555
classification,logistic_c1,4,categorical__primary_seller_state_AM,0.049023196096638494,1.050244712035318
classification,logistic_c1,4,categorical__primary_seller_state_BA,-0.10510220188297671,0.900232512426653
classification,logistic_c1,4,categorical__primary_seller_state_CE,-0.04834541738427634,0.9528046149520671
classification,logistic_c1,4,categorical__primary_seller_state_DF,0.25278846411018185,1.2876108721123867
classification,logistic_c1,4,categorical__primary_seller_state_ES,0.19730161081130357,1.2181113808680832
classification,logistic_c1,4,categorical__primary_seller_state_GO,-0.47063606199915886,0.6246048544937612
classification,logistic_c1,4,categorical__primary_seller_state_MA,0.5364303387815026,1.7098922191333004
classification,logistic_c1,4,categorical__primary_seller_state_MG,-0.10888305170221944,0.896835294726617
classification,logistic_c1,4,categorical__primary_seller_state_MS,-0.24711349651490475,0.7810520418159359
classification,logistic_c1,4,categorical__primary_seller_state_MT,-0.6339209995964367,0.5305075975208502
classification,logistic_c1,4,categorical__primary_seller_state_PA,-0.10100667677907069,0.9039269975448572
classification,logistic_c1,4,categorical__primary_seller_state_PB,0.04851397397474876,1.0497100403394333
classification,logistic_c1,4,categorical__primary_seller_state_PE,-0.5442100324295897,0.5803000205170783
classification,logistic_c1,4,categorical__primary_seller_state_PI,-0.012227536471818035,0.9878469160861852
classification,logistic_c1,4,categorical__primary_seller_state_PR,-0.04354580455975601,0.9573887003186897
classification,logistic_c1,4,categorical__primary_seller_state_RJ,0.03775516255851104,1.0384769437120698
classification,logistic_c1,4,categorical__primary_seller_state_RN,0.110404024058029,1.1167291647751287
classification,logistic_c1,4,categorical__primary_seller_state_RO,0.0269588909888312,1.0273255695570997
classification,logistic_c1,4,categorical__primary_seller_state_RS,-0.4664994233395907,0.6271939705084836
classification,logistic_c1,4,categorical__primary_seller_state_SC,0.013407097846110601,1.0134973759872283
classification,logistic_c1,4,categorical__primary_seller_state_SE,0.039070650717241154,1.0398439467756746
classification,logistic_c1,4,categorical__primary_seller_state_SP,0.18341395629027,1.2013115956583655
classification,logistic_c1,4,categorical__primary_seller_state_Unknown,-0.006480708546904385,0.9935402459536242
classification,logistic_c1,4,categorical__primary_category_agro_industry_and_commerce,0.08382006213174589,1.087433205790593
classification,logistic_c1,4,categorical__primary_category_air_conditioning,0.10363067799524109,1.1091907307158304
classification,logistic_c1,4,categorical__primary_category_art,0.36767017749799497,1.4443655761359846
classification,logistic_c1,4,categorical__primary_category_arts_and_craftmanship,-0.12600434798630977,0.8816110135424652
classification,logistic_c1,4,categorical__primary_category_audio,0.2542859194434788,1.2895404562525028
classification,logistic_c1,4,categorical__primary_category_auto,0.040108145283678384,1.0409233390553887
classification,logistic_c1,4,categorical__primary_category_baby,0.046913959791221524,1.0480318323226383
classification,logistic_c1,4,categorical__primary_category_bed_bath_table,0.06579352873549428,1.0680061818128113
classification,logistic_c1,4,categorical__primary_category_books_general_interest,-0.5107892245134927,0.6000218399489753
classification,logistic_c1,4,categorical__primary_category_books_imported,0.3327315736972295,1.394772854496209
classification,logistic_c1,4,categorical__primary_category_books_technical,-0.116624451504163,0.8899193382845443
classification,logistic_c1,4,categorical__primary_category_cds_dvds_musicals,-0.14540467647742827,0.86467230975606
classification,logistic_c1,4,categorical__primary_category_christmas_supplies,-0.058273111008101425,0.9433922614384023
classification,logistic_c1,4,categorical__primary_category_cine_photo,0.09695056060491435,1.1018058996572608
classification,logistic_c1,4,categorical__primary_category_computers,0.03475491140589478,1.0353659213226443
classification,logistic_c1,4,categorical__primary_category_computers_accessories,0.1726971243291519,1.188506080988928
classification,logistic_c1,4,categorical__primary_category_consoles_games,0.12365910745737549,1.1316300409976405
classification,logistic_c1,4,categorical__primary_category_construction_tools_construction,0.187782907596366,1.20657154939741
classification,logistic_c1,4,categorical__primary_category_construction_tools_lights,-0.29195649873555346,0.7468010220555086
classification,logistic_c1,4,categorical__primary_category_construction_tools_safety,0.644940289749605,1.9058732257068087
classification,logistic_c1,4,categorical__primary_category_cool_stuff,-0.19275145730554064,0.8246869185781605
classification,logistic_c1,4,categorical__primary_category_costruction_tools_garden,-0.41888009797382314,0.6577830600613843
classification,logistic_c1,4,categorical__primary_category_costruction_tools_tools,-0.2020736479913759,0.8170347527579482
classification,logistic_c1,4,categorical__primary_category_diapers_and_hygiene,0.17816566173553902,1.195023274467368
classification,logistic_c1,4,categorical__primary_category_drinks,-0.10509159742055739,0.9002420589591176
classification,logistic_c1,4,categorical__primary_category_dvds_blu_ray,0.4829467638745639,1.6208436152812138
classification,logistic_c1,4,categorical__primary_category_electronics,-0.03611164516123451,0.964532602073748
classification,logistic_c1,4,categorical__primary_category_fashio_female_clothing,0.09160821681385573,1.0959353689094047
classification,logistic_c1,4,categorical__primary_category_fashion_bags_accessories,-0.2160110784871996,0.8057263755946965
classification,logistic_c1,4,categorical__primary_category_fashion_childrens_clothes,0.031037373078387356,1.031524054395486
classification,logistic_c1,4,categorical__primary_category_fashion_male_clothing,1.012729088289031,2.7531042364132214
classification,logistic_c1,4,categorical__primary_category_fashion_shoes,-0.1892378457666331,0.8275896445907773
classification,logistic_c1,4,categorical__primary_category_fashion_sport,0.08606367053295967,1.0898757190639246
classification,logistic_c1,4,categorical__primary_category_fashion_underwear_beach,0.46430922949680203,1.590914852183143
classification,logistic_c1,4,categorical__primary_category_fixed_telephony,0.48040597602912033,1.6167306228573755
classification,logistic_c1,4,categorical__primary_category_flowers,-0.1642800468556673,0.8485043676244232
classification,logistic_c1,4,categorical__primary_category_food,-0.17383414907487804,0.8404362732337498
classification,logistic_c1,4,categorical__primary_category_food_drink,-0.7000531122368385,0.4965589297355428
classification,logistic_c1,4,categorical__primary_category_furniture_bedroom,0.46623078668884177,1.5939748250741874
classification,logistic_c1,4,categorical__primary_category_furniture_decor,0.02154524740583915,1.0217790221415324
classification,logistic_c1,4,categorical__primary_category_furniture_living_room,0.020218408662665215,1.0204241851718496
classification,logistic_c1,4,categorical__primary_category_furniture_mattress_and_upholstery,0.27212862254427594,1.3127558404488273
classification,logistic_c1,4,categorical__primary_category_garden_tools,-0.21640409216047948,0.8054097763301606
classification,logistic_c1,4,categorical__primary_category_health_beauty,-0.13862252799533087,0.8705565771817445
classification,logistic_c1,4,categorical__primary_category_home_appliances,-0.07406301222932263,0.9286131780111753
classification,logistic_c1,4,categorical__primary_category_home_appliances_2,-0.337862915730198,0.7132930624550737
classification,logistic_c1,4,categorical__primary_category_home_comfort_2,0.11936284957616233,1.1267786952936025
classification,logistic_c1,4,categorical__primary_category_home_confort,-0.008516368813315361,0.9915197927277474
classification,logistic_c1,4,categorical__primary_category_home_construction,0.14987608005401074,1.1616902772119595
classification,logistic_c1,4,categorical__primary_category_housewares,-0.10663947393910103,0.898849673313576
classification,logistic_c1,4,categorical__primary_category_industry_commerce_and_business,-0.5848746299687257,0.5571757105698714
classification,logistic_c1,4,categorical__primary_category_kitchen_dining_laundry_garden_furniture,-0.08428532303179903,0.9191689586031421
classification,logistic_c1,4,categorical__primary_category_la_cuisine,-0.0807108203088015,0.9224604096944171
classification,logistic_c1,4,categorical__primary_category_luggage_accessories,-0.44330790928816405,0.6419095267501037
classification,logistic_c1,4,categorical__primary_category_market_place,-0.09062275522897287,0.9133622070321545
classification,logistic_c1,4,categorical__primary_category_music,-0.28338872561951567,0.7532269323372741
classification,logistic_c1,4,categorical__primary_category_musical_instruments,-0.14345590628781013,0.8663590003294591
classification,logistic_c1,4,categorical__primary_category_office_furniture,0.2645371353358486,1.3028278032419163
classification,logistic_c1,4,categorical__primary_category_party_supplies,0.23377609705373467,1.2633615901554238
classification,logistic_c1,4,categorical__primary_category_perfumery,-0.11014367319952238,0.8957054371855249
classification,logistic_c1,4,categorical__primary_category_pet_shop,-0.27401680632562986,0.7603192969798167
classification,logistic_c1,4,categorical__primary_category_security_and_services,-0.024357669618518114,0.9759365844600135
classification,logistic_c1,4,categorical__primary_category_signaling_and_security,-0.15402265596215592,0.8572525989090061
classification,logistic_c1,4,categorical__primary_category_small_appliances,-0.044997034748509454,0.9560003166102607
classification,logistic_c1,4,categorical__primary_category_small_appliances_home_oven_and_coffee,-0.2777539757637636,0.757483157807135
classification,logistic_c1,4,categorical__primary_category_sports_leisure,-0.12945830475220502,0.8785712198972809
classification,logistic_c1,4,categorical__primary_category_stationery,-0.34408566534042295,0.7088682000127349
classification,logistic_c1,4,categorical__primary_category_tablets_printing_image,-0.05997682023024274,0.9417863637223105
classification,logistic_c1,4,categorical__primary_category_telephony,0.10663655493101178,1.1125298375085557
classification,logistic_c1,4,categorical__primary_category_toys,-0.15076246895421688,0.8600519634409354
classification,logistic_c1,4,categorical__primary_category_watches_gifts,0.01908239178681071,1.019265624273927
classification,logistic_c1,4,categorical__primary_payment_type_boleto,-0.3276251290115712,0.7206331135245313
classification,logistic_c1,4,categorical__primary_payment_type_credit_card,-0.34789172595174744,0.7061753325372219
classification,logistic_c1,4,categorical__primary_payment_type_debit_card,-0.34758063425385655,0.7063950519951071
classification,logistic_c1,4,categorical__primary_payment_type_voucher,-0.12341905738740616,0.8838931829721358
classification,logistic_c1,4,categorical__purchase_month_10,-0.19056093069985597,0.82649539725184
classification,logistic_c1,4,categorical__purchase_month_11,0.24289526466902842,1.2749350863772828
classification,logistic_c1,4,categorical__purchase_month_12,0.13519817999294056,1.1447636311206606
classification,logistic_c1,4,categorical__purchase_month_2,0.34417731096816784,1.410828768746245
classification,logistic_c1,4,categorical__purchase_month_3,0.3961932449753865,1.4861564820767446
classification,logistic_c1,4,categorical__purchase_month_4,-0.07813277043634667,0.9248416267652924
classification,logistic_c1,4,categorical__purchase_month_5,-0.23760717911478868,0.7885123743936636
classification,logistic_c1,4,categorical__purchase_month_6,-0.29177990960771605,0.7469329106413639
classification,logistic_c1,4,categorical__purchase_month_7,-0.3108427605178318,0.7328290964781287
classification,logistic_c1,4,categorical__purchase_month_8,-0.3052126620413875,0.736966632897149
classification,logistic_c1,4,categorical__purchase_month_9,-0.24724377012263496,0.7809502979760359
classification,logistic_c1,4,categorical__purchase_dayofweek_1,-0.02663751793265161,0.9737141314737165
classification,logistic_c1,4,categorical__purchase_dayofweek_2,-0.08019903764931632,0.9229326297628745
classification,logistic_c1,4,categorical__purchase_dayofweek_3,-0.05119210694295358,0.9500961329360081
classification,logistic_c1,4,categorical__purchase_dayofweek_4,0.04641933723401356,1.0475135803178313
classification,logistic_c1,4,categorical__purchase_dayofweek_5,-0.04643935729353075,0.954622449703682
classification,logistic_c1,4,categorical__purchase_dayofweek_6,-0.002361374522330672,0.9976414113292422
classification,logistic_c1,4,categorical__purchase_hour_1,0.06952437440067363,1.0719981901997397
classification,logistic_c1,4,categorical__purchase_hour_10,-0.19290982443950466,0.8245563256155372
classification,logistic_c1,4,categorical__purchase_hour_11,-0.14445791196546706,0.8654913384658921
classification,logistic_c1,4,categorical__purchase_hour_12,-0.09832224651552687,0.9063567863733119
classification,logistic_c1,4,categorical__purchase_hour_13,-0.17871302731346578,0.8363458733845557
classification,logistic_c1,4,categorical__purchase_hour_14,-0.1410926992187319,0.8684088071484085
classification,logistic_c1,4,categorical__purchase_hour_15,-0.1681935811318118,0.8451902059707859
classification,logistic_c1,4,categorical__purchase_hour_16,-0.1621322101602872,0.8503287750045931
classification,logistic_c1,4,categorical__purchase_hour_17,-0.1618887484201255,0.8505358227309425
classification,logistic_c1,4,categorical__purchase_hour_18,-0.05387059626485827,0.9475547156880451
classification,logistic_c1,4,categorical__purchase_hour_19,-0.07390376053933327,0.9287610730050712
classification,logistic_c1,4,categorical__purchase_hour_2,-0.10983638023854125,0.8959807234560849
classification,logistic_c1,4,categorical__purchase_hour_20,-0.16093134003810042,0.8513505227949412
classification,logistic_c1,4,categorical__purchase_hour_21,-0.08447882305716178,0.9189911165931114
classification,logistic_c1,4,categorical__purchase_hour_22,-0.25815259153831716,0.7724773496061291
classification,logistic_c1,4,categorical__purchase_hour_23,-0.06224567281889045,0.9396520114739203
classification,logistic_c1,4,categorical__purchase_hour_3,-0.6556674598849211,0.519095471528412
classification,logistic_c1,4,categorical__purchase_hour_4,0.29268702003613833,1.3400233243412385
classification,logistic_c1,4,categorical__purchase_hour_5,-0.18063110620615136,0.8347432335040419
classification,logistic_c1,4,categorical__purchase_hour_6,0.07478332315776842,1.0776506236514118
classification,logistic_c1,4,categorical__purchase_hour_7,-0.2814087760262432,0.7547197610707367
classification,logistic_c1,4,categorical__purchase_hour_8,-0.2336589251601934,0.7916317755357729
classification,logistic_c1,4,categorical__purchase_hour_9,-0.19933501152378164,0.8192753806593671
