task,fold,feature,coefficient
regression,0,numeric__n_items,-0.3087535011051464
regression,0,numeric__has_items,0.0
regression,0,numeric__n_products,-0.04204809471183887
regression,0,numeric__n_sellers,-0.26947753468091507
regression,0,numeric__n_categories,-0.08822353372837075
regression,0,numeric__total_price,0.05532767887834841
regression,0,numeric__total_freight,0.07138401586577801
regression,0,numeric__freight_ratio,0.013867465530635949
regression,0,numeric__freight_ratio_missing,0.0
regression,0,numeric__total_weight_g,0.31191210519316104
regression,0,numeric__total_volume_cm3,0.18758541627410497
regression,0,numeric__weight_missing_fraction,-0.014597089209518516
regression,0,numeric__volume_missing_fraction,0.01817715844974073
regression,0,numeric__category_missing_fraction,-0.04194048680574061
regression,0,numeric__distance_km_max,1.9874848929108309
regression,0,numeric__distance_missing_fraction,0.04611910516794376
regression,0,numeric__interstate_share,1.5504797014276026
regression,0,numeric__payment_installments_max,0.22432954343527395
regression,0,numeric__n_payment_methods,0.01846061665120738
regression,0,numeric__payment_missing,0.18933759090326766
regression,0,numeric__missingindicator_total_weight_g,-0.014597089209518516
regression,0,numeric__missingindicator_total_volume_cm3,0.01817715844974073
regression,0,numeric__missingindicator_distance_km_max,0.04751844886448608
regression,0,numeric__missingindicator_payment_installments_max,-0.00777173302417173
regression,0,categorical__customer_state_AL,6.56296592872059
regression,0,categorical__customer_state_AM,5.164062628839555
regression,0,categorical__customer_state_AP,3.9026095194826547
regression,0,categorical__customer_state_BA,3.0962641750516378
regression,0,categorical__customer_state_CE,2.3130429655087377
regression,0,categorical__customer_state_DF,-1.357390022272121
regression,0,categorical__customer_state_ES,1.1932099722104446
regression,0,categorical__customer_state_GO,0.7851536993259077
regression,0,categorical__customer_state_MA,2.6212083124247267
regression,0,categorical__customer_state_MG,-1.1333511068633682
regression,0,categorical__customer_state_MS,1.0666451163827717
regression,0,categorical__customer_state_MT,1.560471143143067
regression,0,categorical__customer_state_PA,4.0336993616923245
regression,0,categorical__customer_state_PB,2.2915991267767235
regression,0,categorical__customer_state_PE,0.15467332152538593
regression,0,categorical__customer_state_PI,0.8020139369421031
regression,0,categorical__customer_state_PR,-0.9286963437151071
regression,0,categorical__customer_state_RJ,1.9758651507615628
regression,0,categorical__customer_state_RN,0.11040276822115143
regression,0,categorical__customer_state_RO,0.1502744846057852
regression,0,categorical__customer_state_RR,5.814562913010747
regression,0,categorical__customer_state_RS,0.6776679574804124
regression,0,categorical__customer_state_SC,1.4682195876339041
regression,0,categorical__customer_state_SE,4.159718345960181
regression,0,categorical__customer_state_SP,-1.3334659723295599
regression,0,categorical__customer_state_TO,0.7866050067849611
regression,0,categorical__primary_seller_state_BA,-3.521141920859647
regression,0,categorical__primary_seller_state_CE,-3.321112969692284
regression,0,categorical__primary_seller_state_DF,-4.0994546741996265
regression,0,categorical__primary_seller_state_ES,-5.038883659284113
regression,0,categorical__primary_seller_state_GO,-3.5964897813814543
regression,0,categorical__primary_seller_state_MA,-1.0371853326317597
regression,0,categorical__primary_seller_state_MG,-2.751157549184361
regression,0,categorical__primary_seller_state_MS,-5.222283663552281
regression,0,categorical__primary_seller_state_MT,-4.0745809660055645
regression,0,categorical__primary_seller_state_PA,-0.8831243073971259
regression,0,categorical__primary_seller_state_PB,-7.757414651889862
regression,0,categorical__primary_seller_state_PE,-7.933587210663617
regression,0,categorical__primary_seller_state_PI,-5.202382594577999
regression,0,categorical__primary_seller_state_PR,-3.0063259367569883
regression,0,categorical__primary_seller_state_RJ,-3.316961037581932
regression,0,categorical__primary_seller_state_RN,-5.119034804059989
regression,0,categorical__primary_seller_state_RO,-4.156144643028418
regression,0,categorical__primary_seller_state_RS,-5.125352201568242
regression,0,categorical__primary_seller_state_SC,-2.8943747504318798
regression,0,categorical__primary_seller_state_SE,-9.641569831656788
regression,0,categorical__primary_seller_state_SP,-2.166284423826888
regression,0,categorical__primary_category_agro_industry_and_commerce,-0.6943664964633601
regression,0,categorical__primary_category_air_conditioning,-0.15756751882288986
regression,0,categorical__primary_category_art,0.4807995942418751
regression,0,categorical__primary_category_arts_and_craftmanship,-0.25328792880115814
regression,0,categorical__primary_category_audio,1.080797266406267
regression,0,categorical__primary_category_auto,0.13027878106003818
regression,0,categorical__primary_category_baby,0.646624117958587
regression,0,categorical__primary_category_bed_bath_table,1.4938152626769587
regression,0,categorical__primary_category_books_general_interest,0.2590256523447134
regression,0,categorical__primary_category_books_imported,-0.9298188767969905
regression,0,categorical__primary_category_books_technical,-0.7873431520190407
regression,0,categorical__primary_category_cds_dvds_musicals,-0.7552503922770518
regression,0,categorical__primary_category_christmas_supplies,3.3051170048522107
regression,0,categorical__primary_category_cine_photo,-0.6662972978515244
regression,0,categorical__primary_category_computers,-0.9196179853125446
regression,0,categorical__primary_category_computers_accessories,0.9645019468575116
regression,0,categorical__primary_category_consoles_games,1.3824928646233883
regression,0,categorical__primary_category_construction_tools_construction,0.1461166431752299
regression,0,categorical__primary_category_construction_tools_lights,-0.11432043209717752
regression,0,categorical__primary_category_construction_tools_safety,-0.20406329340562931
regression,0,categorical__primary_category_cool_stuff,-0.0992553951550195
regression,0,categorical__primary_category_costruction_tools_garden,0.36129484284613855
regression,0,categorical__primary_category_costruction_tools_tools,-0.350351080887664
regression,0,categorical__primary_category_diapers_and_hygiene,1.7988509812067242
regression,0,categorical__primary_category_drinks,-0.10507587392036229
regression,0,categorical__primary_category_dvds_blu_ray,2.261511132594387
regression,0,categorical__primary_category_electronics,0.29044338934526287
regression,0,categorical__primary_category_fashio_female_clothing,2.85403706884225
regression,0,categorical__primary_category_fashion_bags_accessories,-0.49043655171355777
regression,0,categorical__primary_category_fashion_childrens_clothes,0.30770428268160444
regression,0,categorical__primary_category_fashion_male_clothing,1.5564020059727852
regression,0,categorical__primary_category_fashion_shoes,2.601000838511362
regression,0,categorical__primary_category_fashion_sport,-0.9435791178824919
regression,0,categorical__primary_category_fashion_underwear_beach,1.345861738823976
regression,0,categorical__primary_category_fixed_telephony,0.6730082226834666
regression,0,categorical__primary_category_flowers,-0.8757001876050874
regression,0,categorical__primary_category_food,-0.13963064649526985
regression,0,categorical__primary_category_food_drink,-0.903046682601875
regression,0,categorical__primary_category_furniture_bedroom,1.6445711238328382
regression,0,categorical__primary_category_furniture_decor,0.9945142663085638
regression,0,categorical__primary_category_furniture_living_room,1.1201678092504175
regression,0,categorical__primary_category_furniture_mattress_and_upholstery,3.1384837084869153
regression,0,categorical__primary_category_garden_tools,0.8534628853676589
regression,0,categorical__primary_category_health_beauty,0.013281798542401508
regression,0,categorical__primary_category_home_appliances,0.39392919709582797
regression,0,categorical__primary_category_home_appliances_2,0.9699414484442688
regression,0,categorical__primary_category_home_comfort_2,1.997773530617046
regression,0,categorical__primary_category_home_confort,1.4675933121260354
regression,0,categorical__primary_category_home_construction,1.999084057930956
regression,0,categorical__primary_category_housewares,0.0291123942342425
regression,0,categorical__primary_category_industry_commerce_and_business,-1.0859890341479084
regression,0,categorical__primary_category_kitchen_dining_laundry_garden_furniture,0.2656940812329027
regression,0,categorical__primary_category_la_cuisine,-2.7010542686807995
regression,0,categorical__primary_category_luggage_accessories,-1.0812496703381038
regression,0,categorical__primary_category_market_place,-0.1541177196429453
regression,0,categorical__primary_category_music,0.4847963089083415
regression,0,categorical__primary_category_musical_instruments,0.5818360202399916
regression,0,categorical__primary_category_office_furniture,6.400059665041739
regression,0,categorical__primary_category_party_supplies,-2.179620962835631
regression,0,categorical__primary_category_perfumery,0.029495377994161756
regression,0,categorical__primary_category_pet_shop,-0.2161392701909042
regression,0,categorical__primary_category_security_and_services,-0.8246658863572277
regression,0,categorical__primary_category_signaling_and_security,0.40307444694609385
regression,0,categorical__primary_category_small_appliances,-0.9982624633833309
regression,0,categorical__primary_category_small_appliances_home_oven_and_coffee,-1.0432364319393077
regression,0,categorical__primary_category_sports_leisure,0.11454366933710712
regression,0,categorical__primary_category_stationery,0.5081310984399033
regression,0,categorical__primary_category_tablets_printing_image,-0.3068003081885868
regression,0,categorical__primary_category_telephony,0.029692304770365423
regression,0,categorical__primary_category_toys,-0.3687267926389086
regression,0,categorical__primary_category_watches_gifts,0.5066060500642287
regression,0,categorical__primary_payment_type_boleto,0.9386342593071152
regression,0,categorical__primary_payment_type_credit_card,-0.3986024213191323
regression,0,categorical__primary_payment_type_debit_card,-0.3047074208205726
regression,0,categorical__primary_payment_type_voucher,-0.23608658622717743
regression,0,categorical__purchase_month_10,-1.9422252405083202
regression,0,categorical__purchase_month_11,1.1130229183209752
regression,0,categorical__purchase_month_12,1.6858837742728578
regression,0,categorical__purchase_month_2,2.01574979391583
regression,0,categorical__purchase_month_3,1.307761831340736
regression,0,categorical__purchase_month_4,-1.5297174172570454
regression,0,categorical__purchase_month_5,-2.296700211137832
regression,0,categorical__purchase_month_6,-3.593497023475352
regression,0,categorical__purchase_month_7,-3.8433269930286924
regression,0,categorical__purchase_month_8,-4.33844984715623
regression,0,categorical__purchase_month_9,-2.483655426861009
regression,0,categorical__purchase_dayofweek_1,0.07193980436610652
regression,0,categorical__purchase_dayofweek_2,0.4255863319349883
regression,0,categorical__purchase_dayofweek_3,0.6827706885371662
regression,0,categorical__purchase_dayofweek_4,1.16181658978925
regression,0,categorical__purchase_dayofweek_5,0.964929800108425
regression,0,categorical__purchase_dayofweek_6,0.03884665836001905
regression,0,categorical__purchase_hour_1,-0.6956378106355151
regression,0,categorical__purchase_hour_10,-0.5427594122566933
regression,0,categorical__purchase_hour_11,-0.8221082919252064
regression,0,categorical__purchase_hour_12,-0.6362759092413756
regression,0,categorical__purchase_hour_13,-0.4830110647690036
regression,0,categorical__purchase_hour_14,-0.4045070871907723
regression,0,categorical__purchase_hour_15,-0.4768433569061977
regression,0,categorical__purchase_hour_16,-0.4484053322192141
regression,0,categorical__purchase_hour_17,-0.6135416623400777
regression,0,categorical__purchase_hour_18,-0.3926073561120526
regression,0,categorical__purchase_hour_19,-0.529857357200108
regression,0,categorical__purchase_hour_2,-0.49670963007488006
regression,0,categorical__purchase_hour_20,-0.3759485607659483
regression,0,categorical__purchase_hour_21,-0.3136567342300952
regression,0,categorical__purchase_hour_22,-0.47331823803227135
regression,0,categorical__purchase_hour_23,-0.19592213479456283
regression,0,categorical__purchase_hour_3,-0.18601122171817672
regression,0,categorical__purchase_hour_4,-0.021825279019616287
regression,0,categorical__purchase_hour_5,-0.4645750383479375
regression,0,categorical__purchase_hour_6,-0.44717307086571567
regression,0,categorical__purchase_hour_7,-0.9740339623270028
regression,0,categorical__purchase_hour_8,-0.9207898431510445
regression,0,categorical__purchase_hour_9,-0.9289764495228513
regression,1,numeric__n_items,-0.31926222939382726
regression,1,numeric__has_items,0.0
regression,1,numeric__n_products,-0.041401055530423524
regression,1,numeric__n_sellers,-0.2609376277112125
regression,1,numeric__n_categories,-0.09039853460522451
regression,1,numeric__total_price,0.08411356600104325
regression,1,numeric__total_freight,0.10702767988053255
regression,1,numeric__freight_ratio,-0.003178786480227505
regression,1,numeric__freight_ratio_missing,0.0
regression,1,numeric__total_weight_g,0.34587759234895715
regression,1,numeric__total_volume_cm3,0.09444048646969899
regression,1,numeric__weight_missing_fraction,-0.030655125258870302
regression,1,numeric__volume_missing_fraction,0.03370614212424635
regression,1,numeric__category_missing_fraction,0.351486736992984
regression,1,numeric__distance_km_max,2.0304753475599973
regression,1,numeric__distance_missing_fraction,0.20122428656003954
regression,1,numeric__interstate_share,1.54742838008498
regression,1,numeric__payment_installments_max,0.18441486838289928
regression,1,numeric__n_payment_methods,0.00046312635258475004
regression,1,numeric__payment_missing,0.19350373830903814
regression,1,numeric__missingindicator_total_weight_g,-0.030655125258870302
regression,1,numeric__missingindicator_total_volume_cm3,0.03370614212424635
regression,1,numeric__missingindicator_distance_km_max,-0.09038631390484186
regression,1,numeric__missingindicator_payment_installments_max,-0.006405232672306043
regression,1,categorical__customer_state_AL,7.591062841634171
regression,1,categorical__customer_state_AM,6.514325204085114
regression,1,categorical__customer_state_AP,6.262386146514422
regression,1,categorical__customer_state_BA,4.2565080491339495
regression,1,categorical__customer_state_CE,3.210698626658481
regression,1,categorical__customer_state_DF,-0.3139249943802628
regression,1,categorical__customer_state_ES,2.152716454243362
regression,1,categorical__customer_state_GO,2.1014962820259946
regression,1,categorical__customer_state_MA,3.1293424569964268
regression,1,categorical__customer_state_MG,-0.12347625909899258
regression,1,categorical__customer_state_MS,1.8948536808194245
regression,1,categorical__customer_state_MT,2.602347808801245
regression,1,categorical__customer_state_PA,5.180378935079151
regression,1,categorical__customer_state_PB,3.176367830900488
regression,1,categorical__customer_state_PE,1.0824284900185606
regression,1,categorical__customer_state_PI,2.3296725289572566
regression,1,categorical__customer_state_PR,0.13629154951659245
regression,1,categorical__customer_state_RJ,3.040697664116444
regression,1,categorical__customer_state_RN,0.73033684010819
regression,1,categorical__customer_state_RO,0.475964410642385
regression,1,categorical__customer_state_RR,7.023403279723769
regression,1,categorical__customer_state_RS,1.7984117122455137
regression,1,categorical__customer_state_SC,2.5549142570061454
regression,1,categorical__customer_state_SE,5.80626268826502
regression,1,categorical__customer_state_SP,-0.20954254485214677
regression,1,categorical__customer_state_TO,1.9117412737804054
regression,1,categorical__primary_seller_state_BA,-32.990660376343016
regression,1,categorical__primary_seller_state_CE,-32.134856907908016
regression,1,categorical__primary_seller_state_DF,-33.37274635935042
regression,1,categorical__primary_seller_state_ES,-34.314977601578875
regression,1,categorical__primary_seller_state_GO,-33.18605613745682
regression,1,categorical__primary_seller_state_MA,-29.715795566799358
regression,1,categorical__primary_seller_state_MG,-32.07726687972813
regression,1,categorical__primary_seller_state_MS,-34.421679318595935
regression,1,categorical__primary_seller_state_MT,-34.163699614206806
regression,1,categorical__primary_seller_state_PA,-32.899648274068184
regression,1,categorical__primary_seller_state_PB,-36.629234390897906
regression,1,categorical__primary_seller_state_PE,-37.20461376244943
regression,1,categorical__primary_seller_state_PI,-32.86520369430181
regression,1,categorical__primary_seller_state_PR,-32.37215342367619
regression,1,categorical__primary_seller_state_RJ,-32.56229675665836
regression,1,categorical__primary_seller_state_RN,-32.947670092878035
regression,1,categorical__primary_seller_state_RO,-33.87724315635588
regression,1,categorical__primary_seller_state_RS,-34.467178817226305
regression,1,categorical__primary_seller_state_SC,-32.128125248789445
regression,1,categorical__primary_seller_state_SE,-40.50493848275225
regression,1,categorical__primary_seller_state_SP,-31.478721687517485
regression,1,categorical__primary_category_agro_industry_and_commerce,1.4636223900195584
regression,1,categorical__primary_category_air_conditioning,2.919295668782932
regression,1,categorical__primary_category_art,3.3786234789130107
regression,1,categorical__primary_category_arts_and_craftmanship,2.6488740008737914
regression,1,categorical__primary_category_audio,4.678178270720815
regression,1,categorical__primary_category_auto,3.1887545884840676
regression,1,categorical__primary_category_baby,3.9981072156447315
regression,1,categorical__primary_category_bed_bath_table,4.6724129523882905
regression,1,categorical__primary_category_books_general_interest,2.9467538234690953
regression,1,categorical__primary_category_books_imported,2.4748981855898777
regression,1,categorical__primary_category_books_technical,2.909830494316692
regression,1,categorical__primary_category_cds_dvds_musicals,3.5082892899097993
regression,1,categorical__primary_category_christmas_supplies,5.707159276165265
regression,1,categorical__primary_category_cine_photo,2.7138803101743765
regression,1,categorical__primary_category_computers,2.0470637157318983
regression,1,categorical__primary_category_computers_accessories,4.1816114526019685
regression,1,categorical__primary_category_consoles_games,4.4314126334043165
regression,1,categorical__primary_category_construction_tools_construction,3.402186748345219
regression,1,categorical__primary_category_construction_tools_lights,2.8830890137582066
regression,1,categorical__primary_category_construction_tools_safety,2.3723141935778544
regression,1,categorical__primary_category_cool_stuff,2.9805314820202296
regression,1,categorical__primary_category_costruction_tools_garden,2.4824124684573246
regression,1,categorical__primary_category_costruction_tools_tools,2.3187184880007425
regression,1,categorical__primary_category_diapers_and_hygiene,6.368578559371372
regression,1,categorical__primary_category_drinks,2.811689586231285
regression,1,categorical__primary_category_dvds_blu_ray,4.677800155066908
regression,1,categorical__primary_category_electronics,3.211861891376608
regression,1,categorical__primary_category_fashio_female_clothing,6.2139090811895485
regression,1,categorical__primary_category_fashion_bags_accessories,2.7312632173495968
regression,1,categorical__primary_category_fashion_childrens_clothes,1.8053937466937806
regression,1,categorical__primary_category_fashion_male_clothing,4.472852419851141
regression,1,categorical__primary_category_fashion_shoes,5.8075550922831125
regression,1,categorical__primary_category_fashion_sport,2.3385979769563234
regression,1,categorical__primary_category_fashion_underwear_beach,6.023437039424322
regression,1,categorical__primary_category_fixed_telephony,3.085354837423319
regression,1,categorical__primary_category_flowers,2.524361987721775
regression,1,categorical__primary_category_food,2.9011911011588607
regression,1,categorical__primary_category_food_drink,2.334919674439307
regression,1,categorical__primary_category_furniture_bedroom,4.611835859147591
regression,1,categorical__primary_category_furniture_decor,4.186109171034604
regression,1,categorical__primary_category_furniture_living_room,4.42875827386714
regression,1,categorical__primary_category_furniture_mattress_and_upholstery,3.5354528546327937
regression,1,categorical__primary_category_garden_tools,3.9453065492263266
regression,1,categorical__primary_category_health_beauty,2.9618310689075167
regression,1,categorical__primary_category_home_appliances,3.1856123338340416
regression,1,categorical__primary_category_home_appliances_2,4.887995989546534
regression,1,categorical__primary_category_home_comfort_2,6.176301078957611
regression,1,categorical__primary_category_home_confort,4.8271834257166475
regression,1,categorical__primary_category_home_construction,4.772018583716505
regression,1,categorical__primary_category_housewares,3.1972986830462005
regression,1,categorical__primary_category_industry_commerce_and_business,1.5947842732940445
regression,1,categorical__primary_category_kitchen_dining_laundry_garden_furniture,3.2831623402530936
regression,1,categorical__primary_category_la_cuisine,2.976404821844799
regression,1,categorical__primary_category_luggage_accessories,2.1468308133993115
regression,1,categorical__primary_category_market_place,3.2161252076748017
regression,1,categorical__primary_category_music,3.33074485796991
regression,1,categorical__primary_category_musical_instruments,3.8631821447825643
regression,1,categorical__primary_category_office_furniture,9.552900128321125
regression,1,categorical__primary_category_party_supplies,0.7241960529669994
regression,1,categorical__primary_category_perfumery,3.2684944042227833
regression,1,categorical__primary_category_pet_shop,2.93264485068416
regression,1,categorical__primary_category_security_and_services,2.3911653008927396
regression,1,categorical__primary_category_signaling_and_security,3.563065269179491
regression,1,categorical__primary_category_small_appliances,2.402842547280387
regression,1,categorical__primary_category_small_appliances_home_oven_and_coffee,1.4103023745566248
regression,1,categorical__primary_category_sports_leisure,3.3600298422155834
regression,1,categorical__primary_category_stationery,3.6216412257378483
regression,1,categorical__primary_category_tablets_printing_image,2.7249477582232826
regression,1,categorical__primary_category_telephony,3.272206305872824
regression,1,categorical__primary_category_toys,2.896291994711115
regression,1,categorical__primary_category_watches_gifts,3.768381606405145
regression,1,categorical__primary_payment_type_boleto,0.9933729212794677
regression,1,categorical__primary_payment_type_credit_card,-0.35494260065795313
regression,1,categorical__primary_payment_type_debit_card,-0.5150422293482009
regression,1,categorical__primary_payment_type_voucher,-0.12416703252022554
regression,1,categorical__purchase_month_10,-1.9126779194541526
regression,1,categorical__purchase_month_11,0.9679998013299442
regression,1,categorical__purchase_month_12,1.471096989322307
regression,1,categorical__purchase_month_2,1.9370697820718652
regression,1,categorical__purchase_month_3,1.4661515130521323
regression,1,categorical__purchase_month_4,-1.4770069705150548
regression,1,categorical__purchase_month_5,-2.3653733572144935
regression,1,categorical__purchase_month_6,-3.5449898599238154
regression,1,categorical__purchase_month_7,-3.871727877822985
regression,1,categorical__purchase_month_8,-4.324370871236944
regression,1,categorical__purchase_month_9,-2.5070306358466445
regression,1,categorical__purchase_dayofweek_1,0.15413282514464946
regression,1,categorical__purchase_dayofweek_2,0.44502062301011763
regression,1,categorical__purchase_dayofweek_3,0.7445994413471784
regression,1,categorical__purchase_dayofweek_4,1.2721937018003193
regression,1,categorical__purchase_dayofweek_5,1.00352832084242
regression,1,categorical__purchase_dayofweek_6,-0.011821710329514599
regression,1,categorical__purchase_hour_1,-0.19642539452080582
regression,1,categorical__purchase_hour_10,-0.2814593471737019
regression,1,categorical__purchase_hour_11,-0.453585414007066
regression,1,categorical__purchase_hour_12,-0.3697207547654207
regression,1,categorical__purchase_hour_13,-0.22445864261806298
regression,1,categorical__purchase_hour_14,-0.17713366816586645
regression,1,categorical__purchase_hour_15,-0.3103887401678863
regression,1,categorical__purchase_hour_16,-0.10280687209584427
regression,1,categorical__purchase_hour_17,-0.3002865977605694
regression,1,categorical__purchase_hour_18,-0.15488462795776625
regression,1,categorical__purchase_hour_19,-0.25785710532622924
regression,1,categorical__purchase_hour_2,-0.4789895061113019
regression,1,categorical__purchase_hour_20,-0.06749992547942092
regression,1,categorical__purchase_hour_21,-0.07758283294615666
regression,1,categorical__purchase_hour_22,-0.21345174365632244
regression,1,categorical__purchase_hour_23,-0.08086203475630602
regression,1,categorical__purchase_hour_3,-0.46824857479281895
regression,1,categorical__purchase_hour_4,0.28215103698059446
regression,1,categorical__purchase_hour_5,-0.7069465898374271
regression,1,categorical__purchase_hour_6,-0.9192748512383476
regression,1,categorical__purchase_hour_7,-0.4837316905330526
regression,1,categorical__purchase_hour_8,-0.7072348353078804
regression,1,categorical__purchase_hour_9,-0.4640789343437258
regression,2,numeric__n_items,-0.2887010309585873
regression,2,numeric__has_items,0.0
regression,2,numeric__n_products,-0.03183948035533082
regression,2,numeric__n_sellers,-0.2910835189851907
regression,2,numeric__n_categories,-0.07726447294355795
regression,2,numeric__total_price,0.038552847951417564
regression,2,numeric__total_freight,0.11483057894770785
regression,2,numeric__freight_ratio,-0.042782243722885485
regression,2,numeric__freight_ratio_missing,0.0
regression,2,numeric__total_weight_g,0.2946405782960343
regression,2,numeric__total_volume_cm3,0.10248807108303616
regression,2,numeric__weight_missing_fraction,-0.032756512472516756
regression,2,numeric__volume_missing_fraction,0.019539273186679865
regression,2,numeric__category_missing_fraction,-0.004751396373231916
regression,2,numeric__distance_km_max,2.002968434325756
regression,2,numeric__distance_missing_fraction,0.003861683019503546
regression,2,numeric__interstate_share,1.5248814151631986
regression,2,numeric__payment_installments_max,0.23598588560547917
regression,2,numeric__n_payment_methods,-0.048500026745583805
regression,2,numeric__payment_missing,0.0
regression,2,numeric__missingindicator_total_weight_g,-0.032756512472516756
regression,2,numeric__missingindicator_total_volume_cm3,0.019539273186679865
regression,2,numeric__missingindicator_distance_km_max,0.1499870161936786
regression,2,categorical__customer_state_AL,7.387354540677769
regression,2,categorical__customer_state_AM,7.206021822754479
regression,2,categorical__customer_state_AP,5.218204592988694
regression,2,categorical__customer_state_BA,4.46455114671205
regression,2,categorical__customer_state_CE,3.4693601421437674
regression,2,categorical__customer_state_DF,0.15591025043273019
regression,2,categorical__customer_state_ES,2.8325764846678756
regression,2,categorical__customer_state_GO,2.5345833633997272
regression,2,categorical__customer_state_MA,3.513345766204464
regression,2,categorical__customer_state_MG,0.13541746235997182
regression,2,categorical__customer_state_MS,2.1224121560472784
regression,2,categorical__customer_state_MT,2.8500776633127014
regression,2,categorical__customer_state_PA,5.070352087722862
regression,2,categorical__customer_state_PB,3.686688702835976
regression,2,categorical__customer_state_PE,1.495561827008569
regression,2,categorical__customer_state_PI,2.395609405657223
regression,2,categorical__customer_state_PR,0.4908676167073617
regression,2,categorical__customer_state_RJ,3.2710913808628765
regression,2,categorical__customer_state_RN,1.7225448676331552
regression,2,categorical__customer_state_RO,1.4875487672703758
regression,2,categorical__customer_state_RR,0.7659749024825295
regression,2,categorical__customer_state_RS,2.3298171964712417
regression,2,categorical__customer_state_SC,3.0389263521568455
regression,2,categorical__customer_state_SE,5.000035279013877
regression,2,categorical__customer_state_SP,0.08351759704287975
regression,2,categorical__customer_state_TO,2.603238703810489
regression,2,categorical__primary_seller_state_BA,-35.20527981393126
regression,2,categorical__primary_seller_state_CE,-33.40915056131457
regression,2,categorical__primary_seller_state_DF,-35.387464439239174
regression,2,categorical__primary_seller_state_ES,-36.62886670797682
regression,2,categorical__primary_seller_state_GO,-34.88035160789055
regression,2,categorical__primary_seller_state_MA,-32.79638804873154
regression,2,categorical__primary_seller_state_MG,-34.47149877009153
regression,2,categorical__primary_seller_state_MS,-36.87885411750628
regression,2,categorical__primary_seller_state_MT,-36.31301955175573
regression,2,categorical__primary_seller_state_PA,-30.368221780829636
regression,2,categorical__primary_seller_state_PB,-38.701203511764994
regression,2,categorical__primary_seller_state_PE,-39.30047733516249
regression,2,categorical__primary_seller_state_PI,-36.98754162233411
regression,2,categorical__primary_seller_state_PR,-34.57106431854524
regression,2,categorical__primary_seller_state_RJ,-34.92726028866952
regression,2,categorical__primary_seller_state_RN,-34.85562675628133
regression,2,categorical__primary_seller_state_RO,-36.63184079675242
regression,2,categorical__primary_seller_state_RS,-36.676604203685585
regression,2,categorical__primary_seller_state_SC,-34.30764295076683
regression,2,categorical__primary_seller_state_SE,-39.27826009597103
regression,2,categorical__primary_seller_state_SP,-33.711786346144216
regression,2,categorical__primary_category_agro_industry_and_commerce,-0.7473536536446451
regression,2,categorical__primary_category_air_conditioning,0.8714180971231257
regression,2,categorical__primary_category_art,0.4948371370198477
regression,2,categorical__primary_category_arts_and_craftmanship,-0.4031013013583632
regression,2,categorical__primary_category_audio,1.8514963807929186
regression,2,categorical__primary_category_auto,0.5544816542482142
regression,2,categorical__primary_category_baby,1.1784477247218272
regression,2,categorical__primary_category_bed_bath_table,1.8384074881275319
regression,2,categorical__primary_category_books_general_interest,0.4289592963695747
regression,2,categorical__primary_category_books_imported,-0.847632581992419
regression,2,categorical__primary_category_books_technical,-0.10074317882912136
regression,2,categorical__primary_category_cds_dvds_musicals,0.88626532089609
regression,2,categorical__primary_category_christmas_supplies,3.677892157990042
regression,2,categorical__primary_category_cine_photo,-0.3318441790272342
regression,2,categorical__primary_category_computers,-1.1465308102916503
regression,2,categorical__primary_category_computers_accessories,1.3378630605807036
regression,2,categorical__primary_category_consoles_games,1.599095625751812
regression,2,categorical__primary_category_construction_tools_construction,0.6658877694612355
regression,2,categorical__primary_category_construction_tools_lights,-0.30418967941549996
regression,2,categorical__primary_category_construction_tools_safety,0.036334034221887565
regression,2,categorical__primary_category_cool_stuff,0.06332276435175302
regression,2,categorical__primary_category_costruction_tools_garden,-0.03438475164763297
regression,2,categorical__primary_category_costruction_tools_tools,0.3681364640016574
regression,2,categorical__primary_category_diapers_and_hygiene,2.894762080797037
regression,2,categorical__primary_category_drinks,0.13547798711418674
regression,2,categorical__primary_category_dvds_blu_ray,2.159988473559682
regression,2,categorical__primary_category_electronics,0.6480753429584213
regression,2,categorical__primary_category_fashio_female_clothing,2.9637399913415203
regression,2,categorical__primary_category_fashion_bags_accessories,-0.1337363153997288
regression,2,categorical__primary_category_fashion_childrens_clothes,-2.255553070576923
regression,2,categorical__primary_category_fashion_male_clothing,2.2833265916531733
regression,2,categorical__primary_category_fashion_shoes,3.3142192991242205
regression,2,categorical__primary_category_fashion_sport,-0.033273176937807
regression,2,categorical__primary_category_fashion_underwear_beach,2.416943989263373
regression,2,categorical__primary_category_fixed_telephony,0.8976777605582915
regression,2,categorical__primary_category_flowers,-0.12885375329302684
regression,2,categorical__primary_category_food,0.09501354098071318
regression,2,categorical__primary_category_food_drink,-0.5234379530047741
regression,2,categorical__primary_category_furniture_bedroom,2.536839195888603
regression,2,categorical__primary_category_furniture_decor,1.255288117130988
regression,2,categorical__primary_category_furniture_living_room,1.548495033274334
regression,2,categorical__primary_category_furniture_mattress_and_upholstery,2.71247722358433
regression,2,categorical__primary_category_garden_tools,1.2279914158708949
regression,2,categorical__primary_category_health_beauty,0.3438366948252257
regression,2,categorical__primary_category_home_appliances,0.6818582108809914
regression,2,categorical__primary_category_home_appliances_2,1.4013023674840976
regression,2,categorical__primary_category_home_comfort_2,2.053695070202714
regression,2,categorical__primary_category_home_confort,2.1398565613573064
regression,2,categorical__primary_category_home_construction,2.420132281887525
regression,2,categorical__primary_category_housewares,0.46769028324980666
regression,2,categorical__primary_category_industry_commerce_and_business,-1.366433848364556
regression,2,categorical__primary_category_kitchen_dining_laundry_garden_furniture,0.4153452167461697
regression,2,categorical__primary_category_la_cuisine,-3.0108136504132337
regression,2,categorical__primary_category_luggage_accessories,-0.6343583793342752
regression,2,categorical__primary_category_market_place,0.020783781470976558
regression,2,categorical__primary_category_music,0.009003588826153819
regression,2,categorical__primary_category_musical_instruments,0.590875226701273
regression,2,categorical__primary_category_office_furniture,7.003911375254027
regression,2,categorical__primary_category_party_supplies,-1.4239352471738176
regression,2,categorical__primary_category_perfumery,0.34098382804780863
regression,2,categorical__primary_category_pet_shop,0.4014345591859011
regression,2,categorical__primary_category_security_and_services,0.18948469854749805
regression,2,categorical__primary_category_signaling_and_security,-0.20558275685456698
regression,2,categorical__primary_category_small_appliances,-0.06102986062703143
regression,2,categorical__primary_category_small_appliances_home_oven_and_coffee,-1.2180877972258268
regression,2,categorical__primary_category_sports_leisure,0.4557666469035054
regression,2,categorical__primary_category_stationery,0.6783754437008647
regression,2,categorical__primary_category_tablets_printing_image,-1.3105482044256427
regression,2,categorical__primary_category_telephony,0.3225685343638085
regression,2,categorical__primary_category_toys,0.11884856358573714
regression,2,categorical__primary_category_watches_gifts,0.9621535779889212
regression,2,categorical__primary_payment_type_credit_card,-1.3531819285169273
regression,2,categorical__primary_payment_type_debit_card,-1.2800997460425068
regression,2,categorical__primary_payment_type_voucher,-0.7841889672671704
regression,2,categorical__purchase_month_10,-1.86860725093415
regression,2,categorical__purchase_month_11,0.9400794591820443
regression,2,categorical__purchase_month_12,1.5082858903007543
regression,2,categorical__purchase_month_2,2.0359004029412966
regression,2,categorical__purchase_month_3,1.4438723411393644
regression,2,categorical__purchase_month_4,-1.4367718799735356
regression,2,categorical__purchase_month_5,-2.2888537364074755
regression,2,categorical__purchase_month_6,-3.4680370283716555
regression,2,categorical__purchase_month_7,-3.8082219806758713
regression,2,categorical__purchase_month_8,-4.310145794488704
regression,2,categorical__purchase_month_9,-2.400702150939018
regression,2,categorical__purchase_dayofweek_1,0.0728133366181235
regression,2,categorical__purchase_dayofweek_2,0.35535669584665514
regression,2,categorical__purchase_dayofweek_3,0.6248247404986853
regression,2,categorical__purchase_dayofweek_4,1.0932855456622685
regression,2,categorical__purchase_dayofweek_5,0.9429281112267841
regression,2,categorical__purchase_dayofweek_6,-0.058406063002895574
regression,2,categorical__purchase_hour_1,-0.5886964611297592
regression,2,categorical__purchase_hour_10,-0.6277781227884334
regression,2,categorical__purchase_hour_11,-0.8842217630356461
regression,2,categorical__purchase_hour_12,-0.6487877336725123
regression,2,categorical__purchase_hour_13,-0.5085508075609544
regression,2,categorical__purchase_hour_14,-0.42853949278983827
regression,2,categorical__purchase_hour_15,-0.4227839167477915
regression,2,categorical__purchase_hour_16,-0.4210022298590334
regression,2,categorical__purchase_hour_17,-0.6507119196900523
regression,2,categorical__purchase_hour_18,-0.3482376701224991
regression,2,categorical__purchase_hour_19,-0.36373363498125694
regression,2,categorical__purchase_hour_2,-0.8468039568484482
regression,2,categorical__purchase_hour_20,-0.4991729115087827
regression,2,categorical__purchase_hour_21,-0.35329142982542694
regression,2,categorical__purchase_hour_22,-0.5970293162432156
regression,2,categorical__purchase_hour_23,-0.402699591886338
regression,2,categorical__purchase_hour_3,-0.645604620561956
regression,2,categorical__purchase_hour_4,-0.013335199343098809
regression,2,categorical__purchase_hour_5,-0.7166271658446118
regression,2,categorical__purchase_hour_6,-0.5538342128913275
regression,2,categorical__purchase_hour_7,-0.7349395596152059
regression,2,categorical__purchase_hour_8,-0.7632616155113924
regression,2,categorical__purchase_hour_9,-0.7551698868287429
regression,3,numeric__n_items,-0.32104204354360544
regression,3,numeric__has_items,0.0
regression,3,numeric__n_products,-0.02848041697041968
regression,3,numeric__n_sellers,-0.29123348432058555
regression,3,numeric__n_categories,-0.04853201989867812
regression,3,numeric__total_price,0.10811464853997439
regression,3,numeric__total_freight,0.06865858118984478
regression,3,numeric__freight_ratio,0.010612044688837271
regression,3,numeric__freight_ratio_missing,0.0
regression,3,numeric__total_weight_g,0.2756806232403418
regression,3,numeric__total_volume_cm3,0.0988626398334478
regression,3,numeric__weight_missing_fraction,-0.04830633373823464
regression,3,numeric__volume_missing_fraction,0.033440473888263066
regression,3,numeric__category_missing_fraction,0.2758736649361855
regression,3,numeric__distance_km_max,1.9069719751313001
regression,3,numeric__distance_missing_fraction,0.05528870598770317
regression,3,numeric__interstate_share,1.5892053431460165
regression,3,numeric__payment_installments_max,0.22012004184145273
regression,3,numeric__n_payment_methods,-0.01418968997724273
regression,3,numeric__payment_missing,0.1900840638080019
regression,3,numeric__missingindicator_total_weight_g,-0.04830633373823464
regression,3,numeric__missingindicator_total_volume_cm3,0.033440473888263066
regression,3,numeric__missingindicator_distance_km_max,0.08696819348938725
regression,3,numeric__missingindicator_payment_installments_max,-0.008932398841164953
regression,3,categorical__customer_state_AL,6.894597791388644
regression,3,categorical__customer_state_AM,5.460415087805707
regression,3,categorical__customer_state_AP,5.289476610332483
regression,3,categorical__customer_state_BA,3.3553255119448226
regression,3,categorical__customer_state_CE,2.4814721760738077
regression,3,categorical__customer_state_DF,-1.156335835610693
regression,3,categorical__customer_state_ES,1.4023707431262398
regression,3,categorical__customer_state_GO,1.1789323929557236
regression,3,categorical__customer_state_MA,2.7213155769890656
regression,3,categorical__customer_state_MG,-1.0399301495277085
regression,3,categorical__customer_state_MS,0.7559178981107415
regression,3,categorical__customer_state_MT,1.6962366210666993
regression,3,categorical__customer_state_PA,4.389070617917183
regression,3,categorical__customer_state_PB,2.532706318820484
regression,3,categorical__customer_state_PE,0.3982853224117018
regression,3,categorical__customer_state_PI,1.8685725927787298
regression,3,categorical__customer_state_PR,-0.83931712632898
regression,3,categorical__customer_state_RJ,2.2111442236499044
regression,3,categorical__customer_state_RN,-0.20842074221386805
regression,3,categorical__customer_state_RO,0.34254756763163363
regression,3,categorical__customer_state_RR,6.19857055686789
regression,3,categorical__customer_state_RS,0.8909556643171872
regression,3,categorical__customer_state_SC,1.671828793762977
regression,3,categorical__customer_state_SE,4.595995157755579
regression,3,categorical__customer_state_SP,-1.1346078128889658
regression,3,categorical__customer_state_TO,1.2010163079505434
regression,3,categorical__primary_seller_state_BA,-53.6265568809336
regression,3,categorical__primary_seller_state_CE,-50.99665536801874
regression,3,categorical__primary_seller_state_DF,-53.520351257854784
regression,3,categorical__primary_seller_state_ES,-54.235533115403136
regression,3,categorical__primary_seller_state_GO,-53.11196997766872
regression,3,categorical__primary_seller_state_MA,-50.66681380697317
regression,3,categorical__primary_seller_state_MG,-52.40379508934939
regression,3,categorical__primary_seller_state_MS,-53.46479666807592
regression,3,categorical__primary_seller_state_MT,-53.704811655402786
regression,3,categorical__primary_seller_state_PA,-54.213701350933846
regression,3,categorical__primary_seller_state_PB,-56.86112826924946
regression,3,categorical__primary_seller_state_PE,-57.480974424885495
regression,3,categorical__primary_seller_state_PI,-54.26931165452273
regression,3,categorical__primary_seller_state_PR,-52.690843308539314
regression,3,categorical__primary_seller_state_RJ,-53.21605266137871
regression,3,categorical__primary_seller_state_RN,-52.83761729130396
regression,3,categorical__primary_seller_state_RO,-53.41284104047867
regression,3,categorical__primary_seller_state_RS,-54.61509753208413
regression,3,categorical__primary_seller_state_SC,-52.35463652989648
regression,3,categorical__primary_seller_state_SE,-59.93010466429777
regression,3,categorical__primary_seller_state_SP,-51.76952267988834
regression,3,categorical__primary_category_agro_industry_and_commerce,1.6094906903090092
regression,3,categorical__primary_category_air_conditioning,2.9620682485454894
regression,3,categorical__primary_category_art,3.116721487223746
regression,3,categorical__primary_category_arts_and_craftmanship,2.1808744684190544
regression,3,categorical__primary_category_audio,3.9505535494359107
regression,3,categorical__primary_category_auto,2.422522330629374
regression,3,categorical__primary_category_baby,3.110480400731597
regression,3,categorical__primary_category_bed_bath_table,3.8496789291171845
regression,3,categorical__primary_category_books_general_interest,2.357317592099334
regression,3,categorical__primary_category_books_imported,1.8421203860615754
regression,3,categorical__primary_category_books_technical,2.2652723447852554
regression,3,categorical__primary_category_cds_dvds_musicals,3.3740575858245516
regression,3,categorical__primary_category_christmas_supplies,5.073779969968549
regression,3,categorical__primary_category_cine_photo,1.7162241987905873
regression,3,categorical__primary_category_computers,1.725053417906202
regression,3,categorical__primary_category_computers_accessories,3.3911087271770732
regression,3,categorical__primary_category_consoles_games,3.6042224614795857
regression,3,categorical__primary_category_construction_tools_construction,3.003544388767947
regression,3,categorical__primary_category_construction_tools_lights,2.3198626436797425
regression,3,categorical__primary_category_construction_tools_safety,1.578260354013572
regression,3,categorical__primary_category_cool_stuff,2.04774027982018
regression,3,categorical__primary_category_costruction_tools_garden,2.488838350404936
regression,3,categorical__primary_category_costruction_tools_tools,2.5439270637568026
regression,3,categorical__primary_category_diapers_and_hygiene,3.8881970571292728
regression,3,categorical__primary_category_drinks,2.533172540493197
regression,3,categorical__primary_category_dvds_blu_ray,3.7981730736337598
regression,3,categorical__primary_category_electronics,2.538372693803756
regression,3,categorical__primary_category_fashio_female_clothing,5.2172012658595825
regression,3,categorical__primary_category_fashion_bags_accessories,1.9829036053105786
regression,3,categorical__primary_category_fashion_childrens_clothes,3.8231767075129843
regression,3,categorical__primary_category_fashion_male_clothing,4.301457317662788
regression,3,categorical__primary_category_fashion_shoes,5.392502986503124
regression,3,categorical__primary_category_fashion_sport,0.11770112367408692
regression,3,categorical__primary_category_fashion_underwear_beach,5.083390246804593
regression,3,categorical__primary_category_fixed_telephony,2.8301981930593336
regression,3,categorical__primary_category_flowers,0.288923266453997
regression,3,categorical__primary_category_food,2.6182743408387434
regression,3,categorical__primary_category_food_drink,1.5452820403673757
regression,3,categorical__primary_category_furniture_bedroom,2.927929078913382
regression,3,categorical__primary_category_furniture_decor,3.54798723221487
regression,3,categorical__primary_category_furniture_living_room,4.038763948461758
regression,3,categorical__primary_category_furniture_mattress_and_upholstery,5.820722408496607
regression,3,categorical__primary_category_garden_tools,3.294546181986233
regression,3,categorical__primary_category_health_beauty,2.353596816513678
regression,3,categorical__primary_category_home_appliances,2.6370535602134275
regression,3,categorical__primary_category_home_appliances_2,4.135857527285163
regression,3,categorical__primary_category_home_comfort_2,1.629215352669785
regression,3,categorical__primary_category_home_confort,4.382466467077808
regression,3,categorical__primary_category_home_construction,3.623123475767098
regression,3,categorical__primary_category_housewares,2.471872610561625
regression,3,categorical__primary_category_industry_commerce_and_business,1.4768201515093633
regression,3,categorical__primary_category_kitchen_dining_laundry_garden_furniture,2.0071375677107084
regression,3,categorical__primary_category_la_cuisine,-2.4886174130404153
regression,3,categorical__primary_category_luggage_accessories,1.5277378748840564
regression,3,categorical__primary_category_market_place,2.5691928283516976
regression,3,categorical__primary_category_music,1.054365411400636
regression,3,categorical__primary_category_musical_instruments,3.1729411437632393
regression,3,categorical__primary_category_office_furniture,9.319810987121853
regression,3,categorical__primary_category_party_supplies,0.580547771578676
regression,3,categorical__primary_category_perfumery,2.4074279033429047
regression,3,categorical__primary_category_pet_shop,2.594194203140412
regression,3,categorical__primary_category_security_and_services,1.0384779766892263
regression,3,categorical__primary_category_signaling_and_security,2.819934026783243
regression,3,categorical__primary_category_small_appliances,1.7473005627557998
regression,3,categorical__primary_category_small_appliances_home_oven_and_coffee,1.5676419314624763
regression,3,categorical__primary_category_sports_leisure,2.55110516070075
regression,3,categorical__primary_category_stationery,2.918030505417679
regression,3,categorical__primary_category_tablets_printing_image,1.9744850282926159
regression,3,categorical__primary_category_telephony,2.556426546383511
regression,3,categorical__primary_category_toys,2.1609848583429825
regression,3,categorical__primary_category_watches_gifts,2.9856868244212786
regression,3,categorical__primary_payment_type_boleto,0.9302674457487289
regression,3,categorical__primary_payment_type_credit_card,-0.4001227448608604
regression,3,categorical__primary_payment_type_debit_card,-0.31380576832920487
regression,3,categorical__primary_payment_type_voucher,-0.21710410631058297
regression,3,categorical__purchase_month_10,-1.899819090689571
regression,3,categorical__purchase_month_11,1.0090731171269118
regression,3,categorical__purchase_month_12,1.6525248062572664
regression,3,categorical__purchase_month_2,2.196158321092086
regression,3,categorical__purchase_month_3,1.2257490473173192
regression,3,categorical__purchase_month_4,-1.4923205291039978
regression,3,categorical__purchase_month_5,-2.197666590860323
regression,3,categorical__purchase_month_6,-3.6154400561206623
regression,3,categorical__purchase_month_7,-3.8947274013724313
regression,3,categorical__purchase_month_8,-4.301335973756916
regression,3,categorical__purchase_month_9,-2.53688860644346
regression,3,categorical__purchase_dayofweek_1,0.16121854693025503
regression,3,categorical__purchase_dayofweek_2,0.4311672107026515
regression,3,categorical__purchase_dayofweek_3,0.6227865136992421
regression,3,categorical__purchase_dayofweek_4,1.2788778600459378
regression,3,categorical__purchase_dayofweek_5,0.9493381766600739
regression,3,categorical__purchase_dayofweek_6,0.02161599341207158
regression,3,categorical__purchase_hour_1,-0.6304680038639963
regression,3,categorical__purchase_hour_10,-0.454741438559652
regression,3,categorical__purchase_hour_11,-0.6268163095606496
regression,3,categorical__purchase_hour_12,-0.40180568616708695
regression,3,categorical__purchase_hour_13,-0.6072297885163072
regression,3,categorical__purchase_hour_14,-0.37375924766317514
regression,3,categorical__purchase_hour_15,-0.25112591699612374
regression,3,categorical__purchase_hour_16,-0.33975758696020747
regression,3,categorical__purchase_hour_17,-0.4438633813707068
regression,3,categorical__purchase_hour_18,-0.2461240084218398
regression,3,categorical__purchase_hour_19,-0.23303817749636338
regression,3,categorical__purchase_hour_2,-0.34522818329461685
regression,3,categorical__purchase_hour_20,-0.311209431880506
regression,3,categorical__purchase_hour_21,-0.31399523658920214
regression,3,categorical__purchase_hour_22,-0.39935177592747123
regression,3,categorical__purchase_hour_23,-0.23353376855408312
regression,3,categorical__purchase_hour_3,-0.4837198536480892
regression,3,categorical__purchase_hour_4,-0.2915649013765004
regression,3,categorical__purchase_hour_5,-0.9360119934004083
regression,3,categorical__purchase_hour_6,-0.10400543340957162
regression,3,categorical__purchase_hour_7,-0.5583933309136128
regression,3,categorical__purchase_hour_8,-0.7172871592262962
regression,3,categorical__purchase_hour_9,-0.7750453160550208
regression,4,numeric__n_items,-0.2688970971365571
regression,4,numeric__has_items,0.0
regression,4,numeric__n_products,-0.04517158956977972
regression,4,numeric__n_sellers,-0.28796260327401235
regression,4,numeric__n_categories,-0.07740902267401979
regression,4,numeric__total_price,0.05125831974216637
regression,4,numeric__total_freight,0.07443561107691972
regression,4,numeric__freight_ratio,0.013536766808166872
regression,4,numeric__freight_ratio_missing,0.0
regression,4,numeric__total_weight_g,0.4144384468990948
regression,4,numeric__total_volume_cm3,0.004545327979657458
regression,4,numeric__weight_missing_fraction,-0.03143078761563006
regression,4,numeric__volume_missing_fraction,0.028997433605471683
regression,4,numeric__category_missing_fraction,0.2270190703424876
regression,4,numeric__distance_km_max,1.990006414533338
regression,4,numeric__distance_missing_fraction,0.07458145112708234
regression,4,numeric__interstate_share,1.5920068996524315
regression,4,numeric__payment_installments_max,0.2240216800987166
regression,4,numeric__n_payment_methods,-0.050993453933418205
regression,4,numeric__payment_missing,0.18413643599247795
regression,4,numeric__missingindicator_total_weight_g,-0.03143078761563006
regression,4,numeric__missingindicator_total_volume_cm3,0.028997433605471683
regression,4,numeric__missingindicator_distance_km_max,0.05349637553192842
regression,4,numeric__missingindicator_payment_installments_max,-0.005434259957447106
regression,4,categorical__customer_state_AL,7.4931809438648855
regression,4,categorical__customer_state_AM,5.444575797762132
regression,4,categorical__customer_state_AP,5.633823679624519
regression,4,categorical__customer_state_BA,3.9145492184078443
regression,4,categorical__customer_state_CE,2.7540718579769656
regression,4,categorical__customer_state_DF,-0.6660511704698713
regression,4,categorical__customer_state_ES,1.9103872736848102
regression,4,categorical__customer_state_GO,1.7043089047733326
regression,4,categorical__customer_state_MA,3.0623684140241823
regression,4,categorical__customer_state_MG,-0.521443536718693
regression,4,categorical__customer_state_MS,1.613119568701583
regression,4,categorical__customer_state_MT,2.2496934287035866
regression,4,categorical__customer_state_PA,4.641403265647742
regression,4,categorical__customer_state_PB,3.026381761592013
regression,4,categorical__customer_state_PE,0.7497553098848164
regression,4,categorical__customer_state_PI,2.617412225982004
regression,4,categorical__customer_state_PR,-0.2504645062612925
regression,4,categorical__customer_state_RJ,2.712466244224488
regression,4,categorical__customer_state_RN,1.1860320956415649
regression,4,categorical__customer_state_RO,0.7410229126593226
regression,4,categorical__customer_state_RR,5.4009058595075015
regression,4,categorical__customer_state_RS,1.3529186588638444
regression,4,categorical__customer_state_SC,2.13016372055032
regression,4,categorical__customer_state_SE,5.1917108723710745
regression,4,categorical__customer_state_SP,-0.5617843845011058
regression,4,categorical__customer_state_TO,1.1851800978980318
regression,4,categorical__primary_seller_state_BA,-34.134020030600404
regression,4,categorical__primary_seller_state_CE,-33.68018283128092
regression,4,categorical__primary_seller_state_DF,-33.89467237770782
regression,4,categorical__primary_seller_state_ES,-34.64782936951987
regression,4,categorical__primary_seller_state_GO,-33.475649160663004
regression,4,categorical__primary_seller_state_MA,-31.109247800057517
regression,4,categorical__primary_seller_state_MG,-32.439826437092506
regression,4,categorical__primary_seller_state_MS,-36.088938836966534
regression,4,categorical__primary_seller_state_MT,-34.65046857105503
regression,4,categorical__primary_seller_state_PA,-30.515865049070776
regression,4,categorical__primary_seller_state_PB,-39.74777600788892
regression,4,categorical__primary_seller_state_PE,-37.795302902464385
regression,4,categorical__primary_seller_state_PI,-34.81821553411988
regression,4,categorical__primary_seller_state_PR,-32.80334585334155
regression,4,categorical__primary_seller_state_RJ,-32.96557163947512
regression,4,categorical__primary_seller_state_RN,-34.27638867499875
regression,4,categorical__primary_seller_state_RO,-30.993481010948923
regression,4,categorical__primary_seller_state_RS,-34.78756526913875
regression,4,categorical__primary_seller_state_SC,-32.23266988976298
regression,4,categorical__primary_seller_state_SE,-37.355652963473105
regression,4,categorical__primary_seller_state_SP,-31.854889294558227
regression,4,categorical__primary_category_agro_industry_and_commerce,1.1356376267100956
regression,4,categorical__primary_category_air_conditioning,2.6407741257455912
regression,4,categorical__primary_category_art,2.4858462130157517
regression,4,categorical__primary_category_arts_and_craftmanship,1.8988698715846843
regression,4,categorical__primary_category_audio,3.323048193852658
regression,4,categorical__primary_category_auto,2.3547473460538177
regression,4,categorical__primary_category_baby,3.165178406133085
regression,4,categorical__primary_category_bed_bath_table,3.8189277474190093
regression,4,categorical__primary_category_books_general_interest,2.4826051941076237
regression,4,categorical__primary_category_books_imported,1.0450327556776837
regression,4,categorical__primary_category_books_technical,1.9902625614175877
regression,4,categorical__primary_category_cds_dvds_musicals,3.1459486880629477
regression,4,categorical__primary_category_christmas_supplies,5.267034115694869
regression,4,categorical__primary_category_cine_photo,1.6228740128286108
regression,4,categorical__primary_category_computers,2.168141625507521
regression,4,categorical__primary_category_computers_accessories,3.27852279220615
regression,4,categorical__primary_category_consoles_games,3.3504856909821066
regression,4,categorical__primary_category_construction_tools_construction,2.312866760900502
regression,4,categorical__primary_category_construction_tools_lights,2.2402751005979114
regression,4,categorical__primary_category_construction_tools_safety,1.3354932589874546
regression,4,categorical__primary_category_cool_stuff,2.2521144815613376
regression,4,categorical__primary_category_costruction_tools_garden,1.5968960540117776
regression,4,categorical__primary_category_costruction_tools_tools,1.469727234135077
regression,4,categorical__primary_category_diapers_and_hygiene,4.950697559004289
regression,4,categorical__primary_category_drinks,1.9464713970756364
regression,4,categorical__primary_category_dvds_blu_ray,3.5918582118448734
regression,4,categorical__primary_category_electronics,2.6113102091222937
regression,4,categorical__primary_category_fashio_female_clothing,5.697661616836967
regression,4,categorical__primary_category_fashion_bags_accessories,1.7398924130680669
regression,4,categorical__primary_category_fashion_childrens_clothes,0.9867592539371052
regression,4,categorical__primary_category_fashion_male_clothing,4.307069103203663
regression,4,categorical__primary_category_fashion_shoes,5.703473910599515
regression,4,categorical__primary_category_fashion_sport,2.0517940728715343
regression,4,categorical__primary_category_fashion_underwear_beach,4.450170238979627
regression,4,categorical__primary_category_fixed_telephony,2.4296961914220656
regression,4,categorical__primary_category_flowers,1.855459507522763
regression,4,categorical__primary_category_food,1.7061389988522992
regression,4,categorical__primary_category_food_drink,1.5882150572285934
regression,4,categorical__primary_category_furniture_bedroom,3.9361041128823473
regression,4,categorical__primary_category_furniture_decor,3.2861116121201985
regression,4,categorical__primary_category_furniture_living_room,3.6246745313535187
regression,4,categorical__primary_category_furniture_mattress_and_upholstery,6.187340141448914
regression,4,categorical__primary_category_garden_tools,3.1111040230343012
regression,4,categorical__primary_category_health_beauty,2.3197328178232963
regression,4,categorical__primary_category_home_appliances,2.6529850543528215
regression,4,categorical__primary_category_home_appliances_2,2.313179123568862
regression,4,categorical__primary_category_home_comfort_2,4.810853641187888
regression,4,categorical__primary_category_home_confort,4.161777621375479
regression,4,categorical__primary_category_home_construction,4.28235386577917
regression,4,categorical__primary_category_housewares,2.4108096814571476
regression,4,categorical__primary_category_industry_commerce_and_business,1.1321320940675932
regression,4,categorical__primary_category_kitchen_dining_laundry_garden_furniture,2.2648468494453144
regression,4,categorical__primary_category_la_cuisine,-1.3208502348108662
regression,4,categorical__primary_category_luggage_accessories,1.3427466172220341
regression,4,categorical__primary_category_market_place,2.3988783761720547
regression,4,categorical__primary_category_music,2.5449527835520667
regression,4,categorical__primary_category_musical_instruments,2.9845662797131762
regression,4,categorical__primary_category_office_furniture,9.228717191600683
regression,4,categorical__primary_category_party_supplies,0.37835265919983774
regression,4,categorical__primary_category_perfumery,2.451989659476832
regression,4,categorical__primary_category_pet_shop,2.2439315508200295
regression,4,categorical__primary_category_security_and_services,-3.672665070471613
regression,4,categorical__primary_category_signaling_and_security,2.9438719522502566
regression,4,categorical__primary_category_small_appliances,1.6624453166628994
regression,4,categorical__primary_category_small_appliances_home_oven_and_coffee,1.2732123576257768
regression,4,categorical__primary_category_sports_leisure,2.55323028197736
regression,4,categorical__primary_category_stationery,2.912366830614489
regression,4,categorical__primary_category_tablets_printing_image,0.7382784070600961
regression,4,categorical__primary_category_telephony,2.385265775351052
regression,4,categorical__primary_category_toys,2.130066917895291
regression,4,categorical__primary_category_watches_gifts,2.832669057379563
regression,4,categorical__primary_payment_type_boleto,0.8123044781983666
regression,4,categorical__primary_payment_type_credit_card,-0.441098524168019
regression,4,categorical__primary_payment_type_debit_card,-0.47352445515108527
regression,4,categorical__primary_payment_type_voucher,0.10157727111460091
regression,4,categorical__purchase_month_10,-1.9624934037721808
regression,4,categorical__purchase_month_11,0.8656844272744723
regression,4,categorical__purchase_month_12,1.5662920615711349
regression,4,categorical__purchase_month_2,1.8981848602543365
regression,4,categorical__purchase_month_3,1.2224845760166505
regression,4,categorical__purchase_month_4,-1.5448673077853745
regression,4,categorical__purchase_month_5,-2.333035035317542
regression,4,categorical__purchase_month_6,-3.611031157975232
regression,4,categorical__purchase_month_7,-3.924056784295197
regression,4,categorical__purchase_month_8,-4.319025757426186
regression,4,categorical__purchase_month_9,-2.538658266502479
regression,4,categorical__purchase_dayofweek_1,0.10346308963768068
regression,4,categorical__purchase_dayofweek_2,0.40732787934128867
regression,4,categorical__purchase_dayofweek_3,0.72406944543838
regression,4,categorical__purchase_dayofweek_4,1.3007067063705344
regression,4,categorical__purchase_dayofweek_5,1.0014843791071864
regression,4,categorical__purchase_dayofweek_6,0.07249694212069409
regression,4,categorical__purchase_hour_1,-0.7243918825254584
regression,4,categorical__purchase_hour_10,-0.6898649745941936
regression,4,categorical__purchase_hour_11,-0.8827475733733
regression,4,categorical__purchase_hour_12,-0.5845318275636171
regression,4,categorical__purchase_hour_13,-0.4951725176959137
regression,4,categorical__purchase_hour_14,-0.3056357841156605
regression,4,categorical__purchase_hour_15,-0.46085623600114556
regression,4,categorical__purchase_hour_16,-0.4419482714106186
regression,4,categorical__purchase_hour_17,-0.5632082668851726
regression,4,categorical__purchase_hour_18,-0.29192091610035875
regression,4,categorical__purchase_hour_19,-0.44739127822028063
regression,4,categorical__purchase_hour_2,-0.34572947164607726
regression,4,categorical__purchase_hour_20,-0.5368160062779993
regression,4,categorical__purchase_hour_21,-0.45469788486745893
regression,4,categorical__purchase_hour_22,-0.5565067137161641
regression,4,categorical__purchase_hour_23,-0.2597930386918432
regression,4,categorical__purchase_hour_3,-0.43690759746139624
regression,4,categorical__purchase_hour_4,-0.08519761737321369
regression,4,categorical__purchase_hour_5,-0.8290270500343557
regression,4,categorical__purchase_hour_6,-0.6018739353817844
regression,4,categorical__purchase_hour_7,-0.8163414398621817
regression,4,categorical__purchase_hour_8,-0.7824168436794979
regression,4,categorical__purchase_hour_9,-0.6896872747012008
classification,0,numeric__n_items,0.1567385270196673
classification,0,numeric__has_items,-0.04962995175076415
classification,0,numeric__n_products,0.03692755999055217
classification,0,numeric__n_sellers,0.16471754473689582
classification,0,numeric__n_categories,0.0146090530783347
classification,0,numeric__total_price,0.040818451259203206
classification,0,numeric__total_freight,0.020972531987047936
classification,0,numeric__freight_ratio,0.009208386018779921
classification,0,numeric__freight_ratio_missing,0.04962995175075671
classification,0,numeric__total_weight_g,-0.002191604946830463
classification,0,numeric__total_volume_cm3,0.0415515316746276
classification,0,numeric__weight_missing_fraction,-0.1232739805269779
classification,0,numeric__volume_missing_fraction,0.08288640428037211
classification,0,numeric__category_missing_fraction,0.059361781441183425
classification,0,numeric__distance_km_max,0.07423126698951965
classification,0,numeric__distance_missing_fraction,0.16646100785192067
classification,0,numeric__interstate_share,0.0857792336619752
classification,0,numeric__payment_installments_max,0.05981623052523028
classification,0,numeric__n_payment_methods,-0.02957181726399413
classification,0,numeric__payment_missing,0.055082814377844735
classification,0,numeric__missingindicator_total_price,0.04962995175075671
classification,0,numeric__missingindicator_total_freight,0.04962995175075671
classification,0,numeric__missingindicator_freight_ratio,0.04962995175075671
classification,0,numeric__missingindicator_total_weight_g,0.028139778322295
classification,0,numeric__missingindicator_total_volume_cm3,0.06098910004927632
classification,0,numeric__missingindicator_weight_missing_fraction,0.04962995175075671
classification,0,numeric__missingindicator_volume_missing_fraction,0.04962995175075671
classification,0,numeric__missingindicator_category_missing_fraction,0.04962995175075671
classification,0,numeric__missingindicator_distance_km_max,-0.2301940871268483
classification,0,numeric__missingindicator_distance_missing_fraction,0.04962995175075671
classification,0,numeric__missingindicator_interstate_share,0.04962995175075671
classification,0,numeric__missingindicator_payment_installments_max,-0.061468225145361544
classification,0,categorical__customer_state_AL,0.5788464873432064
classification,0,categorical__customer_state_AM,-0.5692136028673425
classification,0,categorical__customer_state_AP,-1.0488117901243434
classification,0,categorical__customer_state_BA,0.2334519401517165
classification,0,categorical__customer_state_CE,0.02214338047963346
classification,0,categorical__customer_state_DF,0.07905598552191573
classification,0,categorical__customer_state_ES,0.1375444329898824
classification,0,categorical__customer_state_GO,-0.08414247108678062
classification,0,categorical__customer_state_MA,0.07511424436863509
classification,0,categorical__customer_state_MG,-0.11844477882846406
classification,0,categorical__customer_state_MS,0.011144345401763548
classification,0,categorical__customer_state_MT,-0.06580841331654856
classification,0,categorical__customer_state_PA,0.12546414503704373
classification,0,categorical__customer_state_PB,0.102810650865624
classification,0,categorical__customer_state_PE,-0.030123442507036052
classification,0,categorical__customer_state_PI,0.12651918940230616
classification,0,categorical__customer_state_PR,-0.19829214666394684
classification,0,categorical__customer_state_RJ,0.47719383826803696
classification,0,categorical__customer_state_RN,-0.2621710586612794
classification,0,categorical__customer_state_RO,-0.31237754405649554
classification,0,categorical__customer_state_RR,0.3475486009190921
classification,0,categorical__customer_state_RS,-0.15581532043801077
classification,0,categorical__customer_state_SC,0.08632447383064017
classification,0,categorical__customer_state_SE,0.3683429786307284
classification,0,categorical__customer_state_SP,0.029105751950184923
classification,0,categorical__customer_state_TO,-0.2759856714533763
classification,0,categorical__primary_seller_state_BA,-0.069801204562209
classification,0,categorical__primary_seller_state_CE,0.2479526896373539
classification,0,categorical__primary_seller_state_DF,0.24098981429018498
classification,0,categorical__primary_seller_state_ES,0.18465582737763309
classification,0,categorical__primary_seller_state_GO,-0.31750690712296376
classification,0,categorical__primary_seller_state_MA,0.5306519358294179
classification,0,categorical__primary_seller_state_MG,-0.033483714001471696
classification,0,categorical__primary_seller_state_MS,-0.31695028528169744
classification,0,categorical__primary_seller_state_MT,-1.0938887129550017
classification,0,categorical__primary_seller_state_PA,-0.1364906706621085
classification,0,categorical__primary_seller_state_PB,0.05291972475475813
classification,0,categorical__primary_seller_state_PE,-0.6248565794062833
classification,0,categorical__primary_seller_state_PI,-0.03973418433189969
classification,0,categorical__primary_seller_state_PR,-0.009309736934393183
classification,0,categorical__primary_seller_state_RJ,0.12103845207620838
classification,0,categorical__primary_seller_state_RN,-0.24031626024140587
classification,0,categorical__primary_seller_state_RO,0.06773790119411889
classification,0,categorical__primary_seller_state_RS,-0.29218266749763466
classification,0,categorical__primary_seller_state_SC,-0.02645663908389478
classification,0,categorical__primary_seller_state_SE,0.03619943398719986
classification,0,categorical__primary_seller_state_SP,0.246093640121101
classification,0,categorical__primary_seller_state_Unknown,-0.006250975920349343
classification,0,categorical__primary_category_agro_industry_and_commerce,0.15922095479785048
classification,0,categorical__primary_category_air_conditioning,0.13268601317091613
classification,0,categorical__primary_category_art,0.23714946658370686
classification,0,categorical__primary_category_arts_and_craftmanship,0.0987858109026682
classification,0,categorical__primary_category_audio,0.6139352456158836
classification,0,categorical__primary_category_auto,0.01785302289956417
classification,0,categorical__primary_category_baby,0.1305491608669304
classification,0,categorical__primary_category_bed_bath_table,0.062303817732520556
classification,0,categorical__primary_category_books_general_interest,-0.4733509440816455
classification,0,categorical__primary_category_books_imported,0.06473289649103607
classification,0,categorical__primary_category_books_technical,-0.18239208607965032
classification,0,categorical__primary_category_cds_dvds_musicals,-0.22303881737043424
classification,0,categorical__primary_category_christmas_supplies,-0.12586592752939135
classification,0,categorical__primary_category_cine_photo,0.22534914036994713
classification,0,categorical__primary_category_computers,-0.004169511823426793
classification,0,categorical__primary_category_computers_accessories,0.21713220716572842
classification,0,categorical__primary_category_consoles_games,0.033475259250437484
classification,0,categorical__primary_category_construction_tools_construction,0.14234406439092406
classification,0,categorical__primary_category_construction_tools_lights,-0.31678494550075426
classification,0,categorical__primary_category_construction_tools_safety,0.5786991001384209
classification,0,categorical__primary_category_cool_stuff,-0.20108741008867637
classification,0,categorical__primary_category_costruction_tools_garden,-0.19760209484033409
classification,0,categorical__primary_category_costruction_tools_tools,-0.4197129030015492
classification,0,categorical__primary_category_diapers_and_hygiene,0.2991131591709034
classification,0,categorical__primary_category_drinks,0.06059840527539821
classification,0,categorical__primary_category_dvds_blu_ray,1.00302716983891
classification,0,categorical__primary_category_electronics,-0.053651579500259
classification,0,categorical__primary_category_fashio_female_clothing,-0.517458915256586
classification,0,categorical__primary_category_fashion_bags_accessories,-0.1687284788554114
classification,0,categorical__primary_category_fashion_childrens_clothes,-0.10207973158552003
classification,0,categorical__primary_category_fashion_male_clothing,1.1493185847047744
classification,0,categorical__primary_category_fashion_shoes,-0.2561131978205333
classification,0,categorical__primary_category_fashion_sport,-0.023058103679588576
classification,0,categorical__primary_category_fashion_underwear_beach,0.41057696886712236
classification,0,categorical__primary_category_fixed_telephony,0.4044872477955168
classification,0,categorical__primary_category_flowers,-0.5866566104213025
classification,0,categorical__primary_category_food,0.020544811990626737
classification,0,categorical__primary_category_food_drink,-0.9046459922765855
classification,0,categorical__primary_category_furniture_bedroom,0.3196755815530819
classification,0,categorical__primary_category_furniture_decor,-0.0009355218678076355
classification,0,categorical__primary_category_furniture_living_room,0.02232073333175094
classification,0,categorical__primary_category_furniture_mattress_and_upholstery,0.17385553654769367
classification,0,categorical__primary_category_garden_tools,-0.15017492175828095
classification,0,categorical__primary_category_health_beauty,-0.11173654660755904
classification,0,categorical__primary_category_home_appliances,-0.048656265047289905
classification,0,categorical__primary_category_home_appliances_2,-0.34710316701822896
classification,0,categorical__primary_category_home_comfort_2,0.17080783516931303
classification,0,categorical__primary_category_home_confort,0.19330441820752908
classification,0,categorical__primary_category_home_construction,0.050636282933376055
classification,0,categorical__primary_category_housewares,-0.07325649177022679
classification,0,categorical__primary_category_industry_commerce_and_business,-0.6324767922358913
classification,0,categorical__primary_category_kitchen_dining_laundry_garden_furniture,-0.07386779227170501
classification,0,categorical__primary_category_la_cuisine,-0.16345839392623576
classification,0,categorical__primary_category_luggage_accessories,-0.3946769531570623
classification,0,categorical__primary_category_market_place,-0.11068730414891738
classification,0,categorical__primary_category_music,-0.6754218561434338
classification,0,categorical__primary_category_musical_instruments,-0.08109314382077831
classification,0,categorical__primary_category_office_furniture,0.29630251342104674
classification,0,categorical__primary_category_party_supplies,0.6077836900003994
classification,0,categorical__primary_category_perfumery,-0.07325894335292615
classification,0,categorical__primary_category_pet_shop,-0.2355017630565859
classification,0,categorical__primary_category_security_and_services,0.1973089020692849
classification,0,categorical__primary_category_signaling_and_security,-0.5314620448747633
classification,0,categorical__primary_category_small_appliances,0.01410782982124255
classification,0,categorical__primary_category_small_appliances_home_oven_and_coffee,-0.05818449352254367
classification,0,categorical__primary_category_sports_leisure,-0.08127277325362854
classification,0,categorical__primary_category_stationery,-0.3148199450701095
classification,0,categorical__primary_category_tablets_printing_image,-0.03500621587730286
classification,0,categorical__primary_category_telephony,0.12469500840926431
classification,0,categorical__primary_category_toys,-0.12307508929031355
classification,0,categorical__primary_category_watches_gifts,0.082467057759726
classification,0,categorical__primary_payment_type_boleto,-0.3727185892230559
classification,0,categorical__primary_payment_type_credit_card,-0.396104337954995
classification,0,categorical__primary_payment_type_debit_card,-0.39447147225222745
classification,0,categorical__primary_payment_type_voucher,-0.22190568856982298
classification,0,categorical__purchase_month_10,-0.1998822239750371
classification,0,categorical__purchase_month_11,0.22489144756901075
classification,0,categorical__purchase_month_12,0.07700310726331108
classification,0,categorical__purchase_month_2,0.29175477552779483
classification,0,categorical__purchase_month_3,0.34652113295108306
classification,0,categorical__purchase_month_4,-0.11793016441977525
classification,0,categorical__purchase_month_5,-0.26033693602938424
classification,0,categorical__purchase_month_6,-0.333025711037762
classification,0,categorical__purchase_month_7,-0.33751007956268464
classification,0,categorical__purchase_month_8,-0.3469274259443324
classification,0,categorical__purchase_month_9,-0.2946815353384495
classification,0,categorical__purchase_dayofweek_1,0.020962366312083165
classification,0,categorical__purchase_dayofweek_2,-0.032071258094597994
classification,0,categorical__purchase_dayofweek_3,-0.014955424161168856
classification,0,categorical__purchase_dayofweek_4,0.06669771423649878
classification,0,categorical__purchase_dayofweek_5,-0.023755078770792748
classification,0,categorical__purchase_dayofweek_6,0.029989005276516698
classification,0,categorical__purchase_hour_1,-0.0236494409877381
classification,0,categorical__purchase_hour_10,-0.21396086290202346
classification,0,categorical__purchase_hour_11,-0.23923338657067414
classification,0,categorical__purchase_hour_12,-0.17855771429906733
classification,0,categorical__purchase_hour_13,-0.24178833851857545
classification,0,categorical__purchase_hour_14,-0.24647047127714786
classification,0,categorical__purchase_hour_15,-0.18501826982042022
classification,0,categorical__purchase_hour_16,-0.2283760089037906
classification,0,categorical__purchase_hour_17,-0.24133687244793642
classification,0,categorical__purchase_hour_18,-0.14392103510667106
classification,0,categorical__purchase_hour_19,-0.15506321486079155
classification,0,categorical__purchase_hour_2,-0.08407920028566072
classification,0,categorical__purchase_hour_20,-0.21907042842171534
classification,0,categorical__purchase_hour_21,-0.21029032171792844
classification,0,categorical__purchase_hour_22,-0.3381171080380609
classification,0,categorical__purchase_hour_23,-0.20048931510615178
classification,0,categorical__purchase_hour_3,-0.6367612625572732
classification,0,categorical__purchase_hour_4,-0.04181992741981475
classification,0,categorical__purchase_hour_5,-0.20750326108435055
classification,0,categorical__purchase_hour_6,-0.134724154546948
classification,0,categorical__purchase_hour_7,-0.357429547488438
classification,0,categorical__purchase_hour_8,-0.28507782894426864
classification,0,categorical__purchase_hour_9,-0.26315693954796854
classification,1,numeric__n_items,0.16037342934573362
classification,1,numeric__has_items,-0.04281128097748306
classification,1,numeric__n_products,0.03442564500903947
classification,1,numeric__n_sellers,0.18076880779877308
classification,1,numeric__n_categories,-0.009249680351947768
classification,1,numeric__total_price,0.04342587183924105
classification,1,numeric__total_freight,0.039878927508586286
classification,1,numeric__freight_ratio,0.012315554491526548
classification,1,numeric__freight_ratio_missing,0.04281128097746733
classification,1,numeric__total_weight_g,0.015260990826562537
classification,1,numeric__total_volume_cm3,0.009683957243156262
classification,1,numeric__weight_missing_fraction,-0.12074828134923148
classification,1,numeric__volume_missing_fraction,0.09552582171391814
classification,1,numeric__category_missing_fraction,0.050996769123717894
classification,1,numeric__distance_km_max,0.06337086760279056
classification,1,numeric__distance_missing_fraction,0.11077472412863433
classification,1,numeric__interstate_share,0.08329352528471863
classification,1,numeric__payment_installments_max,0.05772426677098788
classification,1,numeric__n_payment_methods,-0.02460064931630331
classification,1,numeric__payment_missing,-0.003965395263900008
classification,1,numeric__missingindicator_total_price,0.04281128097746733
classification,1,numeric__missingindicator_total_freight,0.04281128097746733
classification,1,numeric__missingindicator_freight_ratio,0.04281128097746733
classification,1,numeric__missingindicator_total_weight_g,0.01861561606808845
classification,1,numeric__missingindicator_total_volume_cm3,0.05857735360053751
classification,1,numeric__missingindicator_weight_missing_fraction,0.04281128097746733
classification,1,numeric__missingindicator_volume_missing_fraction,0.04281128097746733
classification,1,numeric__missingindicator_category_missing_fraction,0.04281128097746733
classification,1,numeric__missingindicator_distance_km_max,-0.14613098047827625
classification,1,numeric__missingindicator_distance_missing_fraction,0.04281128097746733
classification,1,numeric__missingindicator_interstate_share,0.04281128097746733
classification,1,numeric__missingindicator_payment_installments_max,-0.003965395263900008
classification,1,categorical__customer_state_AL,0.6128105777842613
classification,1,categorical__customer_state_AM,-0.34444115994993635
classification,1,categorical__customer_state_AP,-0.9906241174191672
classification,1,categorical__customer_state_BA,0.1790588040226017
classification,1,categorical__customer_state_CE,0.1286218772747416
classification,1,categorical__customer_state_DF,0.01741179012413302
classification,1,categorical__customer_state_ES,0.005498808209484049
classification,1,categorical__customer_state_GO,-0.09876567998688958
classification,1,categorical__customer_state_MA,0.16161468643469334
classification,1,categorical__customer_state_MG,-0.17625117935771203
classification,1,categorical__customer_state_MS,-0.06878462326000623
classification,1,categorical__customer_state_MT,-0.18563166363359368
classification,1,categorical__customer_state_PA,0.2183256467944793
classification,1,categorical__customer_state_PB,0.05294572692758559
classification,1,categorical__customer_state_PE,0.06599607238287042
classification,1,categorical__customer_state_PI,0.1914493109240734
classification,1,categorical__customer_state_PR,-0.2019203124076566
classification,1,categorical__customer_state_RJ,0.4092205500837946
classification,1,categorical__customer_state_RN,-0.36319691609410787
classification,1,categorical__customer_state_RO,-0.16802744755751864
classification,1,categorical__customer_state_RR,-0.06580877866568403
classification,1,categorical__customer_state_RS,-0.17782632692584344
classification,1,categorical__customer_state_SC,0.04758634050526864
classification,1,categorical__customer_state_SE,0.18332359284584737
classification,1,categorical__customer_state_SP,-0.05330195432585664
classification,1,categorical__customer_state_TO,-0.36315824485853365
classification,1,categorical__primary_seller_state_AM,0.09725871028099164
classification,1,categorical__primary_seller_state_BA,-0.11836429241193204
classification,1,categorical__primary_seller_state_CE,0.07604790982096844
classification,1,categorical__primary_seller_state_DF,0.18701358260684223
classification,1,categorical__primary_seller_state_ES,0.09081281655006102
classification,1,categorical__primary_seller_state_GO,-0.5155975253586547
classification,1,categorical__primary_seller_state_MA,0.5804103608228292
classification,1,categorical__primary_seller_state_MG,-0.13894360937636988
classification,1,categorical__primary_seller_state_MS,-0.09941572644784293
classification,1,categorical__primary_seller_state_MT,-0.8357344498261887
classification,1,categorical__primary_seller_state_PA,-0.1770421394389781
classification,1,categorical__primary_seller_state_PB,-0.07163230905927953
classification,1,categorical__primary_seller_state_PE,-0.8165876477812677
classification,1,categorical__primary_seller_state_PI,0.16563837396582212
classification,1,categorical__primary_seller_state_PR,-0.07705208133557434
classification,1,categorical__primary_seller_state_RJ,0.007969466140373306
classification,1,categorical__primary_seller_state_RN,0.005449071232099062
classification,1,categorical__primary_seller_state_RO,0.3351151356385676
classification,1,categorical__primary_seller_state_RS,-0.4913362313813442
classification,1,categorical__primary_seller_state_SC,-0.07233029228087412
classification,1,categorical__primary_seller_state_SE,0.06690065988328976
classification,1,categorical__primary_seller_state_SP,0.16180663612693416
classification,1,categorical__primary_seller_state_Unknown,-0.006330042759006681
classification,1,categorical__primary_category_agro_industry_and_commerce,-0.08861943918355134
classification,1,categorical__primary_category_air_conditioning,0.2427948463994977
classification,1,categorical__primary_category_art,0.28124050149959373
classification,1,categorical__primary_category_arts_and_craftmanship,0.1474926517747178
classification,1,categorical__primary_category_audio,0.46805999544112786
classification,1,categorical__primary_category_auto,0.07166297157785681
classification,1,categorical__primary_category_baby,0.1926078216117765
classification,1,categorical__primary_category_bed_bath_table,0.13803693172469952
classification,1,categorical__primary_category_books_general_interest,-0.6395732223644124
classification,1,categorical__primary_category_books_imported,-0.05919842448848283
classification,1,categorical__primary_category_books_technical,-0.22808980763054099
classification,1,categorical__primary_category_cds_dvds_musicals,-0.3073918244530766
classification,1,categorical__primary_category_christmas_supplies,-0.3442241407867563
classification,1,categorical__primary_category_cine_photo,0.2066731146988692
classification,1,categorical__primary_category_computers,-0.6741104785283013
classification,1,categorical__primary_category_computers_accessories,0.25731434375765183
classification,1,categorical__primary_category_consoles_games,0.2273661596015224
classification,1,categorical__primary_category_construction_tools_construction,0.0036673374818033894
classification,1,categorical__primary_category_construction_tools_lights,-0.3219784596496051
classification,1,categorical__primary_category_construction_tools_safety,0.5346665789870775
classification,1,categorical__primary_category_cool_stuff,-0.13187395914547032
classification,1,categorical__primary_category_costruction_tools_garden,-0.3012678607612645
classification,1,categorical__primary_category_costruction_tools_tools,-0.41724324390504924
classification,1,categorical__primary_category_diapers_and_hygiene,0.5562065526697682
classification,1,categorical__primary_category_drinks,-0.020989319121314423
classification,1,categorical__primary_category_dvds_blu_ray,0.8601727391966393
classification,1,categorical__primary_category_electronics,-0.0027908650142200973
classification,1,categorical__primary_category_fashio_female_clothing,-0.07949638045783365
classification,1,categorical__primary_category_fashion_bags_accessories,-0.11952575502561107
classification,1,categorical__primary_category_fashion_childrens_clothes,0.16348728434712878
classification,1,categorical__primary_category_fashion_male_clothing,0.6812485661259606
classification,1,categorical__primary_category_fashion_shoes,-0.0027506065580894575
classification,1,categorical__primary_category_fashion_sport,-0.137104309605211
classification,1,categorical__primary_category_fashion_underwear_beach,0.7189328218698957
classification,1,categorical__primary_category_fixed_telephony,0.21138501173060864
classification,1,categorical__primary_category_flowers,-0.3451016306455604
classification,1,categorical__primary_category_food,0.008842822019474998
classification,1,categorical__primary_category_food_drink,-1.0693726680345081
classification,1,categorical__primary_category_furniture_bedroom,0.05072350980762961
classification,1,categorical__primary_category_furniture_decor,0.07972903352687451
classification,1,categorical__primary_category_furniture_living_room,0.10091122246432634
classification,1,categorical__primary_category_furniture_mattress_and_upholstery,0.2636548281611797
classification,1,categorical__primary_category_garden_tools,-0.15907097827687477
classification,1,categorical__primary_category_health_beauty,-0.07389282447337779
classification,1,categorical__primary_category_home_appliances,-0.11931666478418639
classification,1,categorical__primary_category_home_appliances_2,-0.1671698856988675
classification,1,categorical__primary_category_home_comfort_2,-0.028678464977438596
classification,1,categorical__primary_category_home_confort,0.23150946789474364
classification,1,categorical__primary_category_home_construction,0.11105965860020739
classification,1,categorical__primary_category_housewares,0.006442457258855113
classification,1,categorical__primary_category_industry_commerce_and_business,-0.45648755797719104
classification,1,categorical__primary_category_kitchen_dining_laundry_garden_furniture,0.02011467187221987
classification,1,categorical__primary_category_la_cuisine,-0.10114503305478544
classification,1,categorical__primary_category_luggage_accessories,-0.345729492943481
classification,1,categorical__primary_category_market_place,0.08665732538486418
classification,1,categorical__primary_category_music,-0.43474827229145485
classification,1,categorical__primary_category_musical_instruments,-0.17289121262198928
classification,1,categorical__primary_category_office_furniture,0.35757811553877483
classification,1,categorical__primary_category_party_supplies,0.6062965572233403
classification,1,categorical__primary_category_perfumery,0.023362604187708785
classification,1,categorical__primary_category_pet_shop,-0.09478108170423952
classification,1,categorical__primary_category_security_and_services,0.23412154979347494
classification,1,categorical__primary_category_signaling_and_security,-0.33280507638043927
classification,1,categorical__primary_category_small_appliances,0.025858458149211453
classification,1,categorical__primary_category_small_appliances_home_oven_and_coffee,-0.4226484008410325
classification,1,categorical__primary_category_sports_leisure,-0.07941623658595703
classification,1,categorical__primary_category_stationery,-0.2594242509491607
classification,1,categorical__primary_category_tablets_printing_image,-0.30177001698157097
classification,1,categorical__primary_category_telephony,0.14732887163622152
classification,1,categorical__primary_category_toys,-0.014323075160940908
classification,1,categorical__primary_category_watches_gifts,0.13234137530697807
classification,1,categorical__primary_payment_type_boleto,-0.3354463717978364
classification,1,categorical__primary_payment_type_credit_card,-0.35853866077722907
classification,1,categorical__primary_payment_type_debit_card,-0.40136386608078806
classification,1,categorical__primary_payment_type_voucher,-0.2612943168364137
classification,1,categorical__purchase_month_10,-0.20839497233907417
classification,1,categorical__purchase_month_11,0.214684190829121
classification,1,categorical__purchase_month_12,0.12677307673037633
classification,1,categorical__purchase_month_2,0.3070168436356718
classification,1,categorical__purchase_month_3,0.409448685608135
classification,1,categorical__purchase_month_4,-0.12753972394175966
classification,1,categorical__purchase_month_5,-0.22867750049450936
classification,1,categorical__purchase_month_6,-0.33605202898970826
classification,1,categorical__purchase_month_7,-0.35146512518286666
classification,1,categorical__purchase_month_8,-0.3695284505169353
classification,1,categorical__purchase_month_9,-0.272315921213121
classification,1,categorical__purchase_dayofweek_1,-0.054106525171330445
classification,1,categorical__purchase_dayofweek_2,-0.08945320091898923
classification,1,categorical__purchase_dayofweek_3,-0.06761319021258434
classification,1,categorical__purchase_dayofweek_4,0.01196071435081721
classification,1,categorical__purchase_dayofweek_5,-0.073902042248362
classification,1,categorical__purchase_dayofweek_6,-0.05176607339056173
classification,1,categorical__purchase_hour_1,0.027408323508039407
classification,1,categorical__purchase_hour_10,-0.1429405404124594
classification,1,categorical__purchase_hour_11,-0.18652308245396879
classification,1,categorical__purchase_hour_12,-0.0682916492688112
classification,1,categorical__purchase_hour_13,-0.21203893463910997
classification,1,categorical__purchase_hour_14,-0.18647277513565588
classification,1,categorical__purchase_hour_15,-0.10094044008237522
classification,1,categorical__purchase_hour_16,-0.15538161183198237
classification,1,categorical__purchase_hour_17,-0.232764716716361
classification,1,categorical__purchase_hour_18,-0.07676675652892126
classification,1,categorical__purchase_hour_19,-0.041687346034130324
classification,1,categorical__purchase_hour_2,0.036705630724068294
classification,1,categorical__purchase_hour_20,-0.15879423344785312
classification,1,categorical__purchase_hour_21,-0.14865456749322795
classification,1,categorical__purchase_hour_22,-0.19664622219678926
classification,1,categorical__purchase_hour_23,-0.09205048236671443
classification,1,categorical__purchase_hour_3,-0.40205425681073265
classification,1,categorical__purchase_hour_4,0.4140898531811671
classification,1,categorical__purchase_hour_5,-0.017438546453417837
classification,1,categorical__purchase_hour_6,0.17109389600524325
classification,1,categorical__purchase_hour_7,-0.301740554794601
classification,1,categorical__purchase_hour_8,-0.23184025336928077
classification,1,categorical__purchase_hour_9,-0.24416402314278304
classification,2,numeric__n_items,0.17507596409129367
classification,2,numeric__has_items,-0.04299044225062003
classification,2,numeric__n_products,0.024281865315590553
classification,2,numeric__n_sellers,0.17242395942218275
classification,2,numeric__n_categories,-0.002119243685554396
classification,2,numeric__total_price,0.04180896672709592
classification,2,numeric__total_freight,0.020065235752087393
classification,2,numeric__freight_ratio,0.006030731966663582
classification,2,numeric__freight_ratio_missing,0.04299044225063372
classification,2,numeric__total_weight_g,0.026369415405076473
classification,2,numeric__total_volume_cm3,0.012082099721494344
classification,2,numeric__weight_missing_fraction,-0.12603863502314872
classification,2,numeric__volume_missing_fraction,0.09105301836178911
classification,2,numeric__category_missing_fraction,0.052839955400599284
classification,2,numeric__distance_km_max,0.07759698060762263
classification,2,numeric__distance_missing_fraction,0.08405110087959437
classification,2,numeric__interstate_share,0.09432470233501755
classification,2,numeric__payment_installments_max,0.05122674554472264
classification,2,numeric__n_payment_methods,-0.009415465587294308
classification,2,numeric__payment_missing,0.04012752698200851
classification,2,numeric__missingindicator_total_price,0.04299044225063372
classification,2,numeric__missingindicator_total_freight,0.04299044225063372
classification,2,numeric__missingindicator_freight_ratio,0.04299044225063372
classification,2,numeric__missingindicator_total_weight_g,0.017765895554088175
classification,2,numeric__missingindicator_total_volume_cm3,0.057614849158737116
classification,2,numeric__missingindicator_weight_missing_fraction,0.04299044225063372
classification,2,numeric__missingindicator_volume_missing_fraction,0.04299044225063372
classification,2,numeric__missingindicator_category_missing_fraction,0.04299044225063372
classification,2,numeric__missingindicator_distance_km_max,-0.11543924421005007
classification,2,numeric__missingindicator_distance_missing_fraction,0.04299044225063372
classification,2,numeric__missingindicator_interstate_share,0.04299044225063372
classification,2,numeric__missingindicator_payment_installments_max,-0.04935946444359622
classification,2,categorical__customer_state_AL,0.39366628321403263
classification,2,categorical__customer_state_AM,-0.16661508725010124
classification,2,categorical__customer_state_AP,-0.8936968119109194
classification,2,categorical__customer_state_BA,0.2464588793044696
classification,2,categorical__customer_state_CE,0.04825724128718816
classification,2,categorical__customer_state_DF,-0.016337281954807995
classification,2,categorical__customer_state_ES,0.09809136557280393
classification,2,categorical__customer_state_GO,0.047727632217678055
classification,2,categorical__customer_state_MA,0.2527172220717223
classification,2,categorical__customer_state_MG,-0.1252059569436933
classification,2,categorical__customer_state_MS,-0.02426677497309022
classification,2,categorical__customer_state_MT,-0.2258984024260107
classification,2,categorical__customer_state_PA,0.08546534444664025
classification,2,categorical__customer_state_PB,-0.024598987024704793
classification,2,categorical__customer_state_PE,-0.0446318724557604
classification,2,categorical__customer_state_PI,0.05317286897769896
classification,2,categorical__customer_state_PR,-0.21683673700040937
classification,2,categorical__customer_state_RJ,0.4199806111374485
classification,2,categorical__customer_state_RN,-0.3259851950879394
classification,2,categorical__customer_state_RO,-0.2916134782740271
classification,2,categorical__customer_state_RR,-0.04477202947119641
classification,2,categorical__customer_state_RS,-0.17362401716354842
classification,2,categorical__customer_state_SC,-0.041058873906076154
classification,2,categorical__customer_state_SE,0.3046699026436211
classification,2,categorical__customer_state_SP,-0.016341139458223332
classification,2,categorical__customer_state_TO,-0.6895925186904578
classification,2,categorical__primary_seller_state_BA,-0.04984769757894844
classification,2,categorical__primary_seller_state_CE,-0.12463959391134823
classification,2,categorical__primary_seller_state_DF,0.09121671831297978
classification,2,categorical__primary_seller_state_ES,-0.03905271474844228
classification,2,categorical__primary_seller_state_GO,-0.23662605155296199
classification,2,categorical__primary_seller_state_MA,0.4578895686471137
classification,2,categorical__primary_seller_state_MG,-0.05825098748748812
classification,2,categorical__primary_seller_state_MS,-0.4705559144208187
classification,2,categorical__primary_seller_state_MT,-0.7227417852207297
classification,2,categorical__primary_seller_state_PA,-0.06376924800041013
classification,2,categorical__primary_seller_state_PB,0.4136184698459454
classification,2,categorical__primary_seller_state_PE,-0.616064077854861
classification,2,categorical__primary_seller_state_PI,0.10360836677949162
classification,2,categorical__primary_seller_state_PR,-0.014026431841268616
classification,2,categorical__primary_seller_state_RJ,0.10567848742809706
classification,2,categorical__primary_seller_state_RN,-0.033046806277174795
classification,2,categorical__primary_seller_state_RO,0.10572378707980458
classification,2,categorical__primary_seller_state_RS,-0.5265993355755496
classification,2,categorical__primary_seller_state_SC,0.004027597008750531
classification,2,categorical__primary_seller_state_SE,-0.17251099381692256
classification,2,categorical__primary_seller_state_SP,0.2144526289407464
classification,2,categorical__primary_seller_state_Unknown,-0.007175364884344795
classification,2,categorical__primary_category_agro_industry_and_commerce,0.2386979869698741
classification,2,categorical__primary_category_air_conditioning,0.269016070916354
classification,2,categorical__primary_category_art,0.2789395531060139
classification,2,categorical__primary_category_arts_and_craftmanship,-0.04724234085745249
classification,2,categorical__primary_category_audio,0.331228527183575
classification,2,categorical__primary_category_auto,0.1108390831734563
classification,2,categorical__primary_category_baby,0.14395982208032077
classification,2,categorical__primary_category_bed_bath_table,0.10874046641856569
classification,2,categorical__primary_category_books_general_interest,-0.5203578068120052
classification,2,categorical__primary_category_books_imported,-0.1052353680598344
classification,2,categorical__primary_category_books_technical,-0.29742737344803843
classification,2,categorical__primary_category_cds_dvds_musicals,-0.2632410965178415
classification,2,categorical__primary_category_christmas_supplies,0.19639757956244797
classification,2,categorical__primary_category_cine_photo,0.04306396605992953
classification,2,categorical__primary_category_computers,-0.02705154871010785
classification,2,categorical__primary_category_computers_accessories,0.23745753344519593
classification,2,categorical__primary_category_consoles_games,0.14625494352506327
classification,2,categorical__primary_category_construction_tools_construction,0.0910688548293032
classification,2,categorical__primary_category_construction_tools_lights,-0.47837701853419745
classification,2,categorical__primary_category_construction_tools_safety,0.826878892498999
classification,2,categorical__primary_category_cool_stuff,-0.14819046293906957
classification,2,categorical__primary_category_costruction_tools_garden,-0.27491586235463794
classification,2,categorical__primary_category_costruction_tools_tools,-0.4647886053623909
classification,2,categorical__primary_category_diapers_and_hygiene,0.304671582188054
classification,2,categorical__primary_category_drinks,-0.06633348874966179
classification,2,categorical__primary_category_dvds_blu_ray,0.7393783911782833
classification,2,categorical__primary_category_electronics,-0.029466895297440725
classification,2,categorical__primary_category_fashio_female_clothing,0.23153795776028838
classification,2,categorical__primary_category_fashion_bags_accessories,-0.19438202715163072
classification,2,categorical__primary_category_fashion_childrens_clothes,0.0775402282627456
classification,2,categorical__primary_category_fashion_male_clothing,1.2032228470609552
classification,2,categorical__primary_category_fashion_shoes,-0.09007048549747744
classification,2,categorical__primary_category_fashion_sport,-0.07963214167223921
classification,2,categorical__primary_category_fashion_underwear_beach,0.598573005196475
classification,2,categorical__primary_category_fixed_telephony,0.1889535340861907
classification,2,categorical__primary_category_flowers,-0.27631487338289057
classification,2,categorical__primary_category_food,-0.06847324660700167
classification,2,categorical__primary_category_food_drink,-1.4506633949120495
classification,2,categorical__primary_category_furniture_bedroom,0.2908531072800573
classification,2,categorical__primary_category_furniture_decor,0.09035344034020922
classification,2,categorical__primary_category_furniture_living_room,-0.06819302343042077
classification,2,categorical__primary_category_furniture_mattress_and_upholstery,0.4174618116442367
classification,2,categorical__primary_category_garden_tools,-0.17034096270069551
classification,2,categorical__primary_category_health_beauty,-0.07246238326587505
classification,2,categorical__primary_category_home_appliances,0.023733093958912214
classification,2,categorical__primary_category_home_appliances_2,-0.31535360429159814
classification,2,categorical__primary_category_home_comfort_2,0.15389430247056135
classification,2,categorical__primary_category_home_confort,0.25227544873666197
classification,2,categorical__primary_category_home_construction,0.01734626469131718
classification,2,categorical__primary_category_housewares,-0.01593773599421575
classification,2,categorical__primary_category_industry_commerce_and_business,-0.5316975579655956
classification,2,categorical__primary_category_kitchen_dining_laundry_garden_furniture,-0.1609953699797889
classification,2,categorical__primary_category_la_cuisine,-0.1361090848162113
classification,2,categorical__primary_category_luggage_accessories,-0.40241464128233706
classification,2,categorical__primary_category_market_place,-0.11637370860849301
classification,2,categorical__primary_category_music,-0.4576422579277571
classification,2,categorical__primary_category_musical_instruments,-0.10689213897514215
classification,2,categorical__primary_category_office_furniture,0.36184194108437384
classification,2,categorical__primary_category_party_supplies,-0.341742971084393
classification,2,categorical__primary_category_perfumery,0.008315052503022651
classification,2,categorical__primary_category_pet_shop,-0.19291062498500608
classification,2,categorical__primary_category_security_and_services,0.18599898311493224
classification,2,categorical__primary_category_signaling_and_security,-0.20222742721498682
classification,2,categorical__primary_category_small_appliances,0.05038723800964435
classification,2,categorical__primary_category_small_appliances_home_oven_and_coffee,-0.19142470421914556
classification,2,categorical__primary_category_sports_leisure,-0.03239873783448281
classification,2,categorical__primary_category_stationery,-0.2762329521681643
classification,2,categorical__primary_category_tablets_printing_image,-0.16810519225910803
classification,2,categorical__primary_category_telephony,0.15899375713712985
classification,2,categorical__primary_category_toys,-0.14178235420024343
classification,2,categorical__primary_category_watches_gifts,0.10642898663732862
classification,2,categorical__primary_payment_type_boleto,-0.33731266152856376
classification,2,categorical__primary_payment_type_credit_card,-0.3670463200490852
classification,2,categorical__primary_payment_type_debit_card,-0.4349345663143068
classification,2,categorical__primary_payment_type_voucher,-0.2694156627102463
classification,2,categorical__purchase_month_10,-0.22758135640732777
classification,2,categorical__purchase_month_11,0.19363851440895083
classification,2,categorical__purchase_month_12,0.10704696210788005
classification,2,categorical__purchase_month_2,0.28108191502024127
classification,2,categorical__purchase_month_3,0.3121928415704265
classification,2,categorical__purchase_month_4,-0.12404377773736876
classification,2,categorical__purchase_month_5,-0.2707776920050323
classification,2,categorical__purchase_month_6,-0.35348698435417186
classification,2,categorical__purchase_month_7,-0.41106313001377903
classification,2,categorical__purchase_month_8,-0.3323286800373317
classification,2,categorical__purchase_month_9,-0.3260157485132614
classification,2,categorical__purchase_dayofweek_1,-0.010658546147228859
classification,2,categorical__purchase_dayofweek_2,-0.055114343612666476
classification,2,categorical__purchase_dayofweek_3,-0.01197476077963178
classification,2,categorical__purchase_dayofweek_4,0.027885689256034494
classification,2,categorical__purchase_dayofweek_5,-0.014333007085146156
classification,2,categorical__purchase_dayofweek_6,-0.00883384110808845
classification,2,categorical__purchase_hour_1,-0.058038801340441246
classification,2,categorical__purchase_hour_10,-0.09644225589920272
classification,2,categorical__purchase_hour_11,-0.14134022243253558
classification,2,categorical__purchase_hour_12,-0.13686897563733139
classification,2,categorical__purchase_hour_13,-0.22001344086846772
classification,2,categorical__purchase_hour_14,-0.1824804303674159
classification,2,categorical__purchase_hour_15,-0.18274777271843587
classification,2,categorical__purchase_hour_16,-0.18646210685502598
classification,2,categorical__purchase_hour_17,-0.18190888281750683
classification,2,categorical__purchase_hour_18,-0.09318700680277078
classification,2,categorical__purchase_hour_19,-0.09326601497364007
classification,2,categorical__purchase_hour_2,-0.12897554219478172
classification,2,categorical__purchase_hour_20,-0.15420249018533055
classification,2,categorical__purchase_hour_21,-0.10509748752626001
classification,2,categorical__purchase_hour_22,-0.20889254030434382
classification,2,categorical__purchase_hour_23,-0.11395128257499791
classification,2,categorical__purchase_hour_3,-0.49793961390851654
classification,2,categorical__purchase_hour_4,0.3146908818325931
classification,2,categorical__purchase_hour_5,-0.2048126757640338
classification,2,categorical__purchase_hour_6,0.03014698539754401
classification,2,categorical__purchase_hour_7,-0.36230766146830057
classification,2,categorical__purchase_hour_8,-0.23918695457110117
classification,2,categorical__purchase_hour_9,-0.21216798912029639
classification,3,numeric__n_items,0.16674473940520884
classification,3,numeric__has_items,-0.03736702232027042
classification,3,numeric__n_products,0.028424282271241195
classification,3,numeric__n_sellers,0.1734725599745303
classification,3,numeric__n_categories,0.0016337205621652562
classification,3,numeric__total_price,0.05635386428755699
classification,3,numeric__total_freight,0.022370357728586424
classification,3,numeric__freight_ratio,0.012056985618752455
classification,3,numeric__freight_ratio_missing,0.03736702232026786
classification,3,numeric__total_weight_g,-0.01023137678354081
classification,3,numeric__total_volume_cm3,0.037099807074885624
classification,3,numeric__weight_missing_fraction,-0.11113285409938765
classification,3,numeric__volume_missing_fraction,0.09284282546596276
classification,3,numeric__category_missing_fraction,0.053563043860717106
classification,3,numeric__distance_km_max,0.05435979084244473
classification,3,numeric__distance_missing_fraction,0.01075733777824705
classification,3,numeric__interstate_share,0.06628050668310552
classification,3,numeric__payment_installments_max,0.04059552485961831
classification,3,numeric__n_payment_methods,-0.02704180697558171
classification,3,numeric__payment_missing,0.05034702215211279
classification,3,numeric__missingindicator_total_price,0.03736702232026786
classification,3,numeric__missingindicator_total_freight,0.03736702232026786
classification,3,numeric__missingindicator_freight_ratio,0.03736702232026786
classification,3,numeric__missingindicator_total_weight_g,0.016854189007865127
classification,3,numeric__missingindicator_total_volume_cm3,0.05192434961126894
classification,3,numeric__missingindicator_weight_missing_fraction,0.03736702232026786
classification,3,numeric__missingindicator_volume_missing_fraction,0.03736702232026786
classification,3,numeric__missingindicator_category_missing_fraction,0.03736702232026786
classification,3,numeric__missingindicator_distance_km_max,-0.023463626965031827
classification,3,numeric__missingindicator_distance_missing_fraction,0.03736702232026786
classification,3,numeric__missingindicator_interstate_share,0.03736702232026786
classification,3,numeric__missingindicator_payment_installments_max,-0.055269194901010975
classification,3,categorical__customer_state_AL,0.4215244711899912
classification,3,categorical__customer_state_AM,-0.14305555089616936
classification,3,categorical__customer_state_AP,-0.6040278335235303
classification,3,categorical__customer_state_BA,0.14969469269993266
classification,3,categorical__customer_state_CE,0.11503837561587897
classification,3,categorical__customer_state_DF,0.009206182100475795
classification,3,categorical__customer_state_ES,-0.045759269801412185
classification,3,categorical__customer_state_GO,-0.09137411279802174
classification,3,categorical__customer_state_MA,0.24329024535897564
classification,3,categorical__customer_state_MG,-0.1978634853013842
classification,3,categorical__customer_state_MS,-0.10330169875413288
classification,3,categorical__customer_state_MT,-0.2942188718232045
classification,3,categorical__customer_state_PA,0.08997414255221556
classification,3,categorical__customer_state_PB,0.10174564730629079
classification,3,categorical__customer_state_PE,-0.028444404334168484
classification,3,categorical__customer_state_PI,0.1161328704299128
classification,3,categorical__customer_state_PR,-0.28387599916841577
classification,3,categorical__customer_state_RJ,0.38632097951439753
classification,3,categorical__customer_state_RN,-0.2128716578987141
classification,3,categorical__customer_state_RO,-0.025332815096752243
classification,3,categorical__customer_state_RR,0.10967640891230655
classification,3,categorical__customer_state_RS,-0.226782883180961
classification,3,categorical__customer_state_SC,-0.048276614047652794
classification,3,categorical__customer_state_SE,0.3808390325151285
classification,3,categorical__customer_state_SP,-0.11319686364490514
classification,3,categorical__customer_state_TO,-0.2554838214874184
classification,3,categorical__primary_seller_state_AM,0.076991190343292
classification,3,categorical__primary_seller_state_BA,-0.055943416831278535
classification,3,categorical__primary_seller_state_CE,0.013315832799171982
classification,3,categorical__primary_seller_state_DF,0.16435539840335575
classification,3,categorical__primary_seller_state_ES,-0.1108140840377049
classification,3,categorical__primary_seller_state_GO,-0.491932810555466
classification,3,categorical__primary_seller_state_MA,0.5133961768690636
classification,3,categorical__primary_seller_state_MG,-0.12555124282155572
classification,3,categorical__primary_seller_state_MS,-0.05031708699977478
classification,3,categorical__primary_seller_state_MT,-0.7257610523536198
classification,3,categorical__primary_seller_state_PA,-0.15290310543667382
classification,3,categorical__primary_seller_state_PB,0.128939861407336
classification,3,categorical__primary_seller_state_PE,-0.7877852607909427
classification,3,categorical__primary_seller_state_PI,0.2231641348556849
classification,3,categorical__primary_seller_state_PR,-0.09601967376501093
classification,3,categorical__primary_seller_state_RJ,-0.02044568671251799
classification,3,categorical__primary_seller_state_RN,-0.050328965954212795
classification,3,categorical__primary_seller_state_RO,0.2828943263704432
classification,3,categorical__primary_seller_state_RS,-0.43531315487224637
classification,3,categorical__primary_seller_state_SC,-0.03955020188440137
classification,3,categorical__primary_seller_state_SE,0.09364871022754113
classification,3,categorical__primary_seller_state_SP,0.12361202433590779
classification,3,categorical__primary_seller_state_Unknown,-0.0068919530488583845
classification,3,categorical__primary_category_agro_industry_and_commerce,-0.03291817882870849
classification,3,categorical__primary_category_air_conditioning,0.2975114795728522
classification,3,categorical__primary_category_art,0.07918826176677318
classification,3,categorical__primary_category_arts_and_craftmanship,0.08375348169096432
classification,3,categorical__primary_category_audio,0.4452262874148358
classification,3,categorical__primary_category_auto,0.09182858475970913
classification,3,categorical__primary_category_baby,0.13450920928714846
classification,3,categorical__primary_category_bed_bath_table,0.12397372151585477
classification,3,categorical__primary_category_books_general_interest,-0.269998733368726
classification,3,categorical__primary_category_books_imported,-0.31651024278398143
classification,3,categorical__primary_category_books_technical,-0.07797479516403023
classification,3,categorical__primary_category_cds_dvds_musicals,-0.2925331484502026
classification,3,categorical__primary_category_christmas_supplies,-0.1778491653501066
classification,3,categorical__primary_category_cine_photo,-0.030930279346225872
classification,3,categorical__primary_category_computers,-0.5088832857142216
classification,3,categorical__primary_category_computers_accessories,0.20692414844530632
classification,3,categorical__primary_category_consoles_games,0.08701142580509244
classification,3,categorical__primary_category_construction_tools_construction,0.12050823997336768
classification,3,categorical__primary_category_construction_tools_lights,-0.4965927752575921
classification,3,categorical__primary_category_construction_tools_safety,0.4512649363239378
classification,3,categorical__primary_category_cool_stuff,-0.1482117878056363
classification,3,categorical__primary_category_costruction_tools_garden,-0.07143752031890585
classification,3,categorical__primary_category_costruction_tools_tools,-0.3951291366814917
classification,3,categorical__primary_category_diapers_and_hygiene,0.29584963631235295
classification,3,categorical__primary_category_drinks,-0.01985127230020152
classification,3,categorical__primary_category_dvds_blu_ray,0.536227622434394
classification,3,categorical__primary_category_electronics,0.007109207277814943
classification,3,categorical__primary_category_fashio_female_clothing,0.2041417217847704
classification,3,categorical__primary_category_fashion_bags_accessories,-0.19996063040254294
classification,3,categorical__primary_category_fashion_childrens_clothes,0.04654046385978978
classification,3,categorical__primary_category_fashion_male_clothing,1.223409755441353
classification,3,categorical__primary_category_fashion_shoes,-0.28549382370019494
classification,3,categorical__primary_category_fashion_sport,0.030118611230077533
classification,3,categorical__primary_category_fashion_underwear_beach,0.6369661910019963
classification,3,categorical__primary_category_fixed_telephony,0.2770739640149104
classification,3,categorical__primary_category_flowers,-0.255864958944136
classification,3,categorical__primary_category_food,0.04012715103346069
classification,3,categorical__primary_category_food_drink,-1.17825844652551
classification,3,categorical__primary_category_furniture_bedroom,0.5186429265229952
classification,3,categorical__primary_category_furniture_decor,0.0920162798852516
classification,3,categorical__primary_category_furniture_living_room,0.03884378311044118
classification,3,categorical__primary_category_furniture_mattress_and_upholstery,-0.2215770767513185
classification,3,categorical__primary_category_garden_tools,-0.18398262578431124
classification,3,categorical__primary_category_health_beauty,-0.09641533702412801
classification,3,categorical__primary_category_home_appliances,0.014016425312439164
classification,3,categorical__primary_category_home_appliances_2,-0.10391470132674951
classification,3,categorical__primary_category_home_comfort_2,-0.027962972680507434
classification,3,categorical__primary_category_home_confort,0.29536225903861374
classification,3,categorical__primary_category_home_construction,0.10949825089541516
classification,3,categorical__primary_category_housewares,-0.014812997965635618
classification,3,categorical__primary_category_industry_commerce_and_business,-0.2731921657558825
classification,3,categorical__primary_category_kitchen_dining_laundry_garden_furniture,-0.11783918188001244
classification,3,categorical__primary_category_la_cuisine,-0.12769733932503533
classification,3,categorical__primary_category_luggage_accessories,-0.3298124941598239
classification,3,categorical__primary_category_market_place,-0.10687544214512228
classification,3,categorical__primary_category_music,-0.3967985656543251
classification,3,categorical__primary_category_musical_instruments,-0.14841863220162146
classification,3,categorical__primary_category_office_furniture,0.3740273992003982
classification,3,categorical__primary_category_party_supplies,0.5991505590212926
classification,3,categorical__primary_category_perfumery,-0.022812228208766328
classification,3,categorical__primary_category_pet_shop,-0.12661282665482734
classification,3,categorical__primary_category_security_and_services,0.2049584183821705
classification,3,categorical__primary_category_signaling_and_security,-0.34789779939044313
classification,3,categorical__primary_category_small_appliances,0.04291017735174575
classification,3,categorical__primary_category_small_appliances_home_oven_and_coffee,-0.4017534926132901
classification,3,categorical__primary_category_sports_leisure,-0.06449425883805457
classification,3,categorical__primary_category_stationery,-0.261807378523587
classification,3,categorical__primary_category_tablets_printing_image,-0.16305865528507255
classification,3,categorical__primary_category_telephony,0.12143610605639998
classification,3,categorical__primary_category_toys,-0.09757768594122378
classification,3,categorical__primary_category_watches_gifts,0.10102940356654566
classification,3,categorical__primary_payment_type_boleto,-0.32533646569893426
classification,3,categorical__primary_payment_type_credit_card,-0.32835720150032366
classification,3,categorical__primary_payment_type_debit_card,-0.5087414008174884
classification,3,categorical__primary_payment_type_voucher,-0.1577015044278694
classification,3,categorical__purchase_month_10,-0.22081608641662656
classification,3,categorical__purchase_month_11,0.23777515283893472
classification,3,categorical__purchase_month_12,0.15879190431285292
classification,3,categorical__purchase_month_2,0.3090970103995472
classification,3,categorical__purchase_month_3,0.36918695025113046
classification,3,categorical__purchase_month_4,-0.10771445745527866
classification,3,categorical__purchase_month_5,-0.23618875252515417
classification,3,categorical__purchase_month_6,-0.3079821729746664
classification,3,categorical__purchase_month_7,-0.313906586027224
classification,3,categorical__purchase_month_8,-0.3313253973082121
classification,3,categorical__purchase_month_9,-0.2834231894179849
classification,3,categorical__purchase_dayofweek_1,-0.040287779987237454
classification,3,categorical__purchase_dayofweek_2,-0.05444517206728528
classification,3,categorical__purchase_dayofweek_3,-0.038736755249008256
classification,3,categorical__purchase_dayofweek_4,0.04699142231594338
classification,3,categorical__purchase_dayofweek_5,-0.049657084305987885
classification,3,categorical__purchase_dayofweek_6,-0.026186967300755228
classification,3,categorical__purchase_hour_1,-0.0169008308492608
classification,3,categorical__purchase_hour_10,-0.17513104279434757
classification,3,categorical__purchase_hour_11,-0.18849094090102853
classification,3,categorical__purchase_hour_12,-0.0854147201021731
classification,3,categorical__purchase_hour_13,-0.22684926215043644
classification,3,categorical__purchase_hour_14,-0.15416496792414572
classification,3,categorical__purchase_hour_15,-0.13813912144756163
classification,3,categorical__purchase_hour_16,-0.14737790703651693
classification,3,categorical__purchase_hour_17,-0.1977849370037504
classification,3,categorical__purchase_hour_18,-0.05730385766544091
classification,3,categorical__purchase_hour_19,-0.08180606925297941
classification,3,categorical__purchase_hour_2,-0.12654407930085465
classification,3,categorical__purchase_hour_20,-0.12853689575027055
classification,3,categorical__purchase_hour_21,-0.1270733213283008
classification,3,categorical__purchase_hour_22,-0.194831502026132
classification,3,categorical__purchase_hour_23,-0.08839284387893466
classification,3,categorical__purchase_hour_3,-0.52463726173574
classification,3,categorical__purchase_hour_4,0.24511428771387447
classification,3,categorical__purchase_hour_5,-0.2202700465030493
classification,3,categorical__purchase_hour_6,-0.01930830790736648
classification,3,categorical__purchase_hour_7,-0.3450802888214378
classification,3,categorical__purchase_hour_8,-0.25993503905121196
classification,3,categorical__purchase_hour_9,-0.23647386952800614
classification,4,numeric__n_items,0.16464357930803877
classification,4,numeric__has_items,-0.02727471952233317
classification,4,numeric__n_products,0.03791630805449226
classification,4,numeric__n_sellers,0.16155800444185864
classification,4,numeric__n_categories,-0.011916784838457256
classification,4,numeric__total_price,0.04392132459246428
classification,4,numeric__total_freight,0.01894653103673378
classification,4,numeric__freight_ratio,-0.0009259967132281307
classification,4,numeric__freight_ratio_missing,0.027274719522340476
classification,4,numeric__total_weight_g,0.013681952313508187
classification,4,numeric__total_volume_cm3,0.02806355495158595
classification,4,numeric__weight_missing_fraction,-0.11564854073901076
classification,4,numeric__volume_missing_fraction,0.0996474522692975
classification,4,numeric__category_missing_fraction,0.029173977435661712
classification,4,numeric__distance_km_max,0.06964951991321562
classification,4,numeric__distance_missing_fraction,-0.12288443575454136
classification,4,numeric__interstate_share,0.08826230138215176
classification,4,numeric__payment_installments_max,0.0588912824502383
classification,4,numeric__n_payment_methods,-0.016388900373187295
classification,4,numeric__payment_missing,0.09753015062634272
classification,4,numeric__missingindicator_total_price,0.027274719522340476
classification,4,numeric__missingindicator_total_freight,0.027274719522340476
classification,4,numeric__missingindicator_freight_ratio,0.027274719522340476
classification,4,numeric__missingindicator_total_weight_g,0.005601012033746614
classification,4,numeric__missingindicator_total_volume_cm3,0.042974750210146025
classification,4,numeric__missingindicator_weight_missing_fraction,0.027274719522340476
classification,4,numeric__missingindicator_volume_missing_fraction,0.027274719522340476
classification,4,numeric__missingindicator_category_missing_fraction,0.027274719522340476
classification,4,numeric__missingindicator_distance_km_max,0.1400098172630631
classification,4,numeric__missingindicator_distance_missing_fraction,0.027274719522340476
classification,4,numeric__missingindicator_interstate_share,0.027274719522340476
classification,4,numeric__missingindicator_payment_installments_max,-0.04666559888218496
classification,4,categorical__customer_state_AL,0.40313096544539917
classification,4,categorical__customer_state_AM,-0.5094930414315556
classification,4,categorical__customer_state_AP,-0.6251811739016743
classification,4,categorical__customer_state_BA,0.16507450870258697
classification,4,categorical__customer_state_CE,0.03452207894610031
classification,4,categorical__customer_state_DF,-0.04385645264145114
classification,4,categorical__customer_state_ES,0.01910795732663426
classification,4,categorical__customer_state_GO,-0.04988401376654128
classification,4,categorical__customer_state_MA,0.23731953299265454
classification,4,categorical__customer_state_MG,-0.18175341068496478
classification,4,categorical__customer_state_MS,-0.09183589455819845
classification,4,categorical__customer_state_MT,-0.26590910399306955
classification,4,categorical__customer_state_PA,0.13399220900017525
classification,4,categorical__customer_state_PB,0.002243023373485214
classification,4,categorical__customer_state_PE,0.022301960114147614
classification,4,categorical__customer_state_PI,0.19728897798048653
classification,4,categorical__customer_state_PR,-0.22625390937878875
classification,4,categorical__customer_state_RJ,0.40890231357019485
classification,4,categorical__customer_state_RN,-0.27170326686894297
classification,4,categorical__customer_state_RO,-0.16693194336459435
classification,4,categorical__customer_state_RR,-0.049120054277557876
classification,4,categorical__customer_state_RS,-0.2141392973342928
classification,4,categorical__customer_state_SC,-0.03172798784525154
classification,4,categorical__customer_state_SE,0.3805329558126532
classification,4,categorical__customer_state_SP,-0.06001195713740532
classification,4,categorical__customer_state_TO,-0.24617912857775473
classification,4,categorical__primary_seller_state_AM,0.06117136590634176
classification,4,categorical__primary_seller_state_BA,-0.12092212313618386
classification,4,categorical__primary_seller_state_CE,-0.05737898187511079
classification,4,categorical__primary_seller_state_DF,0.27991591016781636
classification,4,categorical__primary_seller_state_ES,0.20921481336464356
classification,4,categorical__primary_seller_state_GO,-0.5025204669881094
classification,4,categorical__primary_seller_state_MA,0.5515589452401098
classification,4,categorical__primary_seller_state_MG,-0.11450656667634883
classification,4,categorical__primary_seller_state_MS,-0.3042065593684024
classification,4,categorical__primary_seller_state_MT,-0.7495366600761609
classification,4,categorical__primary_seller_state_PA,-0.12724332780501701
classification,4,categorical__primary_seller_state_PB,0.05870038572784261
classification,4,categorical__primary_seller_state_PE,-0.5677874619131652
classification,4,categorical__primary_seller_state_PI,-0.015459491393227108
classification,4,categorical__primary_seller_state_PR,-0.053105829419887327
classification,4,categorical__primary_seller_state_RJ,0.028408006253981242
classification,4,categorical__primary_seller_state_RN,0.14041076441774067
classification,4,categorical__primary_seller_state_RO,0.03304050282591514
classification,4,categorical__primary_seller_state_RS,-0.4484603826986901
classification,4,categorical__primary_seller_state_SC,-0.0030826983752321527
classification,4,categorical__primary_seller_state_SE,0.049361850653392665
classification,4,categorical__primary_seller_state_SP,0.17666483944681977
classification,4,categorical__primary_seller_state_Unknown,-0.007708713324317218
classification,4,categorical__primary_category_agro_industry_and_commerce,0.09000881474288262
classification,4,categorical__primary_category_air_conditioning,0.10568429622121084
classification,4,categorical__primary_category_art,0.39922398127736247
classification,4,categorical__primary_category_arts_and_craftmanship,-0.1573676014211412
classification,4,categorical__primary_category_audio,0.2624765709691656
classification,4,categorical__primary_category_auto,0.03518170181808848
classification,4,categorical__primary_category_baby,0.049667577754602586
classification,4,categorical__primary_category_bed_bath_table,0.06141102643782916
classification,4,categorical__primary_category_books_general_interest,-0.5393665358503001
classification,4,categorical__primary_category_books_imported,0.4064912732134464
classification,4,categorical__primary_category_books_technical,-0.13106018133599062
classification,4,categorical__primary_category_cds_dvds_musicals,-0.18323197032178667
classification,4,categorical__primary_category_christmas_supplies,-0.0704553836093116
classification,4,categorical__primary_category_cine_photo,0.11616504393251552
classification,4,categorical__primary_category_computers,0.03143554448870124
classification,4,categorical__primary_category_computers_accessories,0.17156836639890963
classification,4,categorical__primary_category_consoles_games,0.13153946274168327
classification,4,categorical__primary_category_construction_tools_construction,0.21656249953060888
classification,4,categorical__primary_category_construction_tools_lights,-0.3266550629223438
classification,4,categorical__primary_category_construction_tools_safety,0.7047242138417169
classification,4,categorical__primary_category_cool_stuff,-0.2030598431627321
classification,4,categorical__primary_category_costruction_tools_garden,-0.4742451948534993
classification,4,categorical__primary_category_costruction_tools_tools,-0.241788706809447
classification,4,categorical__primary_category_diapers_and_hygiene,0.22135801039996442
classification,4,categorical__primary_category_drinks,-0.1164245463379493
classification,4,categorical__primary_category_dvds_blu_ray,0.5931892476580024
classification,4,categorical__primary_category_electronics,-0.045477054190782
classification,4,categorical__primary_category_fashio_female_clothing,0.11213666808677146
classification,4,categorical__primary_category_fashion_bags_accessories,-0.215570775385338
classification,4,categorical__primary_category_fashion_childrens_clothes,0.03912378542138835
classification,4,categorical__primary_category_fashion_male_clothing,1.1265314944216644
classification,4,categorical__primary_category_fashion_shoes,-0.21263423419580538
classification,4,categorical__primary_category_fashion_sport,0.10606744825244534
classification,4,categorical__primary_category_fashion_underwear_beach,0.5293361246088992
classification,4,categorical__primary_category_fixed_telephony,0.5046386987546378
classification,4,categorical__primary_category_flowers,-0.2054647767898798
classification,4,categorical__primary_category_food,-0.18475569250757443
classification,4,categorical__primary_category_food_drink,-0.7993905918245892
classification,4,categorical__primary_category_furniture_bedroom,0.540519060677219
classification,4,categorical__primary_category_furniture_decor,0.0181176016992489
classification,4,categorical__primary_category_furniture_living_room,0.018056728698600342
classification,4,categorical__primary_category_furniture_mattress_and_upholstery,0.33038619846042655
classification,4,categorical__primary_category_garden_tools,-0.22243009961481924
classification,4,categorical__primary_category_health_beauty,-0.14327389103381832
classification,4,categorical__primary_category_home_appliances,-0.08282416063831348
classification,4,categorical__primary_category_home_appliances_2,-0.37475020694129046
classification,4,categorical__primary_category_home_comfort_2,0.14917166788886127
classification,4,categorical__primary_category_home_confort,-0.0131495793987469
classification,4,categorical__primary_category_home_construction,0.15926688549385823
classification,4,categorical__primary_category_housewares,-0.11090190289165086
classification,4,categorical__primary_category_industry_commerce_and_business,-0.6537354418876018
classification,4,categorical__primary_category_kitchen_dining_laundry_garden_furniture,-0.0929285023401638
classification,4,categorical__primary_category_la_cuisine,-0.10192168715983341
classification,4,categorical__primary_category_luggage_accessories,-0.48675996337831917
classification,4,categorical__primary_category_market_place,-0.10020959407114699
classification,4,categorical__primary_category_music,-0.35132409432568734
classification,4,categorical__primary_category_musical_instruments,-0.15752529277464797
classification,4,categorical__primary_category_office_furniture,0.24317829483594297
classification,4,categorical__primary_category_party_supplies,0.28572182251709544
classification,4,categorical__primary_category_perfumery,-0.10997859588996475
classification,4,categorical__primary_category_pet_shop,-0.27369597975486143
classification,4,categorical__primary_category_security_and_services,-0.030691925454778005
classification,4,categorical__primary_category_signaling_and_security,-0.1771223502284272
classification,4,categorical__primary_category_small_appliances,-0.04617893695892242
classification,4,categorical__primary_category_small_appliances_home_oven_and_coffee,-0.33675282729606676
classification,4,categorical__primary_category_sports_leisure,-0.13935026569533823
classification,4,categorical__primary_category_stationery,-0.3370424095204168
classification,4,categorical__primary_category_tablets_printing_image,-0.07526187434815791
classification,4,categorical__primary_category_telephony,0.10336799332307324
classification,4,categorical__primary_category_toys,-0.15429520921446485
classification,4,categorical__primary_category_watches_gifts,0.01691460794800274
classification,4,categorical__primary_payment_type_boleto,-0.3635934809775062
classification,4,categorical__primary_payment_type_credit_card,-0.391887271765509
classification,4,categorical__primary_payment_type_debit_card,-0.36799002665778946
classification,4,categorical__primary_payment_type_voucher,-0.17429482303562074
classification,4,categorical__purchase_month_10,-0.1881010612033341
classification,4,categorical__purchase_month_11,0.25349218478943336
classification,4,categorical__purchase_month_12,0.1400019290759992
classification,4,categorical__purchase_month_2,0.3581712145599298
classification,4,categorical__purchase_month_3,0.40843702625410766
classification,4,categorical__purchase_month_4,-0.07126685034368388
classification,4,categorical__purchase_month_5,-0.232464606631073
classification,4,categorical__purchase_month_6,-0.2949379485009837
classification,4,categorical__purchase_month_7,-0.30978041227812975
classification,4,categorical__purchase_month_8,-0.3011818465614988
classification,4,categorical__purchase_month_9,-0.2422180501770611
classification,4,categorical__purchase_dayofweek_1,-0.02833946667364701
classification,4,categorical__purchase_dayofweek_2,-0.08523481185653925
classification,4,categorical__purchase_dayofweek_3,-0.053625485068335484
classification,4,categorical__purchase_dayofweek_4,0.049143382441576476
classification,4,categorical__purchase_dayofweek_5,-0.049513781402477475
classification,4,categorical__purchase_dayofweek_6,-0.003124243394913799
classification,4,categorical__purchase_hour_1,0.050913887001094754
classification,4,categorical__purchase_hour_10,-0.20847126284101375
classification,4,categorical__purchase_hour_11,-0.16098286564317138
classification,4,categorical__purchase_hour_12,-0.11548201973201025
classification,4,categorical__purchase_hour_13,-0.19579417495458643
classification,4,categorical__purchase_hour_14,-0.15812266595435
classification,4,categorical__purchase_hour_15,-0.1852757682873809
classification,4,categorical__purchase_hour_16,-0.17721810026648877
classification,4,categorical__purchase_hour_17,-0.17756411516204285
classification,4,categorical__purchase_hour_18,-0.07259184447776088
classification,4,categorical__purchase_hour_19,-0.09345054954487578
classification,4,categorical__purchase_hour_2,-0.1305056780165893
classification,4,categorical__purchase_hour_20,-0.17894861980456442
classification,4,categorical__purchase_hour_21,-0.1045935282451181
classification,4,categorical__purchase_hour_22,-0.2726288530203738
classification,4,categorical__purchase_hour_23,-0.07831132023004812
classification,4,categorical__purchase_hour_3,-0.7302427753783992
classification,4,categorical__purchase_hour_4,0.3035665093633264
classification,4,categorical__purchase_hour_5,-0.21263236161995097
classification,4,categorical__purchase_hour_6,0.06984642960084639
classification,4,categorical__purchase_hour_7,-0.3113974797442096
classification,4,categorical__purchase_hour_8,-0.2579834044739829
classification,4,categorical__purchase_hour_9,-0.21722114990725305
